{
  "id" : "793d3c3c-162b-474d-b9b0-9aaa1c5c276f",
  "name" : "Add Contact",
  "component_id" : "f9e692b6-2d3f-4aa8-be08-38ccc97babd0",
  "endpoint_id" : "a9d00d89-58ae-4ce4-b267-8d5b02489e64",
  "action_id" : "b714c222-b5fc-4bd1-b6c0-349d56edacf7",
  "structure_json" : {
    "type" : "jsonb",
    "value" : "{\"batch\": false, \"count\": null, \"joins\": [], \"limit\": null, \"nulls\": \"\", \"where\": {\"predicates\": []}, \"action\": \"Insert\", \"entity\": \"{\\\"name\\\":\\\"Contact\\\",\\\"label\\\":\\\"Contact\\\",\\\"hasChildren\\\":false,\\\"mainEntity\\\":false,\\\"displayName\\\":\\\"Objects\\\"}\", \"fields\": [{\"name\": \"LastName\", \"path\": \"LastName\", \"type\": \"string\", \"label\": \"LastName\", \"checked\": true, \"readonly\": false, \"required\": false, \"soap_type\": \"string\", \"columnIndex\": 0, \"hasChildren\": false, \"indeterminate\": false, \"inputCategory\": false, \"dataElementPath\": \"LastName\", \"picklist_values\": []}, {\"name\": \"FirstName\", \"path\": \"FirstName\", \"type\": \"string\", \"label\": \"FirstName\", \"checked\": true, \"readonly\": false, \"required\": false, \"soap_type\": \"string\", \"columnIndex\": 0, \"hasChildren\": false, \"indeterminate\": false, \"inputCategory\": false, \"dataElementPath\": \"FirstName\", \"picklist_values\": []}, {\"name\": \"MailingStreet\", \"path\": \"MailingStreet\", \"type\": \"string\", \"label\": \"MailingStreet\", \"checked\": true, \"readonly\": false, \"required\": false, \"soap_type\": \"string\", \"columnIndex\": 0, \"hasChildren\": false, \"indeterminate\": false, \"inputCategory\": false, \"dataElementPath\": \"MailingStreet\", \"picklist_values\": []}, {\"name\": \"MailingCity\", \"path\": \"MailingCity\", \"type\": \"string\", \"label\": \"MailingCity\", \"checked\": true, \"readonly\": false, \"required\": false, \"soap_type\": \"string\", \"columnIndex\": 0, \"hasChildren\": false, \"indeterminate\": false, \"inputCategory\": false, \"dataElementPath\": \"MailingCity\", \"picklist_values\": []}, {\"name\": \"MailingState\", \"path\": \"MailingState\", \"type\": \"string\", \"label\": \"MailingState\", \"checked\": true, \"readonly\": false, \"required\": false, \"soap_type\": \"string\", \"columnIndex\": 0, \"hasChildren\": false, \"indeterminate\": false, \"inputCategory\": false, \"dataElementPath\": \"MailingState\", \"picklist_values\": []}, {\"name\": \"MailingPostalCode\", \"path\": \"MailingPostalCode\", \"type\": \"string\", \"label\": \"MailingPostalCode\", \"checked\": true, \"readonly\": false, \"required\": false, \"soap_type\": \"string\", \"columnIndex\": 0, \"hasChildren\": false, \"indeterminate\": false, \"inputCategory\": false, \"dataElementPath\": \"MailingPostalCode\", \"picklist_values\": []}, {\"name\": \"Email\", \"path\": \"Email\", \"type\": \"string\", \"label\": \"Email\", \"checked\": true, \"readonly\": false, \"required\": false, \"soap_type\": \"string\", \"columnIndex\": 0, \"hasChildren\": false, \"indeterminate\": false, \"inputCategory\": false, \"dataElementPath\": \"Email\", \"picklist_values\": []}], \"uiConfig\": {\"keys\": [\"LastName\", \"FirstName\", \"MailingStreet\", \"MailingCity\", \"MailingState\", \"MailingPostalCode\", \"Email\"], \"limit\": false, \"where\": false, \"orderBy\": false, \"skippable\": false, \"supportJoin\": false, \"disableFields\": false, \"metadataKeyName\": \"fields\", \"selectedTableList\": [], \"batchConfiguration\": {\"skippable\": false, \"maxBatchSize\": 200, \"batchSupported\": true}, \"includeReferenceFields\": false, \"supportsExternalFields\": false, \"supportsReferenceFields\": true}, \"allOrNone\": false, \"inputFields\": {}, \"externalFields\": [], \"referenceFields\": []}",
    "null" : false
  },
  "config_json" : {
    "type" : "jsonb",
    "value" : "{\"batch\": false, \"count\": null, \"joins\": [], \"limit\": null, \"nulls\": \"\", \"where\": {\"predicates\": []}, \"action\": \"Insert\", \"entity\": \"{\\\"name\\\":\\\"Contact\\\",\\\"label\\\":\\\"Contact\\\",\\\"hasChildren\\\":false,\\\"mainEntity\\\":false,\\\"displayName\\\":\\\"Objects\\\"}\", \"fields\": [{\"name\": \"LastName\", \"path\": \"LastName\", \"type\": \"string\", \"label\": \"LastName\", \"checked\": true, \"readonly\": false, \"required\": false, \"soap_type\": \"string\", \"columnIndex\": 0, \"hasChildren\": false, \"indeterminate\": false, \"inputCategory\": false, \"dataElementPath\": \"LastName\", \"picklist_values\": []}, {\"name\": \"FirstName\", \"path\": \"FirstName\", \"type\": \"string\", \"label\": \"FirstName\", \"checked\": true, \"readonly\": false, \"required\": false, \"soap_type\": \"string\", \"columnIndex\": 0, \"hasChildren\": false, \"indeterminate\": false, \"inputCategory\": false, \"dataElementPath\": \"FirstName\", \"picklist_values\": []}, {\"name\": \"MailingStreet\", \"path\": \"MailingStreet\", \"type\": \"string\", \"label\": \"MailingStreet\", \"checked\": true, \"readonly\": false, \"required\": false, \"soap_type\": \"string\", \"columnIndex\": 0, \"hasChildren\": false, \"indeterminate\": false, \"inputCategory\": false, \"dataElementPath\": \"MailingStreet\", \"picklist_values\": []}, {\"name\": \"MailingCity\", \"path\": \"MailingCity\", \"type\": \"string\", \"label\": \"MailingCity\", \"checked\": true, \"readonly\": false, \"required\": false, \"soap_type\": \"string\", \"columnIndex\": 0, \"hasChildren\": false, \"indeterminate\": false, \"inputCategory\": false, \"dataElementPath\": \"MailingCity\", \"picklist_values\": []}, {\"name\": \"MailingState\", \"path\": \"MailingState\", \"type\": \"string\", \"label\": \"MailingState\", \"checked\": true, \"readonly\": false, \"required\": false, \"soap_type\": \"string\", \"columnIndex\": 0, \"hasChildren\": false, \"indeterminate\": false, \"inputCategory\": false, \"dataElementPath\": \"MailingState\", \"picklist_values\": []}, {\"name\": \"MailingPostalCode\", \"path\": \"MailingPostalCode\", \"type\": \"string\", \"label\": \"MailingPostalCode\", \"checked\": true, \"readonly\": false, \"required\": false, \"soap_type\": \"string\", \"columnIndex\": 0, \"hasChildren\": false, \"indeterminate\": false, \"inputCategory\": false, \"dataElementPath\": \"MailingPostalCode\", \"picklist_values\": []}, {\"name\": \"Email\", \"path\": \"Email\", \"type\": \"string\", \"label\": \"Email\", \"checked\": true, \"readonly\": false, \"required\": false, \"soap_type\": \"string\", \"columnIndex\": 0, \"hasChildren\": false, \"indeterminate\": false, \"inputCategory\": false, \"dataElementPath\": \"Email\", \"picklist_values\": []}], \"uiConfig\": {\"keys\": [\"LastName\", \"FirstName\", \"MailingStreet\", \"MailingCity\", \"MailingState\", \"MailingPostalCode\", \"Email\"], \"limit\": false, \"where\": false, \"orderBy\": false, \"skippable\": false, \"supportJoin\": false, \"disableFields\": false, \"metadataKeyName\": \"fields\", \"selectedTableList\": [], \"batchConfiguration\": {\"skippable\": false, \"maxBatchSize\": 200, \"batchSupported\": true}, \"includeReferenceFields\": false, \"supportsExternalFields\": false, \"supportsReferenceFields\": true}, \"allOrNone\": false, \"inputFields\": {}, \"externalFields\": [], \"referenceFields\": []}",
    "null" : false
  },
  "display_query" : "",
  "input_structure" : {
    "type" : "jsonb",
    "value" : "[{\"key\": \"/Add ContactInput\", \"type\": \"object\", \"order\": 1.0, \"title\": \"Add ContactInput\", \"children\": [{\"key\": \"/Add ContactInput/insert\", \"type\": \"object\", \"order\": 2.0, \"title\": \"insert\", \"children\": [{\"key\": \"/Add ContactInput/insert/LastName\", \"type\": \"string\", \"order\": 3.0, \"title\": \"LastName\", \"hasChildren\": false, \"dataElementType\": \"string\"}, {\"key\": \"/Add ContactInput/insert/FirstName\", \"type\": \"string\", \"order\": 4.0, \"title\": \"FirstName\", \"hasChildren\": false, \"dataElementType\": \"string\"}, {\"key\": \"/Add ContactInput/insert/MailingStreet\", \"type\": \"string\", \"order\": 5.0, \"title\": \"MailingStreet\", \"hasChildren\": false, \"dataElementType\": \"string\"}, {\"key\": \"/Add ContactInput/insert/MailingCity\", \"type\": \"string\", \"order\": 6.0, \"title\": \"MailingCity\", \"hasChildren\": false, \"dataElementType\": \"string\"}, {\"key\": \"/Add ContactInput/insert/MailingState\", \"type\": \"string\", \"order\": 7.0, \"title\": \"MailingState\", \"hasChildren\": false, \"dataElementType\": \"string\"}, {\"key\": \"/Add ContactInput/insert/MailingPostalCode\", \"type\": \"string\", \"order\": 8.0, \"title\": \"MailingPostalCode\", \"hasChildren\": false, \"dataElementType\": \"string\"}, {\"key\": \"/Add ContactInput/insert/Email\", \"type\": \"string\", \"order\": 9.0, \"title\": \"Email\", \"hasChildren\": false, \"dataElementType\": \"string\"}], \"hasChildren\": false, \"dataElementType\": \"document\"}], \"hasChildren\": false, \"dataElementType\": \"document\"}]",
    "null" : false
  },
  "output_structure" : {
    "type" : "jsonb",
    "value" : "[{\"key\": \"/Add ContactOutput\", \"type\": \"object\", \"order\": 1.0, \"title\": \"Add ContactOutput\", \"children\": [{\"key\": \"/Add ContactOutput/success\", \"type\": \"boolean\", \"order\": 2.0, \"title\": \"success\", \"hasChildren\": false, \"dataElementType\": \"boolean\"}, {\"key\": \"/Add ContactOutput/statusCode\", \"type\": \"integer\", \"order\": 3.0, \"title\": \"statusCode\", \"hasChildren\": false, \"dataElementType\": \"integer\"}, {\"key\": \"/Add ContactOutput/response\", \"type\": \"object\", \"order\": 4.0, \"title\": \"response\", \"children\": [{\"key\": \"/Add ContactOutput/response/id\", \"type\": \"string\", \"order\": 5.0, \"title\": \"id\", \"hasChildren\": false, \"dataElementType\": \"string\"}], \"hasChildren\": false, \"dataElementType\": \"document\"}, {\"key\": \"/Add ContactOutput/errors[]\", \"type\": \"array\", \"order\": 6.0, \"title\": \"errors\", \"children\": [{\"key\": \"/Add ContactOutput/errors[]/fields[]\", \"type\": \"stringArray\", \"order\": 7.0, \"title\": \"fields\", \"hasChildren\": false, \"dataElementType\": \"stringArray\"}, {\"key\": \"/Add ContactOutput/errors[]/message\", \"type\": \"string\", \"order\": 8.0, \"title\": \"message\", \"hasChildren\": false, \"dataElementType\": \"string\"}, {\"key\": \"/Add ContactOutput/errors[]/errorCode\", \"type\": \"string\", \"order\": 9.0, \"title\": \"errorCode\", \"hasChildren\": false, \"dataElementType\": \"string\"}], \"hasChildren\": false, \"dataElementType\": \"documentArray\"}, {\"key\": \"/Add ContactOutput/responseHeaders\", \"type\": \"object\", \"order\": 10.0, \"title\": \"responseHeaders\", \"children\": [], \"hasChildren\": false, \"dataElementType\": \"document\"}], \"hasChildren\": false, \"dataElementType\": \"document\"}]",
    "null" : false
  },
  "description" : "Add new Contact",
  "comments" : "",
  "db_query" : "",
  "tag" : "EMPTY",
  "active" : true,
  "is_changed" : false,
  "endpoint_tag" : "EMPTY",
  "endpoint_project_id" : "5fb86ce7-81de-404e-8114-39e7995ed487",
  "endpoint_project_tag" : "EMPTY",
  "comment" : null,
  "input_data_object_id" : null,
  "input_data_object_tag" : "EMPTY",
  "input_data_object_project_id" : null,
  "input_data_object_project_tag" : "EMPTY",
  "output_data_object_id" : null,
  "output_data_object_tag" : "EMPTY",
  "output_data_object_project_id" : null,
  "output_data_object_project_tag" : "EMPTY",
  "base_tag" : "V2",
  "endpoint_project_mode_id" : "112c1cb8-4b9e-4d1a-a042-0bd031dc7d05",
  "input_data_object_project_mode_id" : "112c1cb8-4b9e-4d1a-a042-0bd031dc7d05",
  "output_data_object_project_mode_id" : "112c1cb8-4b9e-4d1a-a042-0bd031dc7d05",
  "test_input" : {
    "type" : "jsonb",
    "value" : "{}",
    "null" : false
  },
  "test_input_structure" : {
    "type" : "jsonb",
    "value" : "[{\"key\": \"/Add ContactInput\", \"type\": \"object\", \"order\": 1.0, \"title\": \"Add ContactInput\", \"children\": [{\"key\": \"/Add ContactInput/insert\", \"type\": \"object\", \"order\": 2.0, \"title\": \"insert\", \"children\": [{\"key\": \"/Add ContactInput/insert/LastName\", \"type\": \"string\", \"order\": 3.0, \"title\": \"LastName\", \"hasChildren\": false, \"dataElementType\": \"string\"}, {\"key\": \"/Add ContactInput/insert/FirstName\", \"type\": \"string\", \"order\": 4.0, \"title\": \"FirstName\", \"hasChildren\": false, \"dataElementType\": \"string\"}, {\"key\": \"/Add ContactInput/insert/MailingStreet\", \"type\": \"string\", \"order\": 5.0, \"title\": \"MailingStreet\", \"hasChildren\": false, \"dataElementType\": \"string\"}, {\"key\": \"/Add ContactInput/insert/MailingCity\", \"type\": \"string\", \"order\": 6.0, \"title\": \"MailingCity\", \"hasChildren\": false, \"dataElementType\": \"string\"}, {\"key\": \"/Add ContactInput/insert/MailingState\", \"type\": \"string\", \"order\": 7.0, \"title\": \"MailingState\", \"hasChildren\": false, \"dataElementType\": \"string\"}, {\"key\": \"/Add ContactInput/insert/MailingPostalCode\", \"type\": \"string\", \"order\": 8.0, \"title\": \"MailingPostalCode\", \"hasChildren\": false, \"dataElementType\": \"string\"}, {\"key\": \"/Add ContactInput/insert/Email\", \"type\": \"string\", \"order\": 9.0, \"title\": \"Email\", \"hasChildren\": false, \"dataElementType\": \"string\"}], \"hasChildren\": false, \"dataElementType\": \"document\"}], \"hasChildren\": false, \"dataElementType\": \"document\"}]",
    "null" : false
  }
}