{
  "id" : "3cb8ff5b-ec8c-4ce6-9473-48676cdeca05",
  "name" : "Mavericks SFDC Get Contact by ID",
  "component_id" : "f9e692b6-2d3f-4aa8-be08-38ccc97babd0",
  "endpoint_id" : "a9d00d89-58ae-4ce4-b267-8d5b02489e64",
  "action_id" : "33fcf5be-a5ef-444a-af71-5cb5d0eaec92",
  "structure_json" : {
    "type" : "jsonb",
    "value" : "{\"batch\": false, \"count\": null, \"joins\": [], \"limit\": null, \"nulls\": \"\", \"where\": {\"predicates\": [{\"id\": \"8d63800d-02d9-4b94-ae42-a03b7d620b66\", \"path\": \"Id\", \"field\": \"Id\", \"value\": \":Id\", \"isGroup\": false, \"children\": null, \"operator\": \"=\", \"operation\": null, \"soap_type\": \"ID\", \"dataElementPath\": \"Id\", \"dataElementType\": \"string\"}]}, \"action\": \"Query\", \"entity\": \"{\\\"name\\\":\\\"Contact\\\",\\\"label\\\":\\\"Contact\\\",\\\"hasChildren\\\":false,\\\"mainEntity\\\":false,\\\"displayName\\\":\\\"Objects\\\"}\", \"uiConfig\": {\"keys\": [\"Id\", \"LastName\", \"FirstName\", \"Email\"], \"limit\": true, \"where\": true, \"orderBy\": true, \"inputKeys\": [], \"operators\": {\"where\": [\"=\", \"!=\", \">\", \"<\", \">=\", \"<=\", \"IS NOT NULL\", \"IS NULL\", \"BETWEEN\", \"IN\", \"NOT IN\", \"LIKE\"]}, \"skippable\": false, \"supportJoin\": false, \"disableFields\": false, \"metadataKeyName\": \"projections\", \"selectedTableList\": [], \"batchConfiguration\": {\"skippable\": false, \"maxBatchSize\": 0, \"batchSupported\": false}, \"includeReferenceFields\": true, \"supportsExternalFields\": false, \"supportsReferenceFields\": false}, \"allOrNone\": false, \"inputKeys\": [], \"inputFields\": {}, \"projections\": [{\"name\": \"Id\", \"path\": \"Id\", \"type\": \"string\", \"label\": \"Id\", \"checked\": true, \"readonly\": false, \"required\": false, \"soap_type\": \"ID\", \"columnIndex\": 0, \"hasChildren\": false, \"indeterminate\": false, \"inputCategory\": false, \"dataElementPath\": \"Id\", \"picklist_values\": []}, {\"name\": \"LastName\", \"path\": \"LastName\", \"type\": \"string\", \"label\": \"LastName\", \"checked\": true, \"readonly\": false, \"required\": false, \"soap_type\": \"string\", \"columnIndex\": 0, \"hasChildren\": false, \"indeterminate\": false, \"inputCategory\": false, \"dataElementPath\": \"LastName\", \"picklist_values\": []}, {\"name\": \"FirstName\", \"path\": \"FirstName\", \"type\": \"string\", \"label\": \"FirstName\", \"checked\": true, \"readonly\": false, \"required\": false, \"soap_type\": \"string\", \"columnIndex\": 0, \"hasChildren\": false, \"indeterminate\": false, \"inputCategory\": false, \"dataElementPath\": \"FirstName\", \"picklist_values\": []}, {\"name\": \"Email\", \"path\": \"Email\", \"type\": \"string\", \"label\": \"Email\", \"checked\": true, \"readonly\": false, \"required\": false, \"soap_type\": \"string\", \"columnIndex\": 0, \"hasChildren\": false, \"indeterminate\": false, \"inputCategory\": false, \"dataElementPath\": \"Email\", \"picklist_values\": []}], \"externalFields\": [], \"referenceFields\": []}",
    "null" : false
  },
  "config_json" : {
    "type" : "jsonb",
    "value" : "{\"batch\": false, \"count\": null, \"joins\": [], \"limit\": null, \"nulls\": \"\", \"where\": {\"predicates\": [{\"id\": \"8d63800d-02d9-4b94-ae42-a03b7d620b66\", \"path\": \"Id\", \"field\": \"Id\", \"value\": \":Id\", \"isGroup\": false, \"children\": null, \"operator\": \"=\", \"operation\": null, \"soap_type\": \"ID\", \"dataElementPath\": \"Id\", \"dataElementType\": \"string\"}]}, \"action\": \"Query\", \"entity\": \"{\\\"name\\\":\\\"Contact\\\",\\\"label\\\":\\\"Contact\\\",\\\"hasChildren\\\":false,\\\"mainEntity\\\":false,\\\"displayName\\\":\\\"Objects\\\"}\", \"uiConfig\": {\"keys\": [\"Id\", \"LastName\", \"FirstName\", \"Email\"], \"limit\": true, \"where\": true, \"orderBy\": true, \"inputKeys\": [], \"operators\": {\"where\": [\"=\", \"!=\", \">\", \"<\", \">=\", \"<=\", \"IS NOT NULL\", \"IS NULL\", \"BETWEEN\", \"IN\", \"NOT IN\", \"LIKE\"]}, \"skippable\": false, \"supportJoin\": false, \"disableFields\": false, \"metadataKeyName\": \"projections\", \"selectedTableList\": [], \"batchConfiguration\": {\"skippable\": false, \"maxBatchSize\": 0, \"batchSupported\": false}, \"includeReferenceFields\": true, \"supportsExternalFields\": false, \"supportsReferenceFields\": false}, \"allOrNone\": false, \"inputKeys\": [], \"inputFields\": {}, \"projections\": [{\"name\": \"Id\", \"path\": \"Id\", \"type\": \"string\", \"label\": \"Id\", \"checked\": true, \"readonly\": false, \"required\": false, \"soap_type\": \"ID\", \"columnIndex\": 0, \"hasChildren\": false, \"indeterminate\": false, \"inputCategory\": false, \"dataElementPath\": \"Id\", \"picklist_values\": []}, {\"name\": \"LastName\", \"path\": \"LastName\", \"type\": \"string\", \"label\": \"LastName\", \"checked\": true, \"readonly\": false, \"required\": false, \"soap_type\": \"string\", \"columnIndex\": 0, \"hasChildren\": false, \"indeterminate\": false, \"inputCategory\": false, \"dataElementPath\": \"LastName\", \"picklist_values\": []}, {\"name\": \"FirstName\", \"path\": \"FirstName\", \"type\": \"string\", \"label\": \"FirstName\", \"checked\": true, \"readonly\": false, \"required\": false, \"soap_type\": \"string\", \"columnIndex\": 0, \"hasChildren\": false, \"indeterminate\": false, \"inputCategory\": false, \"dataElementPath\": \"FirstName\", \"picklist_values\": []}, {\"name\": \"Email\", \"path\": \"Email\", \"type\": \"string\", \"label\": \"Email\", \"checked\": true, \"readonly\": false, \"required\": false, \"soap_type\": \"string\", \"columnIndex\": 0, \"hasChildren\": false, \"indeterminate\": false, \"inputCategory\": false, \"dataElementPath\": \"Email\", \"picklist_values\": []}], \"externalFields\": [], \"referenceFields\": []}",
    "null" : false
  },
  "display_query" : "SELECT Id , LastName , FirstName , Email FROM Contact WHERE Id = :where_Id ",
  "input_structure" : {
    "type" : "jsonb",
    "value" : "[{\"key\": \"/Mavericks SFDC Get Contact by IDInput\", \"type\": \"object\", \"order\": 1.0, \"title\": \"Mavericks SFDC Get Contact by IDInput\", \"children\": [{\"key\": \"/Mavericks SFDC Get Contact by IDInput/where\", \"type\": \"object\", \"order\": 2.0, \"title\": \"where\", \"value\": {\"type\": \"object\"}, \"children\": [{\"key\": \"/Mavericks SFDC Get Contact by IDInput/where/where_Id\", \"type\": \"string\", \"order\": 3.0, \"title\": \"Id\", \"value\": {\"type\": \"string\"}, \"hasChildren\": false, \"dataElementType\": \"string\"}], \"hasChildren\": false, \"dataElementType\": \"document\"}], \"hasChildren\": false, \"dataElementType\": \"document\"}]",
    "null" : false
  },
  "output_structure" : {
    "type" : "jsonb",
    "value" : "[{\"key\": \"/Mavericks SFDC Get Contact by IDOutput\", \"type\": \"object\", \"order\": 1.0, \"title\": \"Mavericks SFDC Get Contact by IDOutput\", \"children\": [{\"key\": \"/Mavericks SFDC Get Contact by IDOutput/success\", \"type\": \"boolean\", \"order\": 2.0, \"title\": \"success\", \"hasChildren\": false, \"dataElementType\": \"boolean\"}, {\"key\": \"/Mavericks SFDC Get Contact by IDOutput/statusCode\", \"type\": \"integer\", \"order\": 3.0, \"title\": \"statusCode\", \"hasChildren\": false, \"dataElementType\": \"integer\"}, {\"key\": \"/Mavericks SFDC Get Contact by IDOutput/response\", \"type\": \"object\", \"order\": 4.0, \"title\": \"response\", \"value\": {\"type\": \"object\"}, \"children\": [{\"key\": \"/Mavericks SFDC Get Contact by IDOutput/response/done\", \"type\": \"boolean\", \"order\": 5.0, \"title\": \"done\", \"value\": {\"type\": \"boolean\"}, \"hasChildren\": false, \"dataElementType\": \"boolean\"}, {\"key\": \"/Mavericks SFDC Get Contact by IDOutput/response/totalSize\", \"type\": \"number\", \"order\": 6.0, \"title\": \"totalSize\", \"value\": {\"type\": \"number\"}, \"hasChildren\": false, \"dataElementType\": \"number\"}, {\"key\": \"/Mavericks SFDC Get Contact by IDOutput/response/nextRecordsUrl\", \"type\": \"string\", \"order\": 7.0, \"title\": \"nextRecordsUrl\", \"value\": {\"type\": \"string\"}, \"hasChildren\": false, \"dataElementType\": \"string\"}, {\"key\": \"/Mavericks SFDC Get Contact by IDOutput/response/records[]\", \"type\": \"array\", \"order\": 8.0, \"title\": \"records\", \"value\": {\"type\": \"array\"}, \"children\": [{\"key\": \"/Mavericks SFDC Get Contact by IDOutput/response/records[]/Id\", \"type\": \"string\", \"order\": 9.0, \"title\": \"Id\", \"value\": {\"type\": \"string\"}, \"hasChildren\": false, \"dataElementType\": \"string\"}, {\"key\": \"/Mavericks SFDC Get Contact by IDOutput/response/records[]/LastName\", \"type\": \"string\", \"order\": 10.0, \"title\": \"LastName\", \"value\": {\"type\": \"string\"}, \"hasChildren\": false, \"dataElementType\": \"string\"}, {\"key\": \"/Mavericks SFDC Get Contact by IDOutput/response/records[]/FirstName\", \"type\": \"string\", \"order\": 11.0, \"title\": \"FirstName\", \"value\": {\"type\": \"string\"}, \"hasChildren\": false, \"dataElementType\": \"string\"}, {\"key\": \"/Mavericks SFDC Get Contact by IDOutput/response/records[]/Email\", \"type\": \"string\", \"order\": 12.0, \"title\": \"Email\", \"value\": {\"type\": \"string\"}, \"hasChildren\": false, \"dataElementType\": \"string\"}], \"hasChildren\": false, \"dataElementType\": \"documentArray\"}], \"hasChildren\": false, \"dataElementType\": \"document\"}, {\"key\": \"/Mavericks SFDC Get Contact by IDOutput/errors[]\", \"type\": \"array\", \"order\": 13.0, \"title\": \"errors\", \"children\": [{\"key\": \"/Mavericks SFDC Get Contact by IDOutput/errors[]/fields[]\", \"type\": \"stringArray\", \"order\": 14.0, \"title\": \"fields\", \"hasChildren\": false, \"dataElementType\": \"stringArray\"}, {\"key\": \"/Mavericks SFDC Get Contact by IDOutput/errors[]/message\", \"type\": \"string\", \"order\": 15.0, \"title\": \"message\", \"hasChildren\": false, \"dataElementType\": \"string\"}, {\"key\": \"/Mavericks SFDC Get Contact by IDOutput/errors[]/errorCode\", \"type\": \"string\", \"order\": 16.0, \"title\": \"errorCode\", \"hasChildren\": false, \"dataElementType\": \"string\"}], \"hasChildren\": false, \"dataElementType\": \"documentArray\"}, {\"key\": \"/Mavericks SFDC Get Contact by IDOutput/responseHeaders\", \"type\": \"object\", \"order\": 17.0, \"title\": \"responseHeaders\", \"children\": [], \"hasChildren\": false, \"dataElementType\": \"document\"}], \"hasChildren\": false, \"dataElementType\": \"document\"}]",
    "null" : false
  },
  "description" : "Get SFDC Contact by contact ID",
  "comments" : "",
  "db_query" : "SELECT Id , LastName , FirstName , Email FROM Contact WHERE Id = :where_Id ",
  "tag" : "EMPTY",
  "active" : true,
  "is_changed" : false,
  "endpoint_tag" : "EMPTY",
  "endpoint_project_id" : "5fb86ce7-81de-404e-8114-39e7995ed487",
  "endpoint_project_tag" : "EMPTY",
  "comment" : null,
  "input_data_object_id" : null,
  "input_data_object_tag" : "EMPTY",
  "input_data_object_project_id" : null,
  "input_data_object_project_tag" : "EMPTY",
  "output_data_object_id" : null,
  "output_data_object_tag" : "EMPTY",
  "output_data_object_project_id" : null,
  "output_data_object_project_tag" : "EMPTY",
  "base_tag" : "V2",
  "endpoint_project_mode_id" : "112c1cb8-4b9e-4d1a-a042-0bd031dc7d05",
  "input_data_object_project_mode_id" : "112c1cb8-4b9e-4d1a-a042-0bd031dc7d05",
  "output_data_object_project_mode_id" : "112c1cb8-4b9e-4d1a-a042-0bd031dc7d05",
  "test_input" : {
    "type" : "jsonb",
    "value" : "{\"Mavericks SFDC Get Contact by IDInput\": {\"where\": {\"where_Id\": \"234\"}}}",
    "null" : false
  },
  "test_input_structure" : {
    "type" : "jsonb",
    "value" : "[{\"key\": \"/Mavericks SFDC Get Contact by IDInput\", \"type\": \"object\", \"order\": 1, \"title\": \"Mavericks SFDC Get Contact by IDInput\", \"children\": [{\"key\": \"/Mavericks SFDC Get Contact by IDInput/where\", \"type\": \"object\", \"order\": 2, \"title\": \"where\", \"value\": {\"type\": \"object\"}, \"children\": [{\"key\": \"/Mavericks SFDC Get Contact by IDInput/where/where_Id\", \"type\": \"string\", \"order\": 3, \"title\": \"Id\", \"value\": {\"type\": \"string\"}, \"setValue\": \"234\", \"hasChildren\": false, \"dataElementType\": \"string\"}], \"hasChildren\": false, \"dataElementType\": \"document\"}], \"hasChildren\": false, \"dataElementType\": \"document\"}]",
    "null" : false
  }
}