{
  "id" : "e2798067-398d-4a4a-9222-ee0d7b830a92",
  "name" : "Mavericks SFDC Push",
  "component_id" : "f9e692b6-2d3f-4aa8-be08-38ccc97babd0",
  "endpoint_id" : "a9d00d89-58ae-4ce4-b267-8d5b02489e64",
  "action_id" : "1fd53c4e-4c2b-46dc-8763-b7a2c9291e44",
  "structure_json" : {
    "type" : "jsonb",
    "value" : "{\"batch\": false, \"count\": null, \"joins\": [], \"limit\": null, \"nulls\": \"\", \"query\": \"SELECT Id, Name, Phone, Email FROM Contact\", \"where\": {\"predicates\": []}, \"action\": \"SubscribePushTopic\", \"entity\": \"{\\\"name\\\":\\\"/topic/ContactPush\\\",\\\"label\\\":\\\"/topic/ContactPush\\\",\\\"query\\\":\\\"SELECT Id, Name, Phone, Email FROM Contact\\\",\\\"hasChildren\\\":false,\\\"mainEntity\\\":false,\\\"displayName\\\":\\\"Objects\\\"}\", \"replayId\": -1, \"uiConfig\": {\"keys\": [\"Id\", \"Name\", \"Phone\", \"Email\"], \"limit\": false, \"where\": false, \"options\": {\"replayId\": [{\"label\": \"RECEIVE_NEW_EVENTS\", \"value\": -1, \"default\": true}, {\"label\": \"RECEIVE_ALL_EVENTS\", \"value\": -2}]}, \"orderBy\": false, \"inputKeys\": [], \"operators\": {\"where\": [\"=\", \"!=\", \">\", \"<\", \">=\", \"<=\", \"IS NOT NULL\", \"IS NULL\", \"BETWEEN\", \"IN\", \"NOT IN\", \"LIKE\"]}, \"skippable\": false, \"supportJoin\": false, \"disableFields\": true, \"metadataKeyName\": \"projections\", \"selectedTableList\": [], \"batchConfiguration\": {\"skippable\": false, \"maxBatchSize\": 0, \"batchSupported\": false}, \"includeReferenceFields\": false, \"supportsExternalFields\": false, \"supportsReferenceFields\": true}, \"allOrNone\": false, \"inputKeys\": [], \"inputFields\": {}, \"projections\": [{\"name\": \"Id\", \"path\": \"Id\", \"type\": \"string\", \"label\": \"Id\", \"checked\": true, \"readonly\": false, \"required\": false, \"soap_type\": \"ID\", \"columnIndex\": 0, \"hasChildren\": false, \"inputCategory\": false, \"dataElementPath\": \"Id\", \"picklist_values\": []}, {\"name\": \"Name\", \"path\": \"Name\", \"type\": \"string\", \"label\": \"Name\", \"checked\": true, \"readonly\": false, \"required\": false, \"soap_type\": \"string\", \"columnIndex\": 0, \"hasChildren\": false, \"inputCategory\": false, \"dataElementPath\": \"Name\", \"picklist_values\": []}, {\"name\": \"Phone\", \"path\": \"Phone\", \"type\": \"string\", \"label\": \"Phone\", \"checked\": true, \"readonly\": false, \"required\": false, \"soap_type\": \"string\", \"columnIndex\": 0, \"hasChildren\": false, \"inputCategory\": false, \"dataElementPath\": \"Phone\", \"picklist_values\": []}, {\"name\": \"Email\", \"path\": \"Email\", \"type\": \"string\", \"label\": \"Email\", \"checked\": true, \"readonly\": false, \"required\": false, \"soap_type\": \"string\", \"columnIndex\": 0, \"hasChildren\": false, \"inputCategory\": false, \"dataElementPath\": \"Email\", \"picklist_values\": []}], \"externalFields\": [], \"referenceFields\": []}",
    "null" : false
  },
  "config_json" : {
    "type" : "jsonb",
    "value" : "{\"batch\": false, \"count\": null, \"joins\": [], \"limit\": null, \"nulls\": \"\", \"query\": \"SELECT Id, Name, Phone, Email FROM Contact\", \"where\": {\"predicates\": []}, \"action\": \"SubscribePushTopic\", \"entity\": \"{\\\"name\\\":\\\"/topic/ContactPush\\\",\\\"label\\\":\\\"/topic/ContactPush\\\",\\\"query\\\":\\\"SELECT Id, Name, Phone, Email FROM Contact\\\",\\\"hasChildren\\\":false,\\\"mainEntity\\\":false,\\\"displayName\\\":\\\"Objects\\\"}\", \"replayId\": -1, \"uiConfig\": {\"keys\": [\"Id\", \"Name\", \"Phone\", \"Email\"], \"limit\": false, \"where\": false, \"options\": {\"replayId\": [{\"label\": \"RECEIVE_NEW_EVENTS\", \"value\": -1, \"default\": true}, {\"label\": \"RECEIVE_ALL_EVENTS\", \"value\": -2}]}, \"orderBy\": false, \"inputKeys\": [], \"operators\": {\"where\": [\"=\", \"!=\", \">\", \"<\", \">=\", \"<=\", \"IS NOT NULL\", \"IS NULL\", \"BETWEEN\", \"IN\", \"NOT IN\", \"LIKE\"]}, \"skippable\": false, \"supportJoin\": false, \"disableFields\": true, \"metadataKeyName\": \"projections\", \"selectedTableList\": [], \"batchConfiguration\": {\"skippable\": false, \"maxBatchSize\": 0, \"batchSupported\": false}, \"includeReferenceFields\": false, \"supportsExternalFields\": false, \"supportsReferenceFields\": true}, \"allOrNone\": false, \"inputKeys\": [], \"inputFields\": {}, \"projections\": [{\"name\": \"Id\", \"path\": \"Id\", \"type\": \"string\", \"label\": \"Id\", \"checked\": true, \"readonly\": false, \"required\": false, \"soap_type\": \"ID\", \"columnIndex\": 0, \"hasChildren\": false, \"inputCategory\": false, \"dataElementPath\": \"Id\", \"picklist_values\": []}, {\"name\": \"Name\", \"path\": \"Name\", \"type\": \"string\", \"label\": \"Name\", \"checked\": true, \"readonly\": false, \"required\": false, \"soap_type\": \"string\", \"columnIndex\": 0, \"hasChildren\": false, \"inputCategory\": false, \"dataElementPath\": \"Name\", \"picklist_values\": []}, {\"name\": \"Phone\", \"path\": \"Phone\", \"type\": \"string\", \"label\": \"Phone\", \"checked\": true, \"readonly\": false, \"required\": false, \"soap_type\": \"string\", \"columnIndex\": 0, \"hasChildren\": false, \"inputCategory\": false, \"dataElementPath\": \"Phone\", \"picklist_values\": []}, {\"name\": \"Email\", \"path\": \"Email\", \"type\": \"string\", \"label\": \"Email\", \"checked\": true, \"readonly\": false, \"required\": false, \"soap_type\": \"string\", \"columnIndex\": 0, \"hasChildren\": false, \"inputCategory\": false, \"dataElementPath\": \"Email\", \"picklist_values\": []}], \"externalFields\": [], \"referenceFields\": []}",
    "null" : false
  },
  "display_query" : "",
  "input_structure" : {
    "type" : "jsonb",
    "value" : "[{\"key\": \"/Mavericks SFDC PushInput\", \"type\": \"object\", \"order\": 1.0, \"title\": \"Mavericks SFDC PushInput\", \"children\": [{\"key\": \"/Mavericks SFDC PushInput/replayId\", \"type\": \"number\", \"order\": 2.0, \"title\": \"replayId\", \"hasChildren\": false, \"dataElementType\": \"number\"}], \"hasChildren\": false, \"dataElementType\": \"document\"}]",
    "null" : false
  },
  "output_structure" : {
    "type" : "jsonb",
    "value" : "[{\"key\": \"/Mavericks SFDC PushOutput\", \"type\": \"object\", \"order\": 1.0, \"title\": \"Mavericks SFDC PushOutput\", \"children\": [{\"key\": \"/Mavericks SFDC PushOutput/event\", \"type\": \"object\", \"order\": 2.0, \"title\": \"event\", \"children\": [{\"key\": \"/Mavericks SFDC PushOutput/event/replayId\", \"type\": \"number\", \"order\": 3.0, \"title\": \"replayId\", \"hasChildren\": false, \"dataElementType\": \"number\"}, {\"key\": \"/Mavericks SFDC PushOutput/event/type\", \"type\": \"string\", \"order\": 4.0, \"title\": \"type\", \"hasChildren\": false, \"dataElementType\": \"string\"}, {\"key\": \"/Mavericks SFDC PushOutput/event/createdDate\", \"type\": \"string\", \"order\": 5.0, \"title\": \"createdDate\", \"hasChildren\": false, \"dataElementType\": \"string\"}], \"hasChildren\": false, \"dataElementType\": \"document\"}, {\"key\": \"/Mavericks SFDC PushOutput/sobject\", \"type\": \"object\", \"order\": 6.0, \"title\": \"sobject\", \"children\": [{\"key\": \"/Mavericks SFDC PushOutput/sobject/Id\", \"type\": \"string\", \"order\": 7.0, \"title\": \"Id\", \"value\": {\"type\": \"string\"}, \"hasChildren\": false, \"dataElementType\": \"string\"}, {\"key\": \"/Mavericks SFDC PushOutput/sobject/Name\", \"type\": \"string\", \"order\": 8.0, \"title\": \"Name\", \"value\": {\"type\": \"string\"}, \"hasChildren\": false, \"dataElementType\": \"string\"}, {\"key\": \"/Mavericks SFDC PushOutput/sobject/Phone\", \"type\": \"string\", \"order\": 9.0, \"title\": \"Phone\", \"value\": {\"type\": \"string\"}, \"hasChildren\": false, \"dataElementType\": \"string\"}, {\"key\": \"/Mavericks SFDC PushOutput/sobject/Email\", \"type\": \"string\", \"order\": 10.0, \"title\": \"Email\", \"value\": {\"type\": \"string\"}, \"hasChildren\": false, \"dataElementType\": \"string\"}], \"hasChildren\": true, \"dataElementType\": \"document\"}], \"hasChildren\": false, \"dataElementType\": \"document\"}]",
    "null" : false
  },
  "description" : "Push Topic listener for Mavericks SFDC instance",
  "comments" : "",
  "db_query" : "",
  "tag" : "EMPTY",
  "active" : true,
  "is_changed" : false,
  "endpoint_tag" : "EMPTY",
  "endpoint_project_id" : "5fb86ce7-81de-404e-8114-39e7995ed487",
  "endpoint_project_tag" : "EMPTY",
  "comment" : null,
  "input_data_object_id" : null,
  "input_data_object_tag" : "EMPTY",
  "input_data_object_project_id" : null,
  "input_data_object_project_tag" : "EMPTY",
  "output_data_object_id" : null,
  "output_data_object_tag" : "EMPTY",
  "output_data_object_project_id" : null,
  "output_data_object_project_tag" : "EMPTY",
  "base_tag" : "V2",
  "endpoint_project_mode_id" : "112c1cb8-4b9e-4d1a-a042-0bd031dc7d05",
  "input_data_object_project_mode_id" : "112c1cb8-4b9e-4d1a-a042-0bd031dc7d05",
  "output_data_object_project_mode_id" : "112c1cb8-4b9e-4d1a-a042-0bd031dc7d05",
  "test_input" : {
    "type" : "jsonb",
    "value" : "{}",
    "null" : false
  },
  "test_input_structure" : {
    "type" : "jsonb",
    "value" : "[{\"key\": \"/Mavericks SFDC PushInput\", \"type\": \"object\", \"order\": 1.0, \"title\": \"Mavericks SFDC PushInput\", \"children\": [{\"key\": \"/Mavericks SFDC PushInput/replayId\", \"type\": \"number\", \"order\": 2.0, \"title\": \"replayId\", \"hasChildren\": false, \"dataElementType\": \"number\"}], \"hasChildren\": false, \"dataElementType\": \"document\"}]",
    "null" : false
  }
}