{
  "id" : "cb7a0647-dc43-4f32-b25e-1044accdb7cc",
  "name" : "Mavericks Hubspot Create Contact",
  "component_id" : "9bc27209-9930-43c7-8012-d3aca4b70226",
  "endpoint_id" : "2cb2e480-ee80-49ea-b82c-aa6fc8c581a6",
  "action_id" : "cd07cc9c-885e-4a85-acf3-b3df1689587b",
  "structure_json" : {
    "type" : "jsonb",
    "value" : "{\"action\": \"Create\", \"entity\": \"{\\\"name\\\":\\\"contacts\\\",\\\"label\\\":\\\"contacts\\\",\\\"hasChildren\\\":false,\\\"mainEntity\\\":false,\\\"displayName\\\":\\\"Objects\\\"}\", \"fields\": [{\"name\": \"email\", \"path\": \"email\", \"type\": \"string\", \"label\": \"Email\", \"checked\": true, \"readonly\": false, \"required\": false, \"columnIndex\": 0, \"hasChildren\": false, \"inputCategory\": false}, {\"name\": \"firstname\", \"path\": \"firstname\", \"type\": \"string\", \"label\": \"First Name\", \"checked\": true, \"readonly\": false, \"required\": false, \"columnIndex\": 0, \"hasChildren\": false, \"inputCategory\": false}, {\"name\": \"lastname\", \"path\": \"lastname\", \"type\": \"string\", \"label\": \"Last Name\", \"checked\": true, \"readonly\": false, \"required\": false, \"columnIndex\": 0, \"hasChildren\": false, \"inputCategory\": false}], \"externalFields\": [], \"referenceFields\": []}",
    "null" : false
  },
  "config_json" : {
    "type" : "jsonb",
    "value" : "{\"batch\": false, \"count\": null, \"action\": \"Create\", \"entity\": \"{\\\"name\\\":\\\"contacts\\\",\\\"label\\\":\\\"contacts\\\",\\\"hasChildren\\\":false,\\\"mainEntity\\\":false,\\\"displayName\\\":\\\"Objects\\\"}\", \"fields\": [{\"name\": \"email\", \"path\": \"email\", \"type\": \"string\", \"label\": \"Email\", \"checked\": true, \"readonly\": false, \"required\": false, \"columnIndex\": 0, \"hasChildren\": false, \"inputCategory\": false}, {\"name\": \"firstname\", \"path\": \"firstname\", \"type\": \"string\", \"label\": \"First Name\", \"checked\": true, \"readonly\": false, \"required\": false, \"columnIndex\": 0, \"hasChildren\": false, \"inputCategory\": false}, {\"name\": \"lastname\", \"path\": \"lastname\", \"type\": \"string\", \"label\": \"Last Name\", \"checked\": true, \"readonly\": false, \"required\": false, \"columnIndex\": 0, \"hasChildren\": false, \"inputCategory\": false}], \"allOrNone\": false, \"externalFields\": [], \"referenceFields\": [], \"batchConfiguration\": {\"skippable\": false, \"maxBatchSize\": 0, \"batchSupported\": false}}",
    "null" : false
  },
  "display_query" : "",
  "input_structure" : {
    "type" : "jsonb",
    "value" : "[{\"key\": \"/Mavericks Hubspot Create ContactInput\", \"type\": \"object\", \"order\": 1.0, \"title\": \"Mavericks Hubspot Create ContactInput\", \"value\": {\"type\": \"object\"}, \"children\": [{\"key\": \"/Mavericks Hubspot Create ContactInput/create\", \"type\": \"object\", \"order\": 2.0, \"title\": \"create\", \"children\": [{\"key\": \"/Mavericks Hubspot Create ContactInput/create/email\", \"type\": \"string\", \"order\": 3.0, \"title\": \"email\", \"hasChildren\": false, \"dataElementType\": \"string\"}, {\"key\": \"/Mavericks Hubspot Create ContactInput/create/firstname\", \"type\": \"string\", \"order\": 4.0, \"title\": \"firstname\", \"hasChildren\": false, \"dataElementType\": \"string\"}, {\"key\": \"/Mavericks Hubspot Create ContactInput/create/lastname\", \"type\": \"string\", \"order\": 5.0, \"title\": \"lastname\", \"hasChildren\": false, \"dataElementType\": \"string\"}], \"hasChildren\": true, \"dataElementType\": \"document\"}], \"hasChildren\": false, \"dataElementType\": \"document\"}]",
    "null" : false
  },
  "output_structure" : {
    "type" : "jsonb",
    "value" : "[{\"key\": \"/Mavericks Hubspot Create ContactOutput\", \"type\": \"object\", \"order\": 1.0, \"title\": \"Mavericks Hubspot Create ContactOutput\", \"children\": [{\"key\": \"/Mavericks Hubspot Create ContactOutput/response\", \"type\": \"object\", \"order\": 2.0, \"title\": \"response\", \"children\": [{\"key\": \"/Mavericks Hubspot Create ContactOutput/response/id\", \"type\": \"string\", \"order\": 3.0, \"title\": \"id\", \"hasChildren\": false, \"dataElementType\": \"string\"}], \"hasChildren\": false, \"dataElementType\": \"document\"}, {\"key\": \"/Mavericks Hubspot Create ContactOutput/success\", \"type\": \"boolean\", \"order\": 4.0, \"title\": \"success\", \"hasChildren\": false, \"dataElementType\": \"boolean\"}, {\"key\": \"/Mavericks Hubspot Create ContactOutput/statusCode\", \"type\": \"integer\", \"order\": 5.0, \"title\": \"statusCode\", \"hasChildren\": false, \"dataElementType\": \"integer\"}, {\"key\": \"/Mavericks Hubspot Create ContactOutput/errors\", \"type\": \"object\", \"order\": 6.0, \"title\": \"errors\", \"children\": [{\"key\": \"/Mavericks Hubspot Create ContactOutput/errors/message\", \"type\": \"string\", \"order\": 7.0, \"title\": \"message\", \"value\": {\"type\": \"string\"}, \"hasChildren\": false, \"dataElementType\": \"string\"}, {\"key\": \"/Mavericks Hubspot Create ContactOutput/errors/category\", \"type\": \"string\", \"order\": 8.0, \"title\": \"category\", \"value\": {\"type\": \"string\"}, \"hasChildren\": false, \"dataElementType\": \"string\"}, {\"key\": \"/Mavericks Hubspot Create ContactOutput/errors/correlationId\", \"type\": \"string\", \"order\": 9.0, \"title\": \"correlationId\", \"value\": {\"type\": \"string\"}, \"hasChildren\": false, \"dataElementType\": \"string\"}], \"hasChildren\": false, \"dataElementType\": \"document\"}, {\"key\": \"/Mavericks Hubspot Create ContactOutput/responseHeaders\", \"type\": \"object\", \"order\": 10.0, \"title\": \"responseHeaders\", \"children\": [], \"hasChildren\": false, \"dataElementType\": \"document\"}], \"hasChildren\": true, \"dataElementType\": \"document\"}]",
    "null" : false
  },
  "description" : "Create a Contact in Mavericks Hubspot instance",
  "comments" : "",
  "db_query" : null,
  "tag" : "EMPTY",
  "active" : true,
  "is_changed" : false,
  "endpoint_tag" : "EMPTY",
  "endpoint_project_id" : "5fb86ce7-81de-404e-8114-39e7995ed487",
  "endpoint_project_tag" : "EMPTY",
  "comment" : null,
  "input_data_object_id" : null,
  "input_data_object_tag" : "EMPTY",
  "input_data_object_project_id" : null,
  "input_data_object_project_tag" : "EMPTY",
  "output_data_object_id" : null,
  "output_data_object_tag" : "EMPTY",
  "output_data_object_project_id" : null,
  "output_data_object_project_tag" : "EMPTY",
  "base_tag" : "V2",
  "endpoint_project_mode_id" : "112c1cb8-4b9e-4d1a-a042-0bd031dc7d05",
  "input_data_object_project_mode_id" : "112c1cb8-4b9e-4d1a-a042-0bd031dc7d05",
  "output_data_object_project_mode_id" : "112c1cb8-4b9e-4d1a-a042-0bd031dc7d05",
  "test_input" : {
    "type" : "jsonb",
    "value" : "{}",
    "null" : false
  },
  "test_input_structure" : {
    "type" : "jsonb",
    "value" : "[{\"key\": \"/Mavericks Hubspot Create ContactInput\", \"type\": \"object\", \"order\": 1.0, \"title\": \"Mavericks Hubspot Create ContactInput\", \"value\": {\"type\": \"object\"}, \"children\": [{\"key\": \"/Mavericks Hubspot Create ContactInput/create\", \"type\": \"object\", \"order\": 2.0, \"title\": \"create\", \"children\": [{\"key\": \"/Mavericks Hubspot Create ContactInput/create/email\", \"type\": \"string\", \"order\": 3.0, \"title\": \"email\", \"hasChildren\": false, \"dataElementType\": \"string\"}, {\"key\": \"/Mavericks Hubspot Create ContactInput/create/firstname\", \"type\": \"string\", \"order\": 4.0, \"title\": \"firstname\", \"hasChildren\": false, \"dataElementType\": \"string\"}, {\"key\": \"/Mavericks Hubspot Create ContactInput/create/lastname\", \"type\": \"string\", \"order\": 5.0, \"title\": \"lastname\", \"hasChildren\": false, \"dataElementType\": \"string\"}], \"hasChildren\": true, \"dataElementType\": \"document\"}], \"hasChildren\": false, \"dataElementType\": \"document\"}]",
    "null" : false
  }
}