{
  "id" : "51b57f1f-f394-4dca-8988-8a23c16d1551",
  "name" : "Store Message",
  "component_id" : "01364250-f70e-4936-9c62-7b5d644bf6e6",
  "endpoint_id" : "77fe4817-d614-447d-9997-9afb84793fd7",
  "action_id" : "f1a01d25-47eb-49de-aa90-5e1987d31cfa",
  "structure_json" : {
    "type" : "jsonb",
    "value" : "{\"batch\": false, \"count\": null, \"joins\": [], \"limit\": null, \"nulls\": \"\", \"where\": {\"predicates\": []}, \"action\": \"Insert\", \"entity\": \"{\\\"name\\\":\\\"rabbit\\\",\\\"label\\\":\\\"rabbit\\\",\\\"hasChildren\\\":false,\\\"mainEntity\\\":false,\\\"displayName\\\":\\\"Objects\\\"}\", \"fields\": [{\"key\": \"/rabbit/message\", \"name\": \"message\", \"path\": \"message\", \"type\": \"string\", \"label\": \"message\", \"checked\": true, \"readonly\": false, \"required\": false, \"actualType\": \"String\", \"columnIndex\": 0, \"hasChildren\": false, \"indeterminate\": false, \"inputCategory\": false, \"dataElementPath\": \"message\"}], \"uiConfig\": {\"keys\": [\"message\"], \"limit\": false, \"where\": false, \"orderBy\": false, \"operators\": {\"where\": [\"=\", \"!=\", \">\", \"<\", \">=\", \"<=\", \"IS NOT NULL\", \"IS NULL\", \"IN\"]}, \"skippable\": false, \"supportJoin\": false, \"disableFields\": false, \"metadataKeyName\": \"fields\", \"selectedTableList\": [], \"batchConfiguration\": {\"skippable\": false, \"maxBatchSize\": 0, \"batchSupported\": false}, \"includeReferenceFields\": false, \"supportsExternalFields\": false, \"supportsReferenceFields\": false}, \"allOrNone\": false, \"inputFields\": {}, \"externalFields\": [], \"referenceFields\": []}",
    "null" : false
  },
  "config_json" : {
    "type" : "jsonb",
    "value" : "{\"batch\": false, \"count\": null, \"joins\": [], \"limit\": null, \"nulls\": \"\", \"where\": {\"predicates\": []}, \"action\": \"Insert\", \"entity\": \"{\\\"name\\\":\\\"rabbit\\\",\\\"label\\\":\\\"rabbit\\\",\\\"hasChildren\\\":false,\\\"mainEntity\\\":false,\\\"displayName\\\":\\\"Objects\\\"}\", \"fields\": [{\"key\": \"/rabbit/message\", \"name\": \"message\", \"path\": \"message\", \"type\": \"string\", \"label\": \"message\", \"checked\": true, \"readonly\": false, \"required\": false, \"actualType\": \"String\", \"columnIndex\": 0, \"hasChildren\": false, \"indeterminate\": false, \"inputCategory\": false, \"dataElementPath\": \"message\"}], \"uiConfig\": {\"keys\": [\"message\"], \"limit\": false, \"where\": false, \"orderBy\": false, \"operators\": {\"where\": [\"=\", \"!=\", \">\", \"<\", \">=\", \"<=\", \"IS NOT NULL\", \"IS NULL\", \"IN\"]}, \"skippable\": false, \"supportJoin\": false, \"disableFields\": false, \"metadataKeyName\": \"fields\", \"selectedTableList\": [], \"batchConfiguration\": {\"skippable\": false, \"maxBatchSize\": 0, \"batchSupported\": false}, \"includeReferenceFields\": false, \"supportsExternalFields\": false, \"supportsReferenceFields\": false}, \"allOrNone\": false, \"inputFields\": {}, \"externalFields\": [], \"referenceFields\": []}",
    "null" : false
  },
  "display_query" : "db.rabbit.insertMany([{ message: #message } ]) ",
  "input_structure" : {
    "type" : "jsonb",
    "value" : "[{\"key\": \"/Store MessageInput\", \"type\": \"object\", \"order\": 1.0, \"title\": \"Store MessageInput\", \"value\": {\"type\": \"object\"}, \"children\": [{\"key\": \"/Store MessageInput/insert[]\", \"type\": \"array\", \"order\": 2.0, \"title\": \"insert\", \"value\": {\"type\": \"array\"}, \"children\": [{\"key\": \"/Store MessageInput/insert[]/message\", \"type\": \"string\", \"order\": 3.0, \"title\": \"message\", \"value\": {\"type\": \"string\"}, \"hasChildren\": false, \"dataElementType\": \"string\"}], \"hasChildren\": false, \"dataElementType\": \"documentArray\"}, {\"key\": \"/Store MessageInput/collection\", \"type\": \"string\", \"order\": 4.0, \"title\": \"collection\", \"value\": {\"type\": \"string\"}, \"hasChildren\": false, \"dataElementType\": \"string\"}], \"hasChildren\": false, \"dataElementType\": \"document\"}]",
    "null" : false
  },
  "output_structure" : {
    "type" : "jsonb",
    "value" : "[{\"key\": \"/Store MessageOutput\", \"type\": \"object\", \"order\": 1.0, \"title\": \"Store MessageOutput\", \"value\": {\"type\": \"object\"}, \"children\": [{\"key\": \"/Store MessageOutput/success\", \"type\": \"boolean\", \"order\": 2.0, \"title\": \"success\", \"value\": {\"type\": \"object\"}, \"hasChildren\": false, \"dataElementType\": \"boolean\"}, {\"key\": \"/Store MessageOutput/response\", \"type\": \"object\", \"order\": 3.0, \"title\": \"response\", \"value\": {\"type\": \"object\"}, \"children\": [{\"key\": \"/Store MessageOutput/response/objectIds[]\", \"type\": \"array\", \"order\": 4.0, \"title\": \"objectIds\", \"value\": {\"type\": \"array\"}, \"hasChildren\": false, \"dataElementType\": \"stringArray\"}, {\"key\": \"/Store MessageOutput/response/rowsInserted\", \"type\": \"integer\", \"order\": 5.0, \"title\": \"rowsInserted\", \"value\": {\"type\": \"integer\"}, \"hasChildren\": false, \"dataElementType\": \"integer\"}], \"hasChildren\": true, \"dataElementType\": \"document\"}, {\"key\": \"/Store MessageOutput/errors[]\", \"type\": \"array\", \"order\": 6.0, \"title\": \"errors\", \"value\": {\"type\": \"object\"}, \"children\": [{\"key\": \"/Store MessageOutput/errors[]/error\", \"type\": \"object\", \"order\": 7.0, \"title\": \"error\", \"value\": {\"type\": \"object\"}, \"children\": [{\"key\": \"/Store MessageOutput/errors[]/error/message\", \"type\": \"string\", \"order\": 8.0, \"title\": \"message\", \"value\": {\"type\": \"object\"}, \"hasChildren\": false, \"dataElementType\": \"string\"}], \"hasChildren\": true, \"dataElementType\": \"document\"}], \"hasChildren\": true, \"dataElementType\": \"documentArray\"}], \"hasChildren\": false, \"dataElementType\": \"document\"}]",
    "null" : false
  },
  "description" : "Store inbound async messages",
  "comments" : "",
  "db_query" : "",
  "tag" : "EMPTY",
  "active" : true,
  "is_changed" : false,
  "endpoint_tag" : "EMPTY",
  "endpoint_project_id" : "5fb86ce7-81de-404e-8114-39e7995ed487",
  "endpoint_project_tag" : "EMPTY",
  "comment" : null,
  "input_data_object_id" : null,
  "input_data_object_tag" : "EMPTY",
  "input_data_object_project_id" : null,
  "input_data_object_project_tag" : "EMPTY",
  "output_data_object_id" : null,
  "output_data_object_tag" : "EMPTY",
  "output_data_object_project_id" : null,
  "output_data_object_project_tag" : "EMPTY",
  "base_tag" : "V2",
  "endpoint_project_mode_id" : "112c1cb8-4b9e-4d1a-a042-0bd031dc7d05",
  "input_data_object_project_mode_id" : "112c1cb8-4b9e-4d1a-a042-0bd031dc7d05",
  "output_data_object_project_mode_id" : "112c1cb8-4b9e-4d1a-a042-0bd031dc7d05",
  "test_input" : {
    "type" : "jsonb",
    "value" : "{}",
    "null" : false
  },
  "test_input_structure" : {
    "type" : "jsonb",
    "value" : "[{\"key\": \"/Store MessageInput\", \"type\": \"object\", \"order\": 1.0, \"title\": \"Store MessageInput\", \"value\": {\"type\": \"object\"}, \"children\": [{\"key\": \"/Store MessageInput/insert[]\", \"type\": \"array\", \"order\": 2.0, \"title\": \"insert\", \"value\": {\"type\": \"array\"}, \"children\": [{\"key\": \"/Store MessageInput/insert[]/message\", \"type\": \"string\", \"order\": 3.0, \"title\": \"message\", \"value\": {\"type\": \"string\"}, \"hasChildren\": false, \"dataElementType\": \"string\"}], \"hasChildren\": false, \"dataElementType\": \"documentArray\"}, {\"key\": \"/Store MessageInput/collection\", \"type\": \"string\", \"order\": 4.0, \"title\": \"collection\", \"value\": {\"type\": \"string\"}, \"hasChildren\": false, \"dataElementType\": \"string\"}], \"hasChildren\": false, \"dataElementType\": \"document\"}]",
    "null" : false
  }
}