{
  "document_type_id" : "a880d97f-a76e-4792-8443-f674645e1a8a",
  "name" : "Shopify Order",
  "description" : "Data object for orders from Shopify",
  "version" : null,
  "business_document_type_id" : null,
  "document_format_id" : "edc154a0-55fc-11e9-8647-d663bd873d93",
  "root_tag" : null,
  "structure" : {
    "type" : "jsonb",
    "value" : "[{\"key\": \"/firstName\", \"type\": \"string\", \"order\": 1.0, \"title\": \"firstName\", \"value\": {\"type\": \"string\", \"requiredFlag\": false}, \"isLeaf\": true, \"childrenSet\": false, \"hasChildren\": false, \"dataElementType\": \"string\", \"encryption_required\": false}, {\"key\": \"/lastName\", \"type\": \"string\", \"order\": 2.0, \"title\": \"lastName\", \"value\": {\"type\": \"string\", \"requiredFlag\": false}, \"isLeaf\": true, \"childrenSet\": false, \"hasChildren\": false, \"dataElementType\": \"string\", \"encryption_required\": false}, {\"key\": \"/products[]\", \"type\": \"array\", \"order\": 3.0, \"title\": \"products\", \"value\": {\"type\": \"array\", \"requiredFlag\": false}, \"isLeaf\": false, \"children\": [{\"key\": \"/products[]/description\", \"type\": \"string\", \"order\": 4.0, \"title\": \"description\", \"value\": {\"type\": \"string\", \"requiredFlag\": false}, \"isLeaf\": true, \"childrenSet\": false, \"hasChildren\": false, \"dataElementType\": \"string\", \"encryption_required\": false}], \"childrenSet\": false, \"hasChildren\": false, \"dataElementType\": \"documentArray\", \"encryption_required\": false}, {\"key\": \"/address\", \"type\": \"object\", \"order\": 5.0, \"title\": \"address\", \"value\": {\"type\": \"object\", \"requiredFlag\": false}, \"isLeaf\": false, \"children\": [{\"key\": \"/address/address1\", \"type\": \"string\", \"order\": 6.0, \"title\": \"address1\", \"value\": {\"type\": \"string\", \"requiredFlag\": false}, \"isLeaf\": true, \"childrenSet\": false, \"hasChildren\": false, \"dataElementType\": \"string\", \"encryption_required\": false}, {\"key\": \"/address/address2\", \"type\": \"string\", \"order\": 7.0, \"title\": \"address2\", \"value\": {\"type\": \"string\", \"requiredFlag\": false}, \"isLeaf\": true, \"childrenSet\": false, \"hasChildren\": false, \"dataElementType\": \"string\", \"encryption_required\": false}, {\"key\": \"/address/city\", \"type\": \"string\", \"order\": 8.0, \"title\": \"city\", \"value\": {\"type\": \"string\", \"requiredFlag\": false}, \"isLeaf\": true, \"childrenSet\": false, \"hasChildren\": false, \"dataElementType\": \"string\", \"encryption_required\": false}, {\"key\": \"/address/province\", \"type\": \"string\", \"order\": 9.0, \"title\": \"province\", \"value\": {\"type\": \"string\", \"requiredFlag\": false}, \"isLeaf\": true, \"childrenSet\": false, \"hasChildren\": false, \"dataElementType\": \"string\", \"encryption_required\": false}, {\"key\": \"/address/zip\", \"type\": \"string\", \"order\": 10.0, \"title\": \"zip\", \"value\": {\"type\": \"string\", \"requiredFlag\": false}, \"isLeaf\": true, \"childrenSet\": false, \"hasChildren\": false, \"dataElementType\": \"string\", \"encryption_required\": false}], \"childrenSet\": false, \"hasChildren\": false, \"dataElementType\": \"document\", \"encryption_required\": false}, {\"key\": \"/email\", \"type\": \"string\", \"order\": 11.0, \"title\": \"email\", \"value\": {\"type\": \"string\", \"requiredFlag\": false}, \"isLeaf\": true, \"childrenSet\": false, \"hasChildren\": false, \"dataElementType\": \"string\", \"encryption_required\": false}]",
    "null" : false
  },
  "key_fields" : null,
  "schema" : {
    "type" : "json",
    "value" : "{\"$id\":\"Shopify Order\",\"$schema\":\"http://json-schema.org/draft-07/schema#\",\"type\":\"object\",\"properties\":{\"firstName\":{\"type\":\"string\",\"title\":\"firstName\",\"default\":\"\",\"examples\":[\"John\"],\"properties\":{},\"pattern\":\"^(.*)$\"},\"lastName\":{\"type\":\"string\",\"title\":\"lastName\",\"default\":\"\",\"examples\":[\"Smith\"],\"properties\":{},\"pattern\":\"^(.*)$\"},\"products\":{\"type\":\"array\",\"title\":\"products\",\"properties\":{},\"items\":{\"type\":\"object\",\"properties\":{\"description\":{\"type\":\"string\",\"title\":\"description\",\"default\":\"\",\"examples\":[\"The Collection Snowboard: Liquid\"],\"properties\":{},\"pattern\":\"^(.*)$\"}}}},\"address\":{\"type\":\"object\",\"title\":\"address\",\"properties\":{\"address1\":{\"type\":\"string\",\"title\":\"address1\",\"default\":\"\",\"examples\":[\"12345 Lake City Way Northeast\"],\"properties\":{},\"pattern\":\"^(.*)$\"},\"address2\":{\"type\":\"string\",\"title\":\"address2\",\"default\":\"\",\"examples\":[\"\"],\"properties\":{},\"pattern\":\"^(.*)$\"},\"city\":{\"type\":\"string\",\"title\":\"city\",\"default\":\"\",\"examples\":[\"Seattle\"],\"properties\":{},\"pattern\":\"^(.*)$\"},\"province\":{\"type\":\"string\",\"title\":\"province\",\"default\":\"\",\"examples\":[\"Washington\"],\"properties\":{},\"pattern\":\"^(.*)$\"},\"zip\":{\"type\":\"string\",\"title\":\"zip\",\"default\":\"\",\"examples\":[\"98125\"],\"properties\":{},\"pattern\":\"^(.*)$\"}}},\"email\":{\"type\":\"string\",\"title\":\"email\",\"default\":\"\",\"examples\":[\"jsmith@acme.com\"],\"properties\":{},\"pattern\":\"^(.*)$\"}}}",
    "null" : false
  },
  "source_schema" : "{\n  \"firstName\": \"John\",\n  \"lastName\": \"Smith\",\n  \"products\": [\n    \n      {\n        \"description\": \"The Collection Snowboard: Liquid\"\n      }\n      \n    \n  ],\n  \"address\": {\n    \"address1\": \"12345 Lake City Way Northeast\",\n    \"address2\": \"\",\n    \"city\": \"Seattle\",\n    \"province\": \"Washington\",\n    \"zip\": \"98125\"\n  },\n  \"email\": \"jsmith@acme.com\"\n}",
  "type" : "custom",
  "doc_type" : null,
  "source_type" : "jsonsample",
  "ignore_missing_schemas" : false,
  "has_ref_schemas" : null,
  "flat_file_config" : null,
  "active" : true,
  "is_changed" : false,
  "tag" : "EMPTY",
  "comment" : null,
  "base_tag" : "V2"
}