{
  "document_type_id" : "ec4f0a97-c54b-414b-a6f5-73cb88aec0ca",
  "name" : "SSE-1-0-3-ElectricityOutageNotification",
  "description" : "SSE : Electricity Outage Notification Events",
  "version" : null,
  "business_document_type_id" : null,
  "document_format_id" : "edc154a0-55fc-11e9-8647-d663bd873d93",
  "root_tag" : null,
  "structure" : {
    "type" : "jsonb",
    "value" : "[{\"key\": \"/dateandTime\", \"type\": \"string\", \"order\": 1.0, \"title\": \"dateandTime\", \"value\": {\"type\": \"string\", \"format\": \"datetime\", \"requiredFlag\": false}, \"isLeaf\": true, \"childrenSet\": false, \"hasChildren\": false, \"dataElementType\": \"string\", \"encryption_required\": false}, {\"key\": \"/notification\", \"type\": \"string\", \"order\": 2.0, \"title\": \"notification\", \"value\": {\"type\": \"string\", \"requiredFlag\": false}, \"isLeaf\": true, \"childrenSet\": false, \"hasChildren\": false, \"dataElementType\": \"string\", \"encryption_required\": false}, {\"key\": \"/errorObject\", \"type\": \"object\", \"order\": 3.0, \"title\": \"errorObject\", \"value\": {\"type\": \"object\", \"requiredFlag\": false}, \"isLeaf\": false, \"children\": [{\"key\": \"/errorObject/errorMessage\", \"type\": \"string\", \"order\": 4.0, \"title\": \"errorMessage\", \"value\": {\"type\": \"string\", \"requiredFlag\": false}, \"isLeaf\": true, \"childrenSet\": false, \"hasChildren\": false, \"dataElementType\": \"string\", \"encryption_required\": false}, {\"key\": \"/errorObject/errorDetails\", \"type\": \"string\", \"order\": 5.0, \"title\": \"errorDetails\", \"value\": {\"type\": \"string\", \"requiredFlag\": false}, \"isLeaf\": true, \"childrenSet\": false, \"hasChildren\": false, \"dataElementType\": \"string\", \"encryption_required\": false}, {\"key\": \"/errorObject/errors[]\", \"type\": \"array\", \"order\": 6.0, \"title\": \"errors\", \"value\": {\"type\": \"array\", \"requiredFlag\": false}, \"isLeaf\": false, \"children\": [{\"key\": \"/errorObject/errors[]/message\", \"type\": \"string\", \"order\": 7.0, \"title\": \"message\", \"value\": {\"type\": \"string\", \"requiredFlag\": false}, \"isLeaf\": true, \"childrenSet\": false, \"hasChildren\": false, \"dataElementType\": \"string\", \"encryption_required\": false}], \"childrenSet\": false, \"hasChildren\": false, \"dataElementType\": \"documentArray\", \"encryption_required\": false}], \"childrenSet\": false, \"hasChildren\": false, \"dataElementType\": \"document\", \"encryption_required\": false}]",
    "null" : false
  },
  "key_fields" : null,
  "schema" : {
    "type" : "json",
    "value" : "{\"type\":\"object\",\"properties\":{\"dateandTime\":{\"type\":\"string\",\"format\":\"datetime\"},\"notification\":{\"type\":\"string\"},\"errorObject\":{\"type\":\"object\",\"properties\":{\"errorMessage\":{\"type\":\"string\"},\"errorDetails\":{\"type\":\"string\"},\"errors\":{\"type\":\"array\",\"items\":{\"properties\":{\"message\":{\"type\":\"string\"}}}}}}},\"$schema\":\"http://json-schema.org/draft-04/schema#\"}",
    "null" : false
  },
  "source_schema" : null,
  "type" : "custom",
  "doc_type" : null,
  "source_type" : "jsonschema",
  "ignore_missing_schemas" : false,
  "has_ref_schemas" : null,
  "flat_file_config" : null,
  "active" : true,
  "is_changed" : true,
  "tag" : "EMPTY",
  "comment" : null,
  "base_tag" : "EMPTY"
}