{
  "id" : "fdfa829d-5a28-4903-8af0-6ead424826e7",
  "name" : "GetInvoicesByState",
  "description" : "Get invoices from Postgres DB by invoice state",
  "iserror" : false,
  "no_of_errors" : 0,
  "service_input" : null,
  "service_output" : null,
  "service_input_json_schema" : null,
  "service_output_json_schema" : null,
  "type" : "EVENTDRIVEN",
  "error_handler" : false,
  "tag" : "EMPTY",
  "active" : true,
  "is_changed" : false,
  "comment" : null,
  "base_tag" : "V2",
  "test_input" : {
    "type" : "jsonb",
    "value" : "[]",
    "null" : false
  },
  "test_input_structure" : {
    "type" : "jsonb",
    "value" : "[]",
    "null" : false
  }
}