{
  "id" : "c80a13ce-9a92-4c59-ae00-2c712444af12",
  "name" : "Retrieve Country Information",
  "description" : "Retrieve country information from Countries SOAP Service",
  "iserror" : false,
  "no_of_errors" : 0,
  "service_input" : null,
  "service_output" : null,
  "service_input_json_schema" : null,
  "service_output_json_schema" : null,
  "type" : "EVENTDRIVEN",
  "error_handler" : false,
  "tag" : "EMPTY",
  "active" : true,
  "is_changed" : true,
  "comment" : null,
  "base_tag" : "V2",
  "test_input" : {
    "type" : "jsonb",
    "value" : "[]",
    "null" : false
  },
  "test_input_structure" : {
    "type" : "jsonb",
    "value" : "[]",
    "null" : false
  }
}