{
  "id" : "13d79ff3-bef9-4dd5-ab5d-cc3fc299b145",
  "name" : "Summit Service",
  "description" : "Summit Service",
  "iserror" : false,
  "no_of_errors" : 0,
  "service_input" : {
    "type" : "jsonb",
    "value" : "[{\"id\": \"e1d1cfd7-229d-4d83-a15c-e73010937d8a\", \"key\": \"/Summit ServiceInput\", \"type\": \"object\", \"order\": 1.0, \"title\": \"Summit ServiceInput\", \"value\": {\"type\": \"object\"}, \"isLeaf\": false, \"children\": [], \"childrenSet\": false, \"hasChildren\": false, \"dataElementType\": \"document\", \"encryption_required\": false}]",
    "null" : false
  },
  "service_output" : {
    "type" : "jsonb",
    "value" : "[{\"id\": \"2004e19d-75b8-4c4a-950a-89b6cae4adad\", \"key\": \"/Summit ServiceOutput\", \"type\": \"object\", \"order\": 1.0, \"title\": \"Summit ServiceOutput\", \"value\": {\"type\": \"object\"}, \"isLeaf\": false, \"children\": [], \"childrenSet\": false, \"hasChildren\": false, \"dataElementType\": \"document\", \"encryption_required\": false}]",
    "null" : false
  },
  "service_input_json_schema" : null,
  "service_output_json_schema" : null,
  "type" : "SERVICE",
  "error_handler" : false,
  "tag" : "EMPTY",
  "active" : true,
  "is_changed" : true,
  "comment" : null,
  "base_tag" : "EMPTY",
  "test_input" : {
    "type" : "jsonb",
    "value" : "[]",
    "null" : false
  },
  "test_input_structure" : {
    "type" : "jsonb",
    "value" : "[]",
    "null" : false
  }
}