{
  "id" : "e75f9eba-0532-45dc-b875-b705a7ff9b7b",
  "type" : "apikey",
  "project_tag" : "EMPTY",
  "name" : "Petstore API Key",
  "description" : "Petstore API Key",
  "apikey_key_name" : "X-API-Key",
  "entity_id" : "2909d18c-a1ec-45c3-83e7-d21a7ded5d7f",
  "jwks_uri" : null,
  "jwks_timeout" : null,
  "cache_duration" : null,
  "clock_skew" : null,
  "client_id_key" : null,
  "issuer" : null,
  "audiences" : {
    "type" : "jsonb",
    "value" : "[]",
    "null" : false
  },
  "flows" : {
    "type" : "jsonb",
    "value" : "[]",
    "null" : false
  },
  "scopes" : {
    "type" : "jsonb",
    "value" : "{}",
    "null" : false
  },
  "scopes_claim" : "scp",
  "forward_credentials_on_success" : false,
  "forward_payload_header" : null,
  "identity_provider_id" : null,
  "apikey_location" : "HEADER"
}