{
  "id" : "8a3624c9-a9f8-46cb-acb8-4f6fa57f216a",
  "name" : "CDEmo",
  "description" : "CDEmo",
  "connection_config" : null,
  "endpoint_type_id" : "0a9d8996-f8e5-4d7d-8231-225a34233807",
  "enabled" : true,
  "bean_name" : "OpenAPIClient-8a3624c9-a9f8-46cb-acb8-4f6fa57f216a",
  "status" : null,
  "auth_token_config" : {
    "type" : "jsonb",
    "value" : "{}",
    "null" : false
  },
  "avatar_id" : null,
  "tag" : "EMPTY",
  "active" : true,
  "is_changed" : true,
  "comment" : null,
  "is_error" : false,
  "base_tag" : "EMPTY"
}