{
  "id" : "c1e63a76-51e8-48d0-aaec-3252971afd8b",
  "name" : "Mavericks CloudAMQP",
  "description" : "Mavericks CloudAMQP",
  "connection_config" : "{\"112c1cb8-4b9e-4d1a-a042-0bd031dc7d05\":{\"RabbitMQEndpoint\":{\"active\":true,\"advanced\":{\"tls_protocol\":\"TLSv1.2\",\"topology_recovery\":true,\"connection_timeout\":0,\"connection_recovery\":true,\"hostname_verification\":true,\"usePersistentConnections\":true},\"security\":{\"host\":\"leopard.lmq.cloudamqp.com\",\"port\":5672,\"scopes\":null,\"password\":\"RusDUZAWp7b0g5AV8n7OVLkmgHG36N5Y\",\"protocol\":\"AMQP\",\"username\":\"ruhzccvl\",\"client_id\":null,\"token_url\":null,\"grant_type\":null,\"client_jars\":[],\"virtual_host\":\"ruhzccvl\",\"client_secret\":null,\"authentication\":\"PLAIN\",\"certificateList\":null,\"ssl_publickey_id\":null}}},\"81e359da-9454-40ba-b968-1273a3b8e37b\":{\"RabbitMQEndpoint\":{\"active\":true,\"advanced\":{\"tls_protocol\":null,\"topology_recovery\":true,\"connection_timeout\":0,\"connection_recovery\":true,\"hostname_verification\":true,\"usePersistentConnections\":true},\"security\":{\"host\":null,\"port\":null,\"scopes\":null,\"password\":null,\"protocol\":null,\"username\":null,\"client_id\":null,\"token_url\":null,\"grant_type\":null,\"client_jars\":[],\"virtual_host\":null,\"client_secret\":null,\"authentication\":\"NONE\",\"certificateList\":null,\"ssl_publickey_id\":null}}},\"bdf2e4f5-a195-40b5-a82a-1d76ab30e077\":{\"RabbitMQEndpoint\":{\"active\":true,\"advanced\":{\"tls_protocol\":null,\"topology_recovery\":true,\"connection_timeout\":0,\"connection_recovery\":true,\"hostname_verification\":true,\"usePersistentConnections\":true},\"security\":{\"host\":null,\"port\":null,\"scopes\":null,\"password\":null,\"protocol\":null,\"username\":null,\"client_id\":null,\"token_url\":null,\"grant_type\":null,\"client_jars\":[],\"virtual_host\":null,\"client_secret\":null,\"authentication\":\"NONE\",\"certificateList\":null,\"ssl_publickey_id\":null}}}}",
  "endpoint_type_id" : "7becf7e4-6b48-404b-8a34-c84262db5a14",
  "enabled" : true,
  "bean_name" : "RabbitMQ-c1e63a76-51e8-48d0-aaec-3252971afd8b",
  "status" : {
    "type" : "jsonb",
    "value" : "{\"112c1cb8-4b9e-4d1a-a042-0bd031dc7d05\": true, \"81e359da-9454-40ba-b968-1273a3b8e37b\": true, \"bdf2e4f5-a195-40b5-a82a-1d76ab30e077\": true}",
    "null" : false
  },
  "auth_token_config" : {
    "type" : "jsonb",
    "value" : "{}",
    "null" : false
  },
  "avatar_id" : null,
  "tag" : "EMPTY",
  "active" : true,
  "is_changed" : false,
  "comment" : null,
  "is_error" : false,
  "base_tag" : "V2"
}