{
  "id" : "7091fc1f-687c-4ddf-b93e-8cc5a64c4bdb",
  "name" : "Mavericks SSE",
  "description" : "Server Sent Event Example",
  "connection_config" : null,
  "endpoint_type_id" : "fdfb0a1b-7b1e-46c8-ae26-b883f3c1c8bb",
  "enabled" : true,
  "bean_name" : "HTTPSServer-7091fc1f-687c-4ddf-b93e-8cc5a64c4bdb",
  "status" : null,
  "auth_token_config" : {
    "type" : "jsonb",
    "value" : "{}",
    "null" : false
  },
  "avatar_id" : null,
  "tag" : "EMPTY",
  "active" : true,
  "is_changed" : true,
  "comment" : null,
  "is_error" : false,
  "base_tag" : "EMPTY"
}