{
  "id" : "2cb2e480-ee80-49ea-b82c-aa6fc8c581a6",
  "name" : "Mavericks Hubspot",
  "description" : "Mavericks Hubspot instance",
  "connection_config" : "{\"uiJson\":[{\"id\":\"112c1cb8-4b9e-4d1a-a042-0bd031dc7d05\",\"name\":\"DESIGN\",\"nodes\":[{\"name\":\"security\",\"type\":\"object\",\"label\":\"General\",\"children\":[{\"mode\":\"default\",\"name\":\"connection_type\",\"type\":\"select\",\"label\":\"Connection Type\",\"order\":0,\"secret\":false,\"options\":[{\"label\":\"OAuth 2.0\",\"value\":\"OAuth 2.0\",\"parameters\":[{\"mode\":\"default\",\"name\":\"base_url\",\"type\":\"string\",\"label\":\"Base URL\",\"order\":1,\"value\":\"https://api.hubapi.com/crm/v3\",\"required\":true,\"description\":\"Specify the Base URL\",\"placeholder\":\"Enter Base URL\",\"defaultValue\":\"https://api.hubapi.com/crm/v3\"},{\"mode\":\"default\",\"name\":\"client_id\",\"type\":\"string\",\"label\":\"Client ID\",\"order\":2,\"value\":\"7a05e693-4da9-48d4-8cf7-db2a9f0202e3\",\"required\":true,\"description\":\"Specify the Client ID.\",\"placeholder\":\"Enter Client ID\"},{\"mode\":\"default\",\"name\":\"client_secret\",\"type\":\"string\",\"label\":\"Client Secret\",\"order\":3,\"value\":\"8b8b4262-a350-4d2f-a2d1-7dbe63adb64f\",\"secret\":true,\"required\":true,\"description\":\"Specify the Client Secret.\",\"placeholder\":\"Enter Client Secret\",\"vault_required\":true,\"encryption_required\":true},{\"mode\":\"default\",\"name\":\"authorize_url\",\"type\":\"string\",\"label\":\"Authorize URL\",\"order\":4,\"value\":\"https://app.hubspot.com/oauth/authorize\",\"required\":true,\"description\":\"Specify the Authorization URL.\",\"placeholder\":\"Enter Authorization URL.\",\"defaultValue\":\"https://app.hubspot.com/oauth/authorize\"},{\"mode\":\"default\",\"name\":\"token_url\",\"type\":\"string\",\"label\":\"Token URL\",\"order\":5,\"value\":\"https://api.hubapi.com/oauth/v1/token\",\"required\":true,\"description\":\"Specify the Token URL.\",\"placeholder\":\"Enter Token URL\",\"defaultValue\":\"https://api.hubapi.com/oauth/v1/token\"},{\"mode\":\"default\",\"name\":\"scopes\",\"type\":\"string\",\"label\":\"Scopes\",\"order\":6,\"value\":\"crm.objects.contacts.write crm.schemas.contacts.write crm.objects.custom.read crm.objects.custom.write oauth crm.schemas.contacts.read crm.objects.contacts.read\",\"required\":false,\"description\":\"Specify the Scopes.\",\"placeholder\":\"Enter Scopes\"}]}],\"required\":true,\"selected\":\"OAuth 2.0\",\"allowClear\":false,\"showSearch\":false,\"description\":\"Specify the Connection Type.\",\"placeholder\":\"Specify the Connection Type\",\"isExpandable\":\"true\"},{\"mode\":\"default\",\"name\":\"base_url\",\"type\":\"string\",\"label\":\"Base URL\",\"order\":1,\"value\":\"https://api.hubapi.com/crm/v3\",\"required\":true,\"description\":\"Specify the Base URL\",\"placeholder\":\"Enter Base URL\",\"defaultValue\":\"https://api.hubapi.com/crm/v3\"},{\"mode\":\"default\",\"name\":\"client_id\",\"type\":\"string\",\"label\":\"Client ID\",\"order\":2,\"value\":\"7a05e693-4da9-48d4-8cf7-db2a9f0202e3\",\"required\":true,\"description\":\"Specify the Client ID.\",\"placeholder\":\"Enter Client ID\"},{\"mode\":\"default\",\"name\":\"client_secret\",\"type\":\"string\",\"label\":\"Client Secret\",\"order\":3,\"value\":\"8b8b4262-a350-4d2f-a2d1-7dbe63adb64f\",\"secret\":true,\"required\":true,\"description\":\"Specify the Client Secret.\",\"placeholder\":\"Enter Client Secret\",\"vault_required\":true,\"encryption_required\":true},{\"mode\":\"default\",\"name\":\"authorize_url\",\"type\":\"string\",\"label\":\"Authorize URL\",\"order\":4,\"value\":\"https://app.hubspot.com/oauth/authorize\",\"required\":true,\"description\":\"Specify the Authorization URL.\",\"placeholder\":\"Enter Authorization URL.\",\"defaultValue\":\"https://app.hubspot.com/oauth/authorize\"},{\"mode\":\"default\",\"name\":\"token_url\",\"type\":\"string\",\"label\":\"Token URL\",\"order\":5,\"value\":\"https://api.hubapi.com/oauth/v1/token\",\"required\":true,\"description\":\"Specify the Token URL.\",\"placeholder\":\"Enter Token URL\",\"defaultValue\":\"https://api.hubapi.com/oauth/v1/token\"},{\"mode\":\"default\",\"name\":\"scopes\",\"type\":\"string\",\"label\":\"Scopes\",\"order\":6,\"value\":\"crm.objects.contacts.write crm.schemas.contacts.write crm.objects.custom.read crm.objects.custom.write oauth crm.schemas.contacts.read crm.objects.contacts.read\",\"required\":false,\"description\":\"Specify the Scopes.\",\"placeholder\":\"Enter Scopes\"}],\"parameters\":[{\"mode\":\"default\",\"name\":\"connection_type\",\"type\":\"select\",\"label\":\"Connection Type\",\"order\":0,\"secret\":false,\"options\":[{\"label\":\"OAuth 2.0\",\"value\":\"OAuth 2.0\",\"parameters\":[{\"mode\":\"default\",\"name\":\"base_url\",\"type\":\"string\",\"label\":\"Base URL\",\"order\":1,\"value\":\"https://api.hubapi.com/crm/v3\",\"required\":true,\"description\":\"Specify the Base URL\",\"placeholder\":\"Enter Base URL\",\"defaultValue\":\"https://api.hubapi.com/crm/v3\"},{\"mode\":\"default\",\"name\":\"client_id\",\"type\":\"string\",\"label\":\"Client ID\",\"order\":2,\"value\":\"7a05e693-4da9-48d4-8cf7-db2a9f0202e3\",\"required\":true,\"description\":\"Specify the Client ID.\",\"placeholder\":\"Enter Client ID\"},{\"mode\":\"default\",\"name\":\"client_secret\",\"type\":\"string\",\"label\":\"Client Secret\",\"order\":3,\"value\":\"8b8b4262-a350-4d2f-a2d1-7dbe63adb64f\",\"secret\":true,\"required\":true,\"description\":\"Specify the Client Secret.\",\"placeholder\":\"Enter Client Secret\",\"vault_required\":true,\"encryption_required\":true},{\"mode\":\"default\",\"name\":\"authorize_url\",\"type\":\"string\",\"label\":\"Authorize URL\",\"order\":4,\"value\":\"https://app.hubspot.com/oauth/authorize\",\"required\":true,\"description\":\"Specify the Authorization URL.\",\"placeholder\":\"Enter Authorization URL.\",\"defaultValue\":\"https://app.hubspot.com/oauth/authorize\"},{\"mode\":\"default\",\"name\":\"token_url\",\"type\":\"string\",\"label\":\"Token URL\",\"order\":5,\"value\":\"https://api.hubapi.com/oauth/v1/token\",\"required\":true,\"description\":\"Specify the Token URL.\",\"placeholder\":\"Enter Token URL\",\"defaultValue\":\"https://api.hubapi.com/oauth/v1/token\"},{\"mode\":\"default\",\"name\":\"scopes\",\"type\":\"string\",\"label\":\"Scopes\",\"order\":6,\"value\":\"crm.schemas.contacts.write crm.objects.contacts.write crm.schemas.contacts.read crm.objects.contacts.read crm.objects.custom.read crm.objects.custom.write oauth\",\"required\":false,\"description\":\"Specify the Scopes.\",\"placeholder\":\"Enter Scopes\"}]}],\"required\":true,\"selected\":\"OAuth 2.0\",\"allowClear\":false,\"showSearch\":false,\"description\":\"Specify the Connection Type.\",\"placeholder\":\"Specify the Connection Type\",\"isExpandable\":\"true\"},{\"mode\":\"default\",\"name\":\"base_url\",\"type\":\"string\",\"label\":\"Base URL\",\"order\":1,\"value\":\"https://api.hubapi.com/crm/v3\",\"required\":true,\"description\":\"Specify the Base URL\",\"placeholder\":\"Enter Base URL\",\"defaultValue\":\"https://api.hubapi.com/crm/v3\"},{\"mode\":\"default\",\"name\":\"client_id\",\"type\":\"string\",\"label\":\"Client ID\",\"order\":2,\"value\":\"7a05e693-4da9-48d4-8cf7-db2a9f0202e3\",\"required\":true,\"description\":\"Specify the Client ID.\",\"placeholder\":\"Enter Client ID\"},{\"mode\":\"default\",\"name\":\"client_secret\",\"type\":\"string\",\"label\":\"Client Secret\",\"order\":3,\"value\":\"8b8b4262-a350-4d2f-a2d1-7dbe63adb64f\",\"secret\":true,\"required\":true,\"description\":\"Specify the Client Secret.\",\"placeholder\":\"Enter Client Secret\",\"vault_required\":true,\"encryption_required\":true},{\"mode\":\"default\",\"name\":\"authorize_url\",\"type\":\"string\",\"label\":\"Authorize URL\",\"order\":4,\"value\":\"https://app.hubspot.com/oauth/authorize\",\"required\":true,\"description\":\"Specify the Authorization URL.\",\"placeholder\":\"Enter Authorization URL.\",\"defaultValue\":\"https://app.hubspot.com/oauth/authorize\"},{\"mode\":\"default\",\"name\":\"token_url\",\"type\":\"string\",\"label\":\"Token URL\",\"order\":5,\"value\":\"https://api.hubapi.com/oauth/v1/token\",\"required\":true,\"description\":\"Specify the Token URL.\",\"placeholder\":\"Enter Token URL\",\"defaultValue\":\"https://api.hubapi.com/oauth/v1/token\"},{\"mode\":\"default\",\"name\":\"scopes\",\"type\":\"string\",\"label\":\"Scopes\",\"order\":6,\"value\":\"crm.schemas.contacts.write crm.objects.contacts.write crm.schemas.contacts.read crm.objects.contacts.read crm.objects.custom.read crm.objects.custom.write oauth\",\"required\":false,\"description\":\"Specify the Scopes.\",\"placeholder\":\"Enter Scopes\"}]},{\"name\":\"advanced\",\"type\":\"object\",\"label\":\"Advanced\",\"children\":[{\"name\":\"usePersistentConnections\",\"type\":\"boolean\",\"label\":\"Use Persistent Connections\",\"order\":1,\"value\":true,\"secret\":false,\"required\":false,\"description\":\"Specifies the Use Persistent Connections.\",\"placeholder\":\"Enter Use Persistent Connections\",\"defaultValue\":true},{\"name\":\"connectionTimeout\",\"type\":\"number\",\"label\":\"Connection Timeout(ms)\",\"order\":2,\"value\":120000,\"secret\":false,\"required\":false,\"description\":\"Specify the Connection Timeout.\",\"placeholder\":\"Enter Connection Timeout\",\"defaultValue\":120000},{\"name\":\"responseTimeout\",\"type\":\"number\",\"label\":\"Response Timeout(ms)\",\"order\":3,\"value\":120000,\"secret\":false,\"required\":false,\"description\":\"Specify the Response Timeout.\",\"placeholder\":\"Enter Response Timeout\",\"defaultValue\":120000},{\"name\":\"retryInterval\",\"type\":\"number\",\"label\":\"Retry Interval(ms)\",\"order\":4,\"value\":100,\"secret\":false,\"required\":false,\"description\":\"Specify the interval between recovery attempts on failure in milliseconds.\",\"placeholder\":\"Enter Recovery Interval\",\"defaultValue\":100},{\"name\":\"retryCount\",\"type\":\"number\",\"label\":\"Retry Count\",\"order\":5,\"value\":3,\"secret\":false,\"required\":false,\"description\":\"Specify the no.of retry attempts.\",\"placeholder\":\"Enter no of retry attempts\",\"defaultValue\":3}],\"parameters\":[{\"name\":\"usePersistentConnections\",\"type\":\"boolean\",\"label\":\"Use Persistent Connections\",\"order\":1,\"value\":true,\"secret\":false,\"required\":false,\"description\":\"Specifies the Use Persistent Connections.\",\"placeholder\":\"Enter Use Persistent Connections\",\"defaultValue\":true},{\"name\":\"connectionTimeout\",\"type\":\"number\",\"label\":\"Connection Timeout(ms)\",\"order\":2,\"value\":120000,\"secret\":false,\"required\":false,\"description\":\"Specify the Connection Timeout.\",\"placeholder\":\"Enter Connection Timeout\",\"defaultValue\":120000},{\"name\":\"responseTimeout\",\"type\":\"number\",\"label\":\"Response Timeout(ms)\",\"order\":3,\"value\":120000,\"secret\":false,\"required\":false,\"description\":\"Specify the Response Timeout.\",\"placeholder\":\"Enter Response Timeout\",\"defaultValue\":120000},{\"name\":\"retryInterval\",\"type\":\"number\",\"label\":\"Retry Interval(ms)\",\"order\":4,\"value\":100,\"secret\":false,\"required\":false,\"description\":\"Specify the interval between recovery attempts on failure in milliseconds.\",\"placeholder\":\"Enter Recovery Interval\",\"defaultValue\":100},{\"name\":\"retryCount\",\"type\":\"number\",\"label\":\"Retry Count\",\"order\":5,\"value\":3,\"secret\":false,\"required\":false,\"description\":\"Specify the no.of retry attempts.\",\"placeholder\":\"Enter no of retry attempts\",\"defaultValue\":3}]}]},{\"id\":\"81e359da-9454-40ba-b968-1273a3b8e37b\",\"name\":\"CHECK\",\"nodes\":[{\"name\":\"security\",\"type\":\"object\",\"label\":\"General\",\"children\":[{\"mode\":\"default\",\"name\":\"connection_type\",\"type\":\"select\",\"label\":\"Connection Type\",\"order\":0,\"secret\":false,\"options\":[{\"label\":\"OAuth 2.0\",\"value\":\"OAuth 2.0\",\"parameters\":[{\"mode\":\"default\",\"name\":\"base_url\",\"type\":\"string\",\"label\":\"Base URL\",\"order\":1,\"value\":\"https://api.hubapi.com/crm/v3\",\"required\":true,\"description\":\"Specify the Base URL\",\"placeholder\":\"Enter Base URL\",\"defaultValue\":\"https://api.hubapi.com/crm/v3\"},{\"mode\":\"default\",\"name\":\"client_id\",\"type\":\"string\",\"label\":\"Client ID\",\"order\":2,\"required\":true,\"description\":\"Specify the Client ID.\",\"placeholder\":\"Enter Client ID\"},{\"mode\":\"default\",\"name\":\"client_secret\",\"type\":\"string\",\"label\":\"Client Secret\",\"order\":3,\"secret\":true,\"required\":true,\"description\":\"Specify the Client Secret.\",\"placeholder\":\"Enter Client Secret\",\"vault_required\":true,\"encryption_required\":true},{\"mode\":\"default\",\"name\":\"authorize_url\",\"type\":\"string\",\"label\":\"Authorize URL\",\"order\":4,\"value\":\"https://app.hubspot.com/oauth/authorize\",\"required\":true,\"description\":\"Specify the Authorization URL.\",\"placeholder\":\"Enter Authorization URL.\",\"defaultValue\":\"https://app.hubspot.com/oauth/authorize\"},{\"mode\":\"default\",\"name\":\"token_url\",\"type\":\"string\",\"label\":\"Token URL\",\"order\":5,\"value\":\"https://api.hubapi.com/oauth/v1/token\",\"required\":true,\"description\":\"Specify the Token URL.\",\"placeholder\":\"Enter Token URL\",\"defaultValue\":\"https://api.hubapi.com/oauth/v1/token\"},{\"mode\":\"default\",\"name\":\"scopes\",\"type\":\"string\",\"label\":\"Scopes\",\"order\":6,\"required\":false,\"description\":\"Specify the Scopes.\",\"placeholder\":\"Enter Scopes\"}]}],\"required\":true,\"selected\":\"OAuth 2.0\",\"allowClear\":false,\"showSearch\":false,\"description\":\"Specify the Connection Type.\",\"placeholder\":\"Specify the Connection Type\",\"isExpandable\":\"true\"}],\"parameters\":[{\"mode\":\"default\",\"name\":\"connection_type\",\"type\":\"select\",\"label\":\"Connection Type\",\"order\":0,\"secret\":false,\"options\":[{\"label\":\"OAuth 2.0\",\"value\":\"OAuth 2.0\",\"parameters\":[{\"mode\":\"default\",\"name\":\"base_url\",\"type\":\"string\",\"label\":\"Base URL\",\"order\":1,\"value\":\"https://api.hubapi.com/crm/v3\",\"required\":true,\"description\":\"Specify the Base URL\",\"placeholder\":\"Enter Base URL\",\"defaultValue\":\"https://api.hubapi.com/crm/v3\"},{\"mode\":\"default\",\"name\":\"client_id\",\"type\":\"string\",\"label\":\"Client ID\",\"order\":2,\"required\":true,\"description\":\"Specify the Client ID.\",\"placeholder\":\"Enter Client ID\"},{\"mode\":\"default\",\"name\":\"client_secret\",\"type\":\"string\",\"label\":\"Client Secret\",\"order\":3,\"secret\":true,\"required\":true,\"description\":\"Specify the Client Secret.\",\"placeholder\":\"Enter Client Secret\",\"vault_required\":true,\"encryption_required\":true},{\"mode\":\"default\",\"name\":\"authorize_url\",\"type\":\"string\",\"label\":\"Authorize URL\",\"order\":4,\"value\":\"https://app.hubspot.com/oauth/authorize\",\"required\":true,\"description\":\"Specify the Authorization URL.\",\"placeholder\":\"Enter Authorization URL.\",\"defaultValue\":\"https://app.hubspot.com/oauth/authorize\"},{\"mode\":\"default\",\"name\":\"token_url\",\"type\":\"string\",\"label\":\"Token URL\",\"order\":5,\"value\":\"https://api.hubapi.com/oauth/v1/token\",\"required\":true,\"description\":\"Specify the Token URL.\",\"placeholder\":\"Enter Token URL\",\"defaultValue\":\"https://api.hubapi.com/oauth/v1/token\"},{\"mode\":\"default\",\"name\":\"scopes\",\"type\":\"string\",\"label\":\"Scopes\",\"order\":6,\"required\":false,\"description\":\"Specify the Scopes.\",\"placeholder\":\"Enter Scopes\"}]}],\"required\":true,\"selected\":\"OAuth 2.0\",\"allowClear\":false,\"showSearch\":false,\"description\":\"Specify the Connection Type.\",\"placeholder\":\"Specify the Connection Type\",\"isExpandable\":\"true\"}]},{\"name\":\"advanced\",\"type\":\"object\",\"label\":\"Advanced\",\"children\":[{\"name\":\"usePersistentConnections\",\"type\":\"boolean\",\"label\":\"Use Persistent Connections\",\"order\":1,\"value\":true,\"secret\":false,\"required\":false,\"description\":\"Specifies the Use Persistent Connections.\",\"placeholder\":\"Enter Use Persistent Connections\",\"defaultValue\":true},{\"name\":\"connectionTimeout\",\"type\":\"number\",\"label\":\"Connection Timeout(ms)\",\"order\":2,\"value\":120000,\"secret\":false,\"required\":false,\"description\":\"Specify the Connection Timeout.\",\"placeholder\":\"Enter Connection Timeout\",\"defaultValue\":120000},{\"name\":\"responseTimeout\",\"type\":\"number\",\"label\":\"Response Timeout(ms)\",\"order\":3,\"value\":120000,\"secret\":false,\"required\":false,\"description\":\"Specify the Response Timeout.\",\"placeholder\":\"Enter Response Timeout\",\"defaultValue\":120000},{\"name\":\"retryInterval\",\"type\":\"number\",\"label\":\"Retry Interval(ms)\",\"order\":4,\"value\":100,\"secret\":false,\"required\":false,\"description\":\"Specify the interval between recovery attempts on failure in milliseconds.\",\"placeholder\":\"Enter Recovery Interval\",\"defaultValue\":100},{\"name\":\"retryCount\",\"type\":\"number\",\"label\":\"Retry Count\",\"order\":5,\"value\":3,\"secret\":false,\"required\":false,\"description\":\"Specify the no.of retry attempts.\",\"placeholder\":\"Enter no of retry attempts\",\"defaultValue\":3}],\"parameters\":[{\"name\":\"usePersistentConnections\",\"type\":\"boolean\",\"label\":\"Use Persistent Connections\",\"order\":1,\"value\":true,\"secret\":false,\"required\":false,\"description\":\"Specifies the Use Persistent Connections.\",\"placeholder\":\"Enter Use Persistent Connections\",\"defaultValue\":true},{\"name\":\"connectionTimeout\",\"type\":\"number\",\"label\":\"Connection Timeout(ms)\",\"order\":2,\"value\":120000,\"secret\":false,\"required\":false,\"description\":\"Specify the Connection Timeout.\",\"placeholder\":\"Enter Connection Timeout\",\"defaultValue\":120000},{\"name\":\"responseTimeout\",\"type\":\"number\",\"label\":\"Response Timeout(ms)\",\"order\":3,\"value\":120000,\"secret\":false,\"required\":false,\"description\":\"Specify the Response Timeout.\",\"placeholder\":\"Enter Response Timeout\",\"defaultValue\":120000},{\"name\":\"retryInterval\",\"type\":\"number\",\"label\":\"Retry Interval(ms)\",\"order\":4,\"value\":100,\"secret\":false,\"required\":false,\"description\":\"Specify the interval between recovery attempts on failure in milliseconds.\",\"placeholder\":\"Enter Recovery Interval\",\"defaultValue\":100},{\"name\":\"retryCount\",\"type\":\"number\",\"label\":\"Retry Count\",\"order\":5,\"value\":3,\"secret\":false,\"required\":false,\"description\":\"Specify the no.of retry attempts.\",\"placeholder\":\"Enter no of retry attempts\",\"defaultValue\":3}]}]},{\"id\":\"bdf2e4f5-a195-40b5-a82a-1d76ab30e077\",\"name\":\"LIVE\",\"nodes\":[{\"name\":\"security\",\"type\":\"object\",\"label\":\"General\",\"children\":[{\"mode\":\"default\",\"name\":\"connection_type\",\"type\":\"select\",\"label\":\"Connection Type\",\"order\":0,\"secret\":false,\"options\":[{\"label\":\"OAuth 2.0\",\"value\":\"OAuth 2.0\",\"parameters\":[{\"mode\":\"default\",\"name\":\"base_url\",\"type\":\"string\",\"label\":\"Base URL\",\"order\":1,\"value\":\"https://api.hubapi.com/crm/v3\",\"required\":true,\"description\":\"Specify the Base URL\",\"placeholder\":\"Enter Base URL\",\"defaultValue\":\"https://api.hubapi.com/crm/v3\"},{\"mode\":\"default\",\"name\":\"client_id\",\"type\":\"string\",\"label\":\"Client ID\",\"order\":2,\"required\":true,\"description\":\"Specify the Client ID.\",\"placeholder\":\"Enter Client ID\"},{\"mode\":\"default\",\"name\":\"client_secret\",\"type\":\"string\",\"label\":\"Client Secret\",\"order\":3,\"secret\":true,\"required\":true,\"description\":\"Specify the Client Secret.\",\"placeholder\":\"Enter Client Secret\",\"vault_required\":true,\"encryption_required\":true},{\"mode\":\"default\",\"name\":\"authorize_url\",\"type\":\"string\",\"label\":\"Authorize URL\",\"order\":4,\"value\":\"https://app.hubspot.com/oauth/authorize\",\"required\":true,\"description\":\"Specify the Authorization URL.\",\"placeholder\":\"Enter Authorization URL.\",\"defaultValue\":\"https://app.hubspot.com/oauth/authorize\"},{\"mode\":\"default\",\"name\":\"token_url\",\"type\":\"string\",\"label\":\"Token URL\",\"order\":5,\"value\":\"https://api.hubapi.com/oauth/v1/token\",\"required\":true,\"description\":\"Specify the Token URL.\",\"placeholder\":\"Enter Token URL\",\"defaultValue\":\"https://api.hubapi.com/oauth/v1/token\"},{\"mode\":\"default\",\"name\":\"scopes\",\"type\":\"string\",\"label\":\"Scopes\",\"order\":6,\"required\":false,\"description\":\"Specify the Scopes.\",\"placeholder\":\"Enter Scopes\"}]}],\"required\":true,\"selected\":\"OAuth 2.0\",\"allowClear\":false,\"showSearch\":false,\"description\":\"Specify the Connection Type.\",\"placeholder\":\"Specify the Connection Type\",\"isExpandable\":\"true\"}],\"parameters\":[{\"mode\":\"default\",\"name\":\"connection_type\",\"type\":\"select\",\"label\":\"Connection Type\",\"order\":0,\"secret\":false,\"options\":[{\"label\":\"OAuth 2.0\",\"value\":\"OAuth 2.0\",\"parameters\":[{\"mode\":\"default\",\"name\":\"base_url\",\"type\":\"string\",\"label\":\"Base URL\",\"order\":1,\"value\":\"https://api.hubapi.com/crm/v3\",\"required\":true,\"description\":\"Specify the Base URL\",\"placeholder\":\"Enter Base URL\",\"defaultValue\":\"https://api.hubapi.com/crm/v3\"},{\"mode\":\"default\",\"name\":\"client_id\",\"type\":\"string\",\"label\":\"Client ID\",\"order\":2,\"required\":true,\"description\":\"Specify the Client ID.\",\"placeholder\":\"Enter Client ID\"},{\"mode\":\"default\",\"name\":\"client_secret\",\"type\":\"string\",\"label\":\"Client Secret\",\"order\":3,\"secret\":true,\"required\":true,\"description\":\"Specify the Client Secret.\",\"placeholder\":\"Enter Client Secret\",\"vault_required\":true,\"encryption_required\":true},{\"mode\":\"default\",\"name\":\"authorize_url\",\"type\":\"string\",\"label\":\"Authorize URL\",\"order\":4,\"value\":\"https://app.hubspot.com/oauth/authorize\",\"required\":true,\"description\":\"Specify the Authorization URL.\",\"placeholder\":\"Enter Authorization URL.\",\"defaultValue\":\"https://app.hubspot.com/oauth/authorize\"},{\"mode\":\"default\",\"name\":\"token_url\",\"type\":\"string\",\"label\":\"Token URL\",\"order\":5,\"value\":\"https://api.hubapi.com/oauth/v1/token\",\"required\":true,\"description\":\"Specify the Token URL.\",\"placeholder\":\"Enter Token URL\",\"defaultValue\":\"https://api.hubapi.com/oauth/v1/token\"},{\"mode\":\"default\",\"name\":\"scopes\",\"type\":\"string\",\"label\":\"Scopes\",\"order\":6,\"required\":false,\"description\":\"Specify the Scopes.\",\"placeholder\":\"Enter Scopes\"}]}],\"required\":true,\"selected\":\"OAuth 2.0\",\"allowClear\":false,\"showSearch\":false,\"description\":\"Specify the Connection Type.\",\"placeholder\":\"Specify the Connection Type\",\"isExpandable\":\"true\"}]},{\"name\":\"advanced\",\"type\":\"object\",\"label\":\"Advanced\",\"children\":[{\"name\":\"usePersistentConnections\",\"type\":\"boolean\",\"label\":\"Use Persistent Connections\",\"order\":1,\"value\":true,\"secret\":false,\"required\":false,\"description\":\"Specifies the Use Persistent Connections.\",\"placeholder\":\"Enter Use Persistent Connections\",\"defaultValue\":true},{\"name\":\"connectionTimeout\",\"type\":\"number\",\"label\":\"Connection Timeout(ms)\",\"order\":2,\"value\":120000,\"secret\":false,\"required\":false,\"description\":\"Specify the Connection Timeout.\",\"placeholder\":\"Enter Connection Timeout\",\"defaultValue\":120000},{\"name\":\"responseTimeout\",\"type\":\"number\",\"label\":\"Response Timeout(ms)\",\"order\":3,\"value\":120000,\"secret\":false,\"required\":false,\"description\":\"Specify the Response Timeout.\",\"placeholder\":\"Enter Response Timeout\",\"defaultValue\":120000},{\"name\":\"retryInterval\",\"type\":\"number\",\"label\":\"Retry Interval(ms)\",\"order\":4,\"value\":100,\"secret\":false,\"required\":false,\"description\":\"Specify the interval between recovery attempts on failure in milliseconds.\",\"placeholder\":\"Enter Recovery Interval\",\"defaultValue\":100},{\"name\":\"retryCount\",\"type\":\"number\",\"label\":\"Retry Count\",\"order\":5,\"value\":3,\"secret\":false,\"required\":false,\"description\":\"Specify the no.of retry attempts.\",\"placeholder\":\"Enter no of retry attempts\",\"defaultValue\":3}],\"parameters\":[{\"name\":\"usePersistentConnections\",\"type\":\"boolean\",\"label\":\"Use Persistent Connections\",\"order\":1,\"value\":true,\"secret\":false,\"required\":false,\"description\":\"Specifies the Use Persistent Connections.\",\"placeholder\":\"Enter Use Persistent Connections\",\"defaultValue\":true},{\"name\":\"connectionTimeout\",\"type\":\"number\",\"label\":\"Connection Timeout(ms)\",\"order\":2,\"value\":120000,\"secret\":false,\"required\":false,\"description\":\"Specify the Connection Timeout.\",\"placeholder\":\"Enter Connection Timeout\",\"defaultValue\":120000},{\"name\":\"responseTimeout\",\"type\":\"number\",\"label\":\"Response Timeout(ms)\",\"order\":3,\"value\":120000,\"secret\":false,\"required\":false,\"description\":\"Specify the Response Timeout.\",\"placeholder\":\"Enter Response Timeout\",\"defaultValue\":120000},{\"name\":\"retryInterval\",\"type\":\"number\",\"label\":\"Retry Interval(ms)\",\"order\":4,\"value\":100,\"secret\":false,\"required\":false,\"description\":\"Specify the interval between recovery attempts on failure in milliseconds.\",\"placeholder\":\"Enter Recovery Interval\",\"defaultValue\":100},{\"name\":\"retryCount\",\"type\":\"number\",\"label\":\"Retry Count\",\"order\":5,\"value\":3,\"secret\":false,\"required\":false,\"description\":\"Specify the no.of retry attempts.\",\"placeholder\":\"Enter no of retry attempts\",\"defaultValue\":3}]}]}],\"112c1cb8-4b9e-4d1a-a042-0bd031dc7d05\":{\"HubspotEndpoint\":{\"advanced\":{\"retryCount\":3,\"retryInterval\":100,\"responseTimeout\":120000,\"connectionTimeout\":120000,\"usePersistentConnections\":true},\"security\":{\"scopes\":\"crm.objects.contacts.write crm.schemas.contacts.write crm.objects.custom.read crm.objects.custom.write oauth crm.schemas.contacts.read crm.objects.contacts.read\",\"base_url\":\"https://api.hubapi.com/crm/v3\",\"client_id\":\"7a05e693-4da9-48d4-8cf7-db2a9f0202e3\",\"token_url\":\"https://api.hubapi.com/oauth/v1/token\",\"authorize_url\":\"https://app.hubspot.com/oauth/authorize\",\"client_secret\":\"8b8b4262-a350-4d2f-a2d1-7dbe63adb64f\",\"connection_type\":\"OAuth 2.0\"}}},\"81e359da-9454-40ba-b968-1273a3b8e37b\":{\"HubspotEndpoint\":{\"advanced\":{\"retryCount\":3,\"retryInterval\":100,\"responseTimeout\":120000,\"connectionTimeout\":120000,\"usePersistentConnections\":true},\"security\":{\"connection_type\":\"OAuth 2.0\"}}},\"bdf2e4f5-a195-40b5-a82a-1d76ab30e077\":{\"HubspotEndpoint\":{\"advanced\":{\"retryCount\":3,\"retryInterval\":100,\"responseTimeout\":120000,\"connectionTimeout\":120000,\"usePersistentConnections\":true},\"security\":{\"connection_type\":\"OAuth 2.0\"}}}}",
  "endpoint_type_id" : "8c6dedaf-c627-4344-b71f-cb9f3b59ae68",
  "enabled" : true,
  "bean_name" : "Hubspot-2cb2e480-ee80-49ea-b82c-aa6fc8c581a6",
  "status" : {
    "type" : "jsonb",
    "value" : "{\"112c1cb8-4b9e-4d1a-a042-0bd031dc7d05\": true, \"81e359da-9454-40ba-b968-1273a3b8e37b\": true, \"bdf2e4f5-a195-40b5-a82a-1d76ab30e077\": true}",
    "null" : false
  },
  "auth_token_config" : {
    "type" : "jsonb",
    "value" : "{}",
    "null" : false
  },
  "avatar_id" : null,
  "tag" : "EMPTY",
  "active" : true,
  "is_changed" : false,
  "comment" : null,
  "is_error" : false,
  "base_tag" : "V2"
}