{
  "id" : "39d9aa38-9e65-4ac5-ae9d-0ce82f0457bb",
  "name" : "Mavericks Slack Workspace",
  "description" : "Mavericks Slack Server",
  "connection_config" : "{\"uiJson\":[{\"id\":\"112c1cb8-4b9e-4d1a-a042-0bd031dc7d05\",\"name\":\"DESIGN\",\"nodes\":[{\"name\":\"security\",\"type\":\"object\",\"label\":\"General\",\"children\":[{\"mode\":\"default\",\"name\":\"connection_type\",\"type\":\"select\",\"label\":\"Connection Type\",\"order\":1,\"secret\":false,\"options\":[{\"label\":\"OAuth 2.0\",\"value\":\"OAuth 2.0\",\"parameters\":[{\"mode\":\"default\",\"name\":\"base_url\",\"type\":\"string\",\"label\":\"Base URL\",\"order\":1,\"value\":\"https://slack.com/api\",\"required\":true,\"description\":\"Specify the Base URL.\",\"placeholder\":\"Enter Base URL\",\"defaultValue\":\"https://slack.com/api\"},{\"mode\":\"default\",\"name\":\"client_id\",\"type\":\"string\",\"label\":\"Client ID\",\"order\":2,\"value\":\"5913222380370.5906598393526\",\"required\":true,\"description\":\"Specify the Client ID.\",\"placeholder\":\"Enter Client ID\"},{\"mode\":\"default\",\"name\":\"client_secret\",\"type\":\"string\",\"label\":\"Client Secret\",\"order\":3,\"value\":\"dfe9c00fa7fefa5ff4a4da0a3aac3875\",\"required\":true,\"description\":\"Specify the Client Secret.\",\"placeholder\":\"Enter Client Secret\",\"vault_required\":true,\"encryption_required\":true},{\"mode\":\"default\",\"name\":\"authorize_url\",\"type\":\"string\",\"label\":\"Authorize URL\",\"order\":4,\"value\":\"https://slack.com/oauth/v2/authorize\",\"required\":true,\"description\":\"Specify the Authorization URL.\",\"placeholder\":\"Enter Authorization URL.\",\"defaultValue\":\"https://slack.com/oauth/v2/authorize\"},{\"mode\":\"default\",\"name\":\"token_url\",\"type\":\"string\",\"label\":\"Token URL\",\"order\":5,\"value\":\"https://slack.com/api/oauth.v2.access\",\"required\":true,\"description\":\"Specify the Token URL.\",\"placeholder\":\"Enter Token URL\",\"defaultValue\":\"https://slack.com/api/oauth.v2.access\"},{\"mode\":\"default\",\"name\":\"scopes\",\"type\":\"string\",\"label\":\"Scopes\",\"order\":6,\"value\":\"channels:read\",\"required\":false,\"description\":\"Specify the Scopes.\",\"placeholder\":\"Enter Scopes\",\"defaultValue\":\"channels:read\"}]}],\"required\":true,\"selected\":\"OAuth 2.0\",\"allowClear\":false,\"showSearch\":false,\"description\":\"Specify the Connection Type.\",\"placeholder\":\"Specify the Connection Type\",\"isExpandable\":\"true\"},{\"mode\":\"default\",\"name\":\"base_url\",\"type\":\"string\",\"label\":\"Base URL\",\"order\":1,\"value\":\"https://slack.com/api\",\"required\":true,\"description\":\"Specify the Base URL.\",\"placeholder\":\"Enter Base URL\",\"defaultValue\":\"https://slack.com/api\"},{\"mode\":\"default\",\"name\":\"client_id\",\"type\":\"string\",\"label\":\"Client ID\",\"order\":2,\"value\":\"5913222380370.5906598393526\",\"required\":true,\"description\":\"Specify the Client ID.\",\"placeholder\":\"Enter Client ID\"},{\"mode\":\"default\",\"name\":\"client_secret\",\"type\":\"string\",\"label\":\"Client Secret\",\"order\":3,\"value\":\"dfe9c00fa7fefa5ff4a4da0a3aac3875\",\"required\":true,\"description\":\"Specify the Client Secret.\",\"placeholder\":\"Enter Client Secret\",\"vault_required\":true,\"encryption_required\":true},{\"mode\":\"default\",\"name\":\"authorize_url\",\"type\":\"string\",\"label\":\"Authorize URL\",\"order\":4,\"value\":\"https://slack.com/oauth/v2/authorize\",\"required\":true,\"description\":\"Specify the Authorization URL.\",\"placeholder\":\"Enter Authorization URL.\",\"defaultValue\":\"https://slack.com/oauth/v2/authorize\"},{\"mode\":\"default\",\"name\":\"token_url\",\"type\":\"string\",\"label\":\"Token URL\",\"order\":5,\"value\":\"https://slack.com/api/oauth.v2.access\",\"required\":true,\"description\":\"Specify the Token URL.\",\"placeholder\":\"Enter Token URL\",\"defaultValue\":\"https://slack.com/api/oauth.v2.access\"},{\"mode\":\"default\",\"name\":\"scopes\",\"type\":\"string\",\"label\":\"Scopes\",\"order\":6,\"value\":\"channels:read\",\"required\":false,\"description\":\"Specify the Scopes.\",\"placeholder\":\"Enter Scopes\",\"defaultValue\":\"channels:read\"}],\"parameters\":[{\"mode\":\"default\",\"name\":\"connection_type\",\"type\":\"select\",\"label\":\"Connection Type\",\"order\":1,\"secret\":false,\"options\":[{\"label\":\"OAuth 2.0\",\"value\":\"OAuth 2.0\",\"parameters\":[{\"mode\":\"default\",\"name\":\"base_url\",\"type\":\"string\",\"label\":\"Base URL\",\"order\":1,\"value\":\"https://slack.com/api\",\"required\":true,\"description\":\"Specify the Base URL.\",\"placeholder\":\"Enter Base URL\",\"defaultValue\":\"https://slack.com/api\"},{\"mode\":\"default\",\"name\":\"client_id\",\"type\":\"string\",\"label\":\"Client ID\",\"order\":2,\"value\":\"5913222380370.5906598393526\",\"required\":true,\"description\":\"Specify the Client ID.\",\"placeholder\":\"Enter Client ID\"},{\"mode\":\"default\",\"name\":\"client_secret\",\"type\":\"string\",\"label\":\"Client Secret\",\"order\":3,\"value\":\"dfe9c00fa7fefa5ff4a4da0a3aac3875\",\"required\":true,\"description\":\"Specify the Client Secret.\",\"placeholder\":\"Enter Client Secret\",\"vault_required\":true,\"encryption_required\":true},{\"mode\":\"default\",\"name\":\"authorize_url\",\"type\":\"string\",\"label\":\"Authorize URL\",\"order\":4,\"value\":\"https://slack.com/oauth/v2/authorize\",\"required\":true,\"description\":\"Specify the Authorization URL.\",\"placeholder\":\"Enter Authorization URL.\",\"defaultValue\":\"https://slack.com/oauth/v2/authorize\"},{\"mode\":\"default\",\"name\":\"token_url\",\"type\":\"string\",\"label\":\"Token URL\",\"order\":5,\"value\":\"https://slack.com/api/oauth.v2.access\",\"required\":true,\"description\":\"Specify the Token URL.\",\"placeholder\":\"Enter Token URL\",\"defaultValue\":\"https://slack.com/api/oauth.v2.access\"},{\"mode\":\"default\",\"name\":\"scopes\",\"type\":\"string\",\"label\":\"Scopes\",\"order\":6,\"value\":\"channels:read\",\"required\":false,\"description\":\"Specify the Scopes.\",\"placeholder\":\"Enter Scopes\",\"defaultValue\":\"channels:read\"}]}],\"required\":true,\"selected\":\"OAuth 2.0\",\"allowClear\":false,\"showSearch\":false,\"description\":\"Specify the Connection Type.\",\"placeholder\":\"Specify the Connection Type\",\"isExpandable\":\"true\"},{\"mode\":\"default\",\"name\":\"base_url\",\"type\":\"string\",\"label\":\"Base URL\",\"order\":1,\"value\":\"https://slack.com/api\",\"required\":true,\"description\":\"Specify the Base URL.\",\"placeholder\":\"Enter Base URL\",\"defaultValue\":\"https://slack.com/api\"},{\"mode\":\"default\",\"name\":\"client_id\",\"type\":\"string\",\"label\":\"Client ID\",\"order\":2,\"value\":\"5913222380370.5906598393526\",\"required\":true,\"description\":\"Specify the Client ID.\",\"placeholder\":\"Enter Client ID\"},{\"mode\":\"default\",\"name\":\"client_secret\",\"type\":\"string\",\"label\":\"Client Secret\",\"order\":3,\"value\":\"dfe9c00fa7fefa5ff4a4da0a3aac3875\",\"required\":true,\"description\":\"Specify the Client Secret.\",\"placeholder\":\"Enter Client Secret\",\"vault_required\":true,\"encryption_required\":true},{\"mode\":\"default\",\"name\":\"authorize_url\",\"type\":\"string\",\"label\":\"Authorize URL\",\"order\":4,\"value\":\"https://slack.com/oauth/v2/authorize\",\"required\":true,\"description\":\"Specify the Authorization URL.\",\"placeholder\":\"Enter Authorization URL.\",\"defaultValue\":\"https://slack.com/oauth/v2/authorize\"},{\"mode\":\"default\",\"name\":\"token_url\",\"type\":\"string\",\"label\":\"Token URL\",\"order\":5,\"value\":\"https://slack.com/api/oauth.v2.access\",\"required\":true,\"description\":\"Specify the Token URL.\",\"placeholder\":\"Enter Token URL\",\"defaultValue\":\"https://slack.com/api/oauth.v2.access\"},{\"mode\":\"default\",\"name\":\"scopes\",\"type\":\"string\",\"label\":\"Scopes\",\"order\":6,\"value\":\"channels:read\",\"required\":false,\"description\":\"Specify the Scopes.\",\"placeholder\":\"Enter Scopes\",\"defaultValue\":\"channels:read\"}]},{\"name\":\"advanced\",\"type\":\"object\",\"label\":\"Advanced\",\"children\":[{\"name\":\"usePersistentConnections\",\"type\":\"boolean\",\"label\":\"Use Persistent Connections\",\"order\":1,\"value\":true,\"secret\":false,\"required\":false,\"description\":\"Specifies the Use Persistent Connections.\",\"placeholder\":\"Enter Use Persistent Connections\",\"defaultValue\":true},{\"name\":\"connectionTimeout\",\"type\":\"number\",\"label\":\"Connection Timeout(ms)\",\"order\":2,\"value\":120000,\"secret\":false,\"required\":false,\"description\":\"Specify the Connection Timeout.\",\"placeholder\":\"Enter Connection Timeout\",\"defaultValue\":120000},{\"name\":\"responseTimeout\",\"type\":\"number\",\"label\":\"Response Timeout(ms)\",\"order\":3,\"value\":120000,\"secret\":false,\"required\":false,\"description\":\"Specify the Response Timeout.\",\"placeholder\":\"Enter Response Timeout\",\"defaultValue\":120000},{\"name\":\"retryInterval\",\"type\":\"number\",\"label\":\"Retry Interval(ms)\",\"order\":4,\"value\":100,\"secret\":false,\"required\":false,\"description\":\"Specify the interval between recovery attempts on failure in milliseconds.\",\"placeholder\":\"Enter Recovery Interval\",\"defaultValue\":100},{\"name\":\"retryCount\",\"type\":\"number\",\"label\":\"Retry Count\",\"order\":5,\"value\":3,\"secret\":false,\"required\":false,\"description\":\"Specify the no.of retry attempts.\",\"placeholder\":\"Enter no of retry attempts\",\"defaultValue\":3}],\"parameters\":[{\"name\":\"usePersistentConnections\",\"type\":\"boolean\",\"label\":\"Use Persistent Connections\",\"order\":1,\"value\":true,\"secret\":false,\"required\":false,\"description\":\"Specifies the Use Persistent Connections.\",\"placeholder\":\"Enter Use Persistent Connections\",\"defaultValue\":true},{\"name\":\"connectionTimeout\",\"type\":\"number\",\"label\":\"Connection Timeout(ms)\",\"order\":2,\"value\":120000,\"secret\":false,\"required\":false,\"description\":\"Specify the Connection Timeout.\",\"placeholder\":\"Enter Connection Timeout\",\"defaultValue\":120000},{\"name\":\"responseTimeout\",\"type\":\"number\",\"label\":\"Response Timeout(ms)\",\"order\":3,\"value\":120000,\"secret\":false,\"required\":false,\"description\":\"Specify the Response Timeout.\",\"placeholder\":\"Enter Response Timeout\",\"defaultValue\":120000},{\"name\":\"retryInterval\",\"type\":\"number\",\"label\":\"Retry Interval(ms)\",\"order\":4,\"value\":100,\"secret\":false,\"required\":false,\"description\":\"Specify the interval between recovery attempts on failure in milliseconds.\",\"placeholder\":\"Enter Recovery Interval\",\"defaultValue\":100},{\"name\":\"retryCount\",\"type\":\"number\",\"label\":\"Retry Count\",\"order\":5,\"value\":3,\"secret\":false,\"required\":false,\"description\":\"Specify the no.of retry attempts.\",\"placeholder\":\"Enter no of retry attempts\",\"defaultValue\":3}]}]},{\"id\":\"81e359da-9454-40ba-b968-1273a3b8e37b\",\"name\":\"CHECK\",\"nodes\":[{\"name\":\"security\",\"type\":\"object\",\"label\":\"General\",\"children\":[{\"mode\":\"default\",\"name\":\"connection_type\",\"type\":\"select\",\"label\":\"Connection Type\",\"order\":1,\"secret\":false,\"options\":[{\"label\":\"OAuth 2.0\",\"value\":\"OAuth 2.0\",\"parameters\":[{\"mode\":\"default\",\"name\":\"base_url\",\"type\":\"string\",\"label\":\"Base URL\",\"order\":1,\"value\":\"https://slack.com/api\",\"required\":true,\"description\":\"Specify the Base URL.\",\"placeholder\":\"Enter Base URL\",\"defaultValue\":\"https://slack.com/api\"},{\"mode\":\"default\",\"name\":\"client_id\",\"type\":\"string\",\"label\":\"Client ID\",\"order\":2,\"required\":true,\"description\":\"Specify the Client ID.\",\"placeholder\":\"Enter Client ID\"},{\"mode\":\"default\",\"name\":\"client_secret\",\"type\":\"string\",\"label\":\"Client Secret\",\"order\":3,\"required\":true,\"description\":\"Specify the Client Secret.\",\"placeholder\":\"Enter Client Secret\",\"vault_required\":true,\"encryption_required\":true},{\"mode\":\"default\",\"name\":\"authorize_url\",\"type\":\"string\",\"label\":\"Authorize URL\",\"order\":4,\"value\":\"https://slack.com/oauth/v2/authorize\",\"required\":true,\"description\":\"Specify the Authorization URL.\",\"placeholder\":\"Enter Authorization URL.\",\"defaultValue\":\"https://slack.com/oauth/v2/authorize\"},{\"mode\":\"default\",\"name\":\"token_url\",\"type\":\"string\",\"label\":\"Token URL\",\"order\":5,\"value\":\"https://slack.com/api/oauth.v2.access\",\"required\":true,\"description\":\"Specify the Token URL.\",\"placeholder\":\"Enter Token URL\",\"defaultValue\":\"https://slack.com/api/oauth.v2.access\"},{\"mode\":\"default\",\"name\":\"scopes\",\"type\":\"string\",\"label\":\"Scopes\",\"order\":6,\"value\":\"channels:read\",\"required\":false,\"description\":\"Specify the Scopes.\",\"placeholder\":\"Enter Scopes\",\"defaultValue\":\"channels:read\"}]}],\"required\":true,\"selected\":\"OAuth 2.0\",\"allowClear\":false,\"showSearch\":false,\"description\":\"Specify the Connection Type.\",\"placeholder\":\"Specify the Connection Type\",\"isExpandable\":\"true\"}],\"parameters\":[{\"mode\":\"default\",\"name\":\"connection_type\",\"type\":\"select\",\"label\":\"Connection Type\",\"order\":1,\"secret\":false,\"options\":[{\"label\":\"OAuth 2.0\",\"value\":\"OAuth 2.0\",\"parameters\":[{\"mode\":\"default\",\"name\":\"base_url\",\"type\":\"string\",\"label\":\"Base URL\",\"order\":1,\"value\":\"https://slack.com/api\",\"required\":true,\"description\":\"Specify the Base URL.\",\"placeholder\":\"Enter Base URL\",\"defaultValue\":\"https://slack.com/api\"},{\"mode\":\"default\",\"name\":\"client_id\",\"type\":\"string\",\"label\":\"Client ID\",\"order\":2,\"required\":true,\"description\":\"Specify the Client ID.\",\"placeholder\":\"Enter Client ID\"},{\"mode\":\"default\",\"name\":\"client_secret\",\"type\":\"string\",\"label\":\"Client Secret\",\"order\":3,\"required\":true,\"description\":\"Specify the Client Secret.\",\"placeholder\":\"Enter Client Secret\",\"vault_required\":true,\"encryption_required\":true},{\"mode\":\"default\",\"name\":\"authorize_url\",\"type\":\"string\",\"label\":\"Authorize URL\",\"order\":4,\"value\":\"https://slack.com/oauth/v2/authorize\",\"required\":true,\"description\":\"Specify the Authorization URL.\",\"placeholder\":\"Enter Authorization URL.\",\"defaultValue\":\"https://slack.com/oauth/v2/authorize\"},{\"mode\":\"default\",\"name\":\"token_url\",\"type\":\"string\",\"label\":\"Token URL\",\"order\":5,\"value\":\"https://slack.com/api/oauth.v2.access\",\"required\":true,\"description\":\"Specify the Token URL.\",\"placeholder\":\"Enter Token URL\",\"defaultValue\":\"https://slack.com/api/oauth.v2.access\"},{\"mode\":\"default\",\"name\":\"scopes\",\"type\":\"string\",\"label\":\"Scopes\",\"order\":6,\"value\":\"channels:read\",\"required\":false,\"description\":\"Specify the Scopes.\",\"placeholder\":\"Enter Scopes\",\"defaultValue\":\"channels:read\"}]}],\"required\":true,\"selected\":\"OAuth 2.0\",\"allowClear\":false,\"showSearch\":false,\"description\":\"Specify the Connection Type.\",\"placeholder\":\"Specify the Connection Type\",\"isExpandable\":\"true\"}]},{\"name\":\"advanced\",\"type\":\"object\",\"label\":\"Advanced\",\"children\":[{\"name\":\"usePersistentConnections\",\"type\":\"boolean\",\"label\":\"Use Persistent Connections\",\"order\":1,\"value\":true,\"secret\":false,\"required\":false,\"description\":\"Specifies the Use Persistent Connections.\",\"placeholder\":\"Enter Use Persistent Connections\",\"defaultValue\":true},{\"name\":\"connectionTimeout\",\"type\":\"number\",\"label\":\"Connection Timeout(ms)\",\"order\":2,\"value\":120000,\"secret\":false,\"required\":false,\"description\":\"Specify the Connection Timeout.\",\"placeholder\":\"Enter Connection Timeout\",\"defaultValue\":120000},{\"name\":\"responseTimeout\",\"type\":\"number\",\"label\":\"Response Timeout(ms)\",\"order\":3,\"value\":120000,\"secret\":false,\"required\":false,\"description\":\"Specify the Response Timeout.\",\"placeholder\":\"Enter Response Timeout\",\"defaultValue\":120000},{\"name\":\"retryInterval\",\"type\":\"number\",\"label\":\"Retry Interval(ms)\",\"order\":4,\"value\":100,\"secret\":false,\"required\":false,\"description\":\"Specify the interval between recovery attempts on failure in milliseconds.\",\"placeholder\":\"Enter Recovery Interval\",\"defaultValue\":100},{\"name\":\"retryCount\",\"type\":\"number\",\"label\":\"Retry Count\",\"order\":5,\"value\":3,\"secret\":false,\"required\":false,\"description\":\"Specify the no.of retry attempts.\",\"placeholder\":\"Enter no of retry attempts\",\"defaultValue\":3}],\"parameters\":[{\"name\":\"usePersistentConnections\",\"type\":\"boolean\",\"label\":\"Use Persistent Connections\",\"order\":1,\"value\":true,\"secret\":false,\"required\":false,\"description\":\"Specifies the Use Persistent Connections.\",\"placeholder\":\"Enter Use Persistent Connections\",\"defaultValue\":true},{\"name\":\"connectionTimeout\",\"type\":\"number\",\"label\":\"Connection Timeout(ms)\",\"order\":2,\"value\":120000,\"secret\":false,\"required\":false,\"description\":\"Specify the Connection Timeout.\",\"placeholder\":\"Enter Connection Timeout\",\"defaultValue\":120000},{\"name\":\"responseTimeout\",\"type\":\"number\",\"label\":\"Response Timeout(ms)\",\"order\":3,\"value\":120000,\"secret\":false,\"required\":false,\"description\":\"Specify the Response Timeout.\",\"placeholder\":\"Enter Response Timeout\",\"defaultValue\":120000},{\"name\":\"retryInterval\",\"type\":\"number\",\"label\":\"Retry Interval(ms)\",\"order\":4,\"value\":100,\"secret\":false,\"required\":false,\"description\":\"Specify the interval between recovery attempts on failure in milliseconds.\",\"placeholder\":\"Enter Recovery Interval\",\"defaultValue\":100},{\"name\":\"retryCount\",\"type\":\"number\",\"label\":\"Retry Count\",\"order\":5,\"value\":3,\"secret\":false,\"required\":false,\"description\":\"Specify the no.of retry attempts.\",\"placeholder\":\"Enter no of retry attempts\",\"defaultValue\":3}]}]},{\"id\":\"bdf2e4f5-a195-40b5-a82a-1d76ab30e077\",\"name\":\"LIVE\",\"nodes\":[{\"name\":\"security\",\"type\":\"object\",\"label\":\"General\",\"children\":[{\"mode\":\"default\",\"name\":\"connection_type\",\"type\":\"select\",\"label\":\"Connection Type\",\"order\":1,\"secret\":false,\"options\":[{\"label\":\"OAuth 2.0\",\"value\":\"OAuth 2.0\",\"parameters\":[{\"mode\":\"default\",\"name\":\"base_url\",\"type\":\"string\",\"label\":\"Base URL\",\"order\":1,\"value\":\"https://slack.com/api\",\"required\":true,\"description\":\"Specify the Base URL.\",\"placeholder\":\"Enter Base URL\",\"defaultValue\":\"https://slack.com/api\"},{\"mode\":\"default\",\"name\":\"client_id\",\"type\":\"string\",\"label\":\"Client ID\",\"order\":2,\"required\":true,\"description\":\"Specify the Client ID.\",\"placeholder\":\"Enter Client ID\"},{\"mode\":\"default\",\"name\":\"client_secret\",\"type\":\"string\",\"label\":\"Client Secret\",\"order\":3,\"required\":true,\"description\":\"Specify the Client Secret.\",\"placeholder\":\"Enter Client Secret\",\"vault_required\":true,\"encryption_required\":true},{\"mode\":\"default\",\"name\":\"authorize_url\",\"type\":\"string\",\"label\":\"Authorize URL\",\"order\":4,\"value\":\"https://slack.com/oauth/v2/authorize\",\"required\":true,\"description\":\"Specify the Authorization URL.\",\"placeholder\":\"Enter Authorization URL.\",\"defaultValue\":\"https://slack.com/oauth/v2/authorize\"},{\"mode\":\"default\",\"name\":\"token_url\",\"type\":\"string\",\"label\":\"Token URL\",\"order\":5,\"value\":\"https://slack.com/api/oauth.v2.access\",\"required\":true,\"description\":\"Specify the Token URL.\",\"placeholder\":\"Enter Token URL\",\"defaultValue\":\"https://slack.com/api/oauth.v2.access\"},{\"mode\":\"default\",\"name\":\"scopes\",\"type\":\"string\",\"label\":\"Scopes\",\"order\":6,\"value\":\"channels:read\",\"required\":false,\"description\":\"Specify the Scopes.\",\"placeholder\":\"Enter Scopes\",\"defaultValue\":\"channels:read\"}]}],\"required\":true,\"selected\":\"OAuth 2.0\",\"allowClear\":false,\"showSearch\":false,\"description\":\"Specify the Connection Type.\",\"placeholder\":\"Specify the Connection Type\",\"isExpandable\":\"true\"}],\"parameters\":[{\"mode\":\"default\",\"name\":\"connection_type\",\"type\":\"select\",\"label\":\"Connection Type\",\"order\":1,\"secret\":false,\"options\":[{\"label\":\"OAuth 2.0\",\"value\":\"OAuth 2.0\",\"parameters\":[{\"mode\":\"default\",\"name\":\"base_url\",\"type\":\"string\",\"label\":\"Base URL\",\"order\":1,\"value\":\"https://slack.com/api\",\"required\":true,\"description\":\"Specify the Base URL.\",\"placeholder\":\"Enter Base URL\",\"defaultValue\":\"https://slack.com/api\"},{\"mode\":\"default\",\"name\":\"client_id\",\"type\":\"string\",\"label\":\"Client ID\",\"order\":2,\"required\":true,\"description\":\"Specify the Client ID.\",\"placeholder\":\"Enter Client ID\"},{\"mode\":\"default\",\"name\":\"client_secret\",\"type\":\"string\",\"label\":\"Client Secret\",\"order\":3,\"required\":true,\"description\":\"Specify the Client Secret.\",\"placeholder\":\"Enter Client Secret\",\"vault_required\":true,\"encryption_required\":true},{\"mode\":\"default\",\"name\":\"authorize_url\",\"type\":\"string\",\"label\":\"Authorize URL\",\"order\":4,\"value\":\"https://slack.com/oauth/v2/authorize\",\"required\":true,\"description\":\"Specify the Authorization URL.\",\"placeholder\":\"Enter Authorization URL.\",\"defaultValue\":\"https://slack.com/oauth/v2/authorize\"},{\"mode\":\"default\",\"name\":\"token_url\",\"type\":\"string\",\"label\":\"Token URL\",\"order\":5,\"value\":\"https://slack.com/api/oauth.v2.access\",\"required\":true,\"description\":\"Specify the Token URL.\",\"placeholder\":\"Enter Token URL\",\"defaultValue\":\"https://slack.com/api/oauth.v2.access\"},{\"mode\":\"default\",\"name\":\"scopes\",\"type\":\"string\",\"label\":\"Scopes\",\"order\":6,\"value\":\"channels:read\",\"required\":false,\"description\":\"Specify the Scopes.\",\"placeholder\":\"Enter Scopes\",\"defaultValue\":\"channels:read\"}]}],\"required\":true,\"selected\":\"OAuth 2.0\",\"allowClear\":false,\"showSearch\":false,\"description\":\"Specify the Connection Type.\",\"placeholder\":\"Specify the Connection Type\",\"isExpandable\":\"true\"}]},{\"name\":\"advanced\",\"type\":\"object\",\"label\":\"Advanced\",\"children\":[{\"name\":\"usePersistentConnections\",\"type\":\"boolean\",\"label\":\"Use Persistent Connections\",\"order\":1,\"value\":true,\"secret\":false,\"required\":false,\"description\":\"Specifies the Use Persistent Connections.\",\"placeholder\":\"Enter Use Persistent Connections\",\"defaultValue\":true},{\"name\":\"connectionTimeout\",\"type\":\"number\",\"label\":\"Connection Timeout(ms)\",\"order\":2,\"value\":120000,\"secret\":false,\"required\":false,\"description\":\"Specify the Connection Timeout.\",\"placeholder\":\"Enter Connection Timeout\",\"defaultValue\":120000},{\"name\":\"responseTimeout\",\"type\":\"number\",\"label\":\"Response Timeout(ms)\",\"order\":3,\"value\":120000,\"secret\":false,\"required\":false,\"description\":\"Specify the Response Timeout.\",\"placeholder\":\"Enter Response Timeout\",\"defaultValue\":120000},{\"name\":\"retryInterval\",\"type\":\"number\",\"label\":\"Retry Interval(ms)\",\"order\":4,\"value\":100,\"secret\":false,\"required\":false,\"description\":\"Specify the interval between recovery attempts on failure in milliseconds.\",\"placeholder\":\"Enter Recovery Interval\",\"defaultValue\":100},{\"name\":\"retryCount\",\"type\":\"number\",\"label\":\"Retry Count\",\"order\":5,\"value\":3,\"secret\":false,\"required\":false,\"description\":\"Specify the no.of retry attempts.\",\"placeholder\":\"Enter no of retry attempts\",\"defaultValue\":3}],\"parameters\":[{\"name\":\"usePersistentConnections\",\"type\":\"boolean\",\"label\":\"Use Persistent Connections\",\"order\":1,\"value\":true,\"secret\":false,\"required\":false,\"description\":\"Specifies the Use Persistent Connections.\",\"placeholder\":\"Enter Use Persistent Connections\",\"defaultValue\":true},{\"name\":\"connectionTimeout\",\"type\":\"number\",\"label\":\"Connection Timeout(ms)\",\"order\":2,\"value\":120000,\"secret\":false,\"required\":false,\"description\":\"Specify the Connection Timeout.\",\"placeholder\":\"Enter Connection Timeout\",\"defaultValue\":120000},{\"name\":\"responseTimeout\",\"type\":\"number\",\"label\":\"Response Timeout(ms)\",\"order\":3,\"value\":120000,\"secret\":false,\"required\":false,\"description\":\"Specify the Response Timeout.\",\"placeholder\":\"Enter Response Timeout\",\"defaultValue\":120000},{\"name\":\"retryInterval\",\"type\":\"number\",\"label\":\"Retry Interval(ms)\",\"order\":4,\"value\":100,\"secret\":false,\"required\":false,\"description\":\"Specify the interval between recovery attempts on failure in milliseconds.\",\"placeholder\":\"Enter Recovery Interval\",\"defaultValue\":100},{\"name\":\"retryCount\",\"type\":\"number\",\"label\":\"Retry Count\",\"order\":5,\"value\":3,\"secret\":false,\"required\":false,\"description\":\"Specify the no.of retry attempts.\",\"placeholder\":\"Enter no of retry attempts\",\"defaultValue\":3}]}]}],\"112c1cb8-4b9e-4d1a-a042-0bd031dc7d05\":{\"SlackEndpoint\":{\"advanced\":{\"retryCount\":3,\"retryInterval\":100,\"responseTimeout\":120000,\"connectionTimeout\":120000,\"usePersistentConnections\":true},\"security\":{\"scopes\":\"channels:read\",\"base_url\":\"https://slack.com/api\",\"client_id\":\"5913222380370.5906598393526\",\"token_url\":\"https://slack.com/api/oauth.v2.access\",\"authorize_url\":\"https://slack.com/oauth/v2/authorize\",\"client_secret\":\"dfe9c00fa7fefa5ff4a4da0a3aac3875\",\"connection_type\":\"OAuth 2.0\"}}},\"81e359da-9454-40ba-b968-1273a3b8e37b\":{\"SlackEndpoint\":{\"advanced\":{\"retryCount\":3,\"retryInterval\":100,\"responseTimeout\":120000,\"connectionTimeout\":120000,\"usePersistentConnections\":true},\"security\":{\"connection_type\":\"OAuth 2.0\"}}},\"bdf2e4f5-a195-40b5-a82a-1d76ab30e077\":{\"SlackEndpoint\":{\"advanced\":{\"retryCount\":3,\"retryInterval\":100,\"responseTimeout\":120000,\"connectionTimeout\":120000,\"usePersistentConnections\":true},\"security\":{\"connection_type\":\"OAuth 2.0\"}}}}",
  "endpoint_type_id" : "fcb3a276-6317-454e-bb65-d928be47bba8",
  "enabled" : true,
  "bean_name" : "Slack-39d9aa38-9e65-4ac5-ae9d-0ce82f0457bb",
  "status" : {
    "type" : "jsonb",
    "value" : "{\"112c1cb8-4b9e-4d1a-a042-0bd031dc7d05\": true, \"81e359da-9454-40ba-b968-1273a3b8e37b\": true, \"bdf2e4f5-a195-40b5-a82a-1d76ab30e077\": true}",
    "null" : false
  },
  "auth_token_config" : {
    "type" : "jsonb",
    "value" : "{}",
    "null" : false
  },
  "avatar_id" : null,
  "tag" : "EMPTY",
  "active" : true,
  "is_changed" : false,
  "comment" : null,
  "is_error" : false,
  "base_tag" : "V2"
}