{
  "id" : "a9d00d89-58ae-4ce4-b267-8d5b02489e64",
  "name" : "Mavericks SFDC",
  "description" : "Mavericks SFDC Connector",
  "connection_config" : "{\"uiJson\":[{\"id\":\"112c1cb8-4b9e-4d1a-a042-0bd031dc7d05\",\"name\":\"DESIGN\",\"nodes\":[{\"name\":\"security\",\"type\":\"object\",\"label\":\"General\",\"children\":[{\"mode\":\"default\",\"name\":\"connection_type\",\"type\":\"select\",\"label\":\"Connection Type\",\"order\":0,\"secret\":false,\"options\":[{\"label\":\"OAuth Username Password\",\"value\":\"OAuth Username Password\",\"parameters\":[{\"mode\":\"default\",\"name\":\"base_url\",\"type\":\"string\",\"label\":\"Base URL\",\"order\":1,\"required\":true,\"description\":\"Specify the Base URL(example: https://{subdomain}.salesforce.com/services/data/v46.0/)\",\"placeholder\":\"Enter Base URL\"},{\"mode\":\"default\",\"name\":\"client_id\",\"type\":\"string\",\"label\":\"Client ID\",\"order\":2,\"required\":true,\"description\":\"Specify the Client ID.\",\"placeholder\":\"Enter Client ID\"},{\"mode\":\"default\",\"name\":\"client_secret\",\"type\":\"string\",\"label\":\"Client Secret\",\"order\":3,\"secret\":true,\"required\":true,\"description\":\"Specify the Client Secret.\",\"placeholder\":\"Enter Client Secret\",\"vault_required\":true,\"encryption_required\":true},{\"mode\":\"default\",\"name\":\"username\",\"type\":\"string\",\"label\":\"Username\",\"order\":4,\"required\":true,\"description\":\"Specify the Username.\",\"placeholder\":\"Enter Username\"},{\"mode\":\"default\",\"name\":\"password\",\"type\":\"string\",\"label\":\"Password\",\"order\":5,\"secret\":true,\"required\":true,\"description\":\"Specify the Password.\",\"placeholder\":\"Specify the Password\",\"vault_required\":true,\"encryption_required\":true},{\"mode\":\"default\",\"name\":\"token_url\",\"type\":\"string\",\"label\":\"Token URL\",\"order\":6,\"value\":\"https://login.salesforce.com/services/oauth2/token\",\"required\":true,\"description\":\"Specify the Token URL.\",\"placeholder\":\"Enter Token URL\",\"defaultValue\":\"https://login.salesforce.com/services/oauth2/token\"}]},{\"label\":\"OAuth 2.0\",\"value\":\"OAuth 2.0\",\"parameters\":[{\"mode\":\"default\",\"name\":\"base_url\",\"type\":\"string\",\"label\":\"Base URL\",\"order\":1,\"value\":\"https://axway50-dev-ed.develop.my.salesforce.com/services/data/v53.0\",\"required\":true,\"description\":\"Specify the Base URL(example: https://{subdomain}.salesforce.com/services/data/v46.0/)\",\"placeholder\":\"Enter Base URL\"},{\"mode\":\"default\",\"name\":\"client_id\",\"type\":\"string\",\"label\":\"Client ID\",\"order\":2,\"value\":\"3MVG9HB6vm3GZZR8l3ow6V2_xZhituSzx8bBJJbLLONyQWPql0ycNgywmKwv01m8._yCRNsuwtoxiJWZYtec1\",\"required\":true,\"description\":\"Specify the Client ID.\",\"placeholder\":\"Enter Client ID\"},{\"mode\":\"default\",\"name\":\"client_secret\",\"type\":\"string\",\"label\":\"Client Secret\",\"order\":3,\"value\":\"EE5FEAF003FD27945CBC55D96D8E9C7C53ACA738D0C4F8A9A1ED7590BAF18595\",\"secret\":true,\"required\":true,\"description\":\"Specify the Client Secret.\",\"placeholder\":\"Enter Client Secret\",\"vault_required\":true,\"encryption_required\":true},{\"mode\":\"default\",\"name\":\"authorize_url\",\"type\":\"string\",\"label\":\"Authorize URL\",\"order\":4,\"value\":\"https://login.salesforce.com/services/oauth2/authorize\",\"required\":true,\"description\":\"Specify the Authorization URL.\",\"placeholder\":\"Enter Authorization URL.\",\"defaultValue\":\"https://login.salesforce.com/services/oauth2/authorize\"},{\"mode\":\"default\",\"name\":\"token_url\",\"type\":\"string\",\"label\":\"Token URL\",\"order\":5,\"value\":\"https://login.salesforce.com/services/oauth2/token\",\"required\":true,\"description\":\"Specify the Token URL.\",\"placeholder\":\"Enter Token URL\",\"defaultValue\":\"https://login.salesforce.com/services/oauth2/token\"},{\"mode\":\"default\",\"name\":\"scopes\",\"type\":\"string\",\"label\":\"Scopes\",\"order\":6,\"required\":false,\"description\":\"Specify the Scopes.\",\"placeholder\":\"Enter Scopes\"}]}],\"required\":true,\"selected\":\"OAuth 2.0\",\"allowClear\":false,\"showSearch\":false,\"description\":\"Specify the Connection Type.\",\"placeholder\":\"Specify the Connection Type\",\"isExpandable\":\"true\"},{\"mode\":\"default\",\"name\":\"base_url\",\"type\":\"string\",\"label\":\"Base URL\",\"order\":1,\"value\":\"https://axway50-dev-ed.develop.my.salesforce.com/services/data/v53.0\",\"required\":true,\"description\":\"Specify the Base URL(example: https://{subdomain}.salesforce.com/services/data/v46.0/)\",\"placeholder\":\"Enter Base URL\"},{\"mode\":\"default\",\"name\":\"client_id\",\"type\":\"string\",\"label\":\"Client ID\",\"order\":2,\"value\":\"3MVG9HB6vm3GZZR8l3ow6V2_xZhituSzx8bBJJbLLONyQWPql0ycNgywmKwv01m8._yCRNsuwtoxiJWZYtec1\",\"required\":true,\"description\":\"Specify the Client ID.\",\"placeholder\":\"Enter Client ID\"},{\"mode\":\"default\",\"name\":\"client_secret\",\"type\":\"string\",\"label\":\"Client Secret\",\"order\":3,\"value\":\"EE5FEAF003FD27945CBC55D96D8E9C7C53ACA738D0C4F8A9A1ED7590BAF18595\",\"secret\":true,\"required\":true,\"description\":\"Specify the Client Secret.\",\"placeholder\":\"Enter Client Secret\",\"vault_required\":true,\"encryption_required\":true},{\"mode\":\"default\",\"name\":\"authorize_url\",\"type\":\"string\",\"label\":\"Authorize URL\",\"order\":4,\"value\":\"https://login.salesforce.com/services/oauth2/authorize\",\"required\":true,\"description\":\"Specify the Authorization URL.\",\"placeholder\":\"Enter Authorization URL.\",\"defaultValue\":\"https://login.salesforce.com/services/oauth2/authorize\"},{\"mode\":\"default\",\"name\":\"token_url\",\"type\":\"string\",\"label\":\"Token URL\",\"order\":5,\"value\":\"https://login.salesforce.com/services/oauth2/token\",\"required\":true,\"description\":\"Specify the Token URL.\",\"placeholder\":\"Enter Token URL\",\"defaultValue\":\"https://login.salesforce.com/services/oauth2/token\"},{\"mode\":\"default\",\"name\":\"scopes\",\"type\":\"string\",\"label\":\"Scopes\",\"order\":6,\"required\":false,\"description\":\"Specify the Scopes.\",\"placeholder\":\"Enter Scopes\"}],\"parameters\":[{\"mode\":\"default\",\"name\":\"connection_type\",\"type\":\"select\",\"label\":\"Connection Type\",\"order\":0,\"secret\":false,\"options\":[{\"label\":\"OAuth Username Password\",\"value\":\"OAuth Username Password\",\"parameters\":[{\"mode\":\"default\",\"name\":\"base_url\",\"type\":\"string\",\"label\":\"Base URL\",\"order\":1,\"required\":true,\"description\":\"Specify the Base URL(example: https://{subdomain}.salesforce.com/services/data/v46.0/)\",\"placeholder\":\"Enter Base URL\"},{\"mode\":\"default\",\"name\":\"client_id\",\"type\":\"string\",\"label\":\"Client ID\",\"order\":2,\"required\":true,\"description\":\"Specify the Client ID.\",\"placeholder\":\"Enter Client ID\"},{\"mode\":\"default\",\"name\":\"client_secret\",\"type\":\"string\",\"label\":\"Client Secret\",\"order\":3,\"secret\":true,\"required\":true,\"description\":\"Specify the Client Secret.\",\"placeholder\":\"Enter Client Secret\",\"vault_required\":true,\"encryption_required\":true},{\"mode\":\"default\",\"name\":\"username\",\"type\":\"string\",\"label\":\"Username\",\"order\":4,\"required\":true,\"description\":\"Specify the Username.\",\"placeholder\":\"Enter Username\"},{\"mode\":\"default\",\"name\":\"password\",\"type\":\"string\",\"label\":\"Password\",\"order\":5,\"secret\":true,\"required\":true,\"description\":\"Specify the Password.\",\"placeholder\":\"Specify the Password\",\"vault_required\":true,\"encryption_required\":true},{\"mode\":\"default\",\"name\":\"token_url\",\"type\":\"string\",\"label\":\"Token URL\",\"order\":6,\"value\":\"https://login.salesforce.com/services/oauth2/token\",\"required\":true,\"description\":\"Specify the Token URL.\",\"placeholder\":\"Enter Token URL\",\"defaultValue\":\"https://login.salesforce.com/services/oauth2/token\"}]},{\"label\":\"OAuth 2.0\",\"value\":\"OAuth 2.0\",\"parameters\":[{\"mode\":\"default\",\"name\":\"base_url\",\"type\":\"string\",\"label\":\"Base URL\",\"order\":1,\"value\":\"https://axway50-dev-ed.develop.my.salesforce.com/services/data/v63.0\",\"required\":true,\"description\":\"Specify the Base URL(example: https://{subdomain}.salesforce.com/services/data/v46.0/)\",\"placeholder\":\"Enter Base URL\"},{\"mode\":\"default\",\"name\":\"client_id\",\"type\":\"string\",\"label\":\"Client ID\",\"order\":2,\"value\":\"3MVG9HB6vm3GZZR8l3ow6V2_xZhituSzx8bBJJbLLONyQWPql0ycNgywmKwv01m8._yCRNsuwtoxiJWZYtec1\",\"required\":true,\"description\":\"Specify the Client ID.\",\"placeholder\":\"Enter Client ID\"},{\"mode\":\"default\",\"name\":\"client_secret\",\"type\":\"string\",\"label\":\"Client Secret\",\"order\":3,\"value\":\"EE5FEAF003FD27945CBC55D96D8E9C7C53ACA738D0C4F8A9A1ED7590BAF18595\",\"secret\":true,\"required\":true,\"description\":\"Specify the Client Secret.\",\"placeholder\":\"Enter Client Secret\",\"vault_required\":true,\"encryption_required\":true},{\"mode\":\"default\",\"name\":\"authorize_url\",\"type\":\"string\",\"label\":\"Authorize URL\",\"order\":4,\"value\":\"https://login.salesforce.com/services/oauth2/authorize\",\"required\":true,\"description\":\"Specify the Authorization URL.\",\"placeholder\":\"Enter Authorization URL.\",\"defaultValue\":\"https://login.salesforce.com/services/oauth2/authorize\"},{\"mode\":\"default\",\"name\":\"token_url\",\"type\":\"string\",\"label\":\"Token URL\",\"order\":5,\"value\":\"https://login.salesforce.com/services/oauth2/token\",\"required\":true,\"description\":\"Specify the Token URL.\",\"placeholder\":\"Enter Token URL\",\"defaultValue\":\"https://login.salesforce.com/services/oauth2/token\"},{\"mode\":\"default\",\"name\":\"scopes\",\"type\":\"string\",\"label\":\"Scopes\",\"order\":6,\"required\":false,\"description\":\"Specify the Scopes.\",\"placeholder\":\"Enter Scopes\"}]}],\"required\":true,\"selected\":\"OAuth 2.0\",\"allowClear\":false,\"showSearch\":false,\"description\":\"Specify the Connection Type.\",\"placeholder\":\"Specify the Connection Type\",\"isExpandable\":\"true\"},{\"mode\":\"default\",\"name\":\"base_url\",\"type\":\"string\",\"label\":\"Base URL\",\"order\":1,\"value\":\"https://axway50-dev-ed.develop.my.salesforce.com/services/data/v63.0\",\"required\":true,\"description\":\"Specify the Base URL(example: https://{subdomain}.salesforce.com/services/data/v46.0/)\",\"placeholder\":\"Enter Base URL\"},{\"mode\":\"default\",\"name\":\"client_id\",\"type\":\"string\",\"label\":\"Client ID\",\"order\":2,\"value\":\"3MVG9HB6vm3GZZR8l3ow6V2_xZhituSzx8bBJJbLLONyQWPql0ycNgywmKwv01m8._yCRNsuwtoxiJWZYtec1\",\"required\":true,\"description\":\"Specify the Client ID.\",\"placeholder\":\"Enter Client ID\"},{\"mode\":\"default\",\"name\":\"client_secret\",\"type\":\"string\",\"label\":\"Client Secret\",\"order\":3,\"value\":\"EE5FEAF003FD27945CBC55D96D8E9C7C53ACA738D0C4F8A9A1ED7590BAF18595\",\"secret\":true,\"required\":true,\"description\":\"Specify the Client Secret.\",\"placeholder\":\"Enter Client Secret\",\"vault_required\":true,\"encryption_required\":true},{\"mode\":\"default\",\"name\":\"authorize_url\",\"type\":\"string\",\"label\":\"Authorize URL\",\"order\":4,\"value\":\"https://login.salesforce.com/services/oauth2/authorize\",\"required\":true,\"description\":\"Specify the Authorization URL.\",\"placeholder\":\"Enter Authorization URL.\",\"defaultValue\":\"https://login.salesforce.com/services/oauth2/authorize\"},{\"mode\":\"default\",\"name\":\"token_url\",\"type\":\"string\",\"label\":\"Token URL\",\"order\":5,\"value\":\"https://login.salesforce.com/services/oauth2/token\",\"required\":true,\"description\":\"Specify the Token URL.\",\"placeholder\":\"Enter Token URL\",\"defaultValue\":\"https://login.salesforce.com/services/oauth2/token\"},{\"mode\":\"default\",\"name\":\"scopes\",\"type\":\"string\",\"label\":\"Scopes\",\"order\":6,\"required\":false,\"description\":\"Specify the Scopes.\",\"placeholder\":\"Enter Scopes\"}]},{\"name\":\"advanced\",\"type\":\"object\",\"label\":\"Advanced\",\"children\":[{\"name\":\"usePersistentConnections\",\"type\":\"boolean\",\"label\":\"Use Persistent Connections\",\"order\":1,\"value\":true,\"secret\":false,\"required\":false,\"description\":\"Specifies the Use Persistent Connections.\",\"placeholder\":\"Enter Use Persistent Connections\",\"defaultValue\":true},{\"name\":\"connectionTimeout\",\"type\":\"number\",\"label\":\"Connection Timeout(ms)\",\"order\":2,\"value\":120000,\"secret\":false,\"required\":false,\"description\":\"Specify the Connection Timeout.\",\"placeholder\":\"Enter Connection Timeout\",\"defaultValue\":120000},{\"name\":\"responseTimeout\",\"type\":\"number\",\"label\":\"Response Timeout(ms)\",\"order\":3,\"value\":120000,\"secret\":false,\"required\":false,\"description\":\"Specify the Response Timeout.\",\"placeholder\":\"Enter Response Timeout\",\"defaultValue\":120000},{\"name\":\"retryInterval\",\"type\":\"number\",\"label\":\"Retry Interval(ms)\",\"order\":4,\"value\":100,\"secret\":false,\"required\":false,\"description\":\"Specify the interval between recovery attempts on failure in milliseconds.\",\"placeholder\":\"Enter Recovery Interval\",\"defaultValue\":100},{\"name\":\"retryCount\",\"type\":\"number\",\"label\":\"Retry Count\",\"order\":5,\"value\":3,\"secret\":false,\"required\":false,\"description\":\"Specify the no.of retry attempts.\",\"placeholder\":\"Enter no of retry attempts\",\"defaultValue\":3}],\"parameters\":[{\"name\":\"usePersistentConnections\",\"type\":\"boolean\",\"label\":\"Use Persistent Connections\",\"order\":1,\"value\":true,\"secret\":false,\"required\":false,\"description\":\"Specifies the Use Persistent Connections.\",\"placeholder\":\"Enter Use Persistent Connections\",\"defaultValue\":true},{\"name\":\"connectionTimeout\",\"type\":\"number\",\"label\":\"Connection Timeout(ms)\",\"order\":2,\"value\":120000,\"secret\":false,\"required\":false,\"description\":\"Specify the Connection Timeout.\",\"placeholder\":\"Enter Connection Timeout\",\"defaultValue\":120000},{\"name\":\"responseTimeout\",\"type\":\"number\",\"label\":\"Response Timeout(ms)\",\"order\":3,\"value\":120000,\"secret\":false,\"required\":false,\"description\":\"Specify the Response Timeout.\",\"placeholder\":\"Enter Response Timeout\",\"defaultValue\":120000},{\"name\":\"retryInterval\",\"type\":\"number\",\"label\":\"Retry Interval(ms)\",\"order\":4,\"value\":100,\"secret\":false,\"required\":false,\"description\":\"Specify the interval between recovery attempts on failure in milliseconds.\",\"placeholder\":\"Enter Recovery Interval\",\"defaultValue\":100},{\"name\":\"retryCount\",\"type\":\"number\",\"label\":\"Retry Count\",\"order\":5,\"value\":3,\"secret\":false,\"required\":false,\"description\":\"Specify the no.of retry attempts.\",\"placeholder\":\"Enter no of retry attempts\",\"defaultValue\":3}]}]},{\"id\":\"81e359da-9454-40ba-b968-1273a3b8e37b\",\"name\":\"CHECK\",\"nodes\":[{\"name\":\"security\",\"type\":\"object\",\"label\":\"General\",\"children\":[{\"mode\":\"default\",\"name\":\"connection_type\",\"type\":\"select\",\"label\":\"Connection Type\",\"order\":0,\"secret\":false,\"options\":[{\"label\":\"OAuth Username Password\",\"value\":\"OAuth Username Password\",\"parameters\":[{\"mode\":\"default\",\"name\":\"base_url\",\"type\":\"string\",\"label\":\"Base URL\",\"order\":1,\"required\":true,\"description\":\"Specify the Base URL(example: https://{subdomain}.salesforce.com/services/data/v46.0/)\",\"placeholder\":\"Enter Base URL\"},{\"mode\":\"default\",\"name\":\"client_id\",\"type\":\"string\",\"label\":\"Client ID\",\"order\":2,\"required\":true,\"description\":\"Specify the Client ID.\",\"placeholder\":\"Enter Client ID\"},{\"mode\":\"default\",\"name\":\"client_secret\",\"type\":\"string\",\"label\":\"Client Secret\",\"order\":3,\"secret\":true,\"required\":true,\"description\":\"Specify the Client Secret.\",\"placeholder\":\"Enter Client Secret\",\"vault_required\":true,\"encryption_required\":true},{\"mode\":\"default\",\"name\":\"username\",\"type\":\"string\",\"label\":\"Username\",\"order\":4,\"required\":true,\"description\":\"Specify the Username.\",\"placeholder\":\"Enter Username\"},{\"mode\":\"default\",\"name\":\"password\",\"type\":\"string\",\"label\":\"Password\",\"order\":5,\"secret\":true,\"required\":true,\"description\":\"Specify the Password.\",\"placeholder\":\"Specify the Password\",\"vault_required\":true,\"encryption_required\":true},{\"mode\":\"default\",\"name\":\"token_url\",\"type\":\"string\",\"label\":\"Token URL\",\"order\":6,\"value\":\"https://login.salesforce.com/services/oauth2/token\",\"required\":true,\"description\":\"Specify the Token URL.\",\"placeholder\":\"Enter Token URL\",\"defaultValue\":\"https://login.salesforce.com/services/oauth2/token\"}]},{\"label\":\"OAuth 2.0\",\"value\":\"OAuth 2.0\",\"parameters\":[{\"mode\":\"default\",\"name\":\"base_url\",\"type\":\"string\",\"label\":\"Base URL\",\"order\":1,\"required\":true,\"description\":\"Specify the Base URL(example: https://{subdomain}.salesforce.com/services/data/v46.0/)\",\"placeholder\":\"Enter Base URL\"},{\"mode\":\"default\",\"name\":\"client_id\",\"type\":\"string\",\"label\":\"Client ID\",\"order\":2,\"required\":true,\"description\":\"Specify the Client ID.\",\"placeholder\":\"Enter Client ID\"},{\"mode\":\"default\",\"name\":\"client_secret\",\"type\":\"string\",\"label\":\"Client Secret\",\"order\":3,\"secret\":true,\"required\":true,\"description\":\"Specify the Client Secret.\",\"placeholder\":\"Enter Client Secret\",\"vault_required\":true,\"encryption_required\":true},{\"mode\":\"default\",\"name\":\"authorize_url\",\"type\":\"string\",\"label\":\"Authorize URL\",\"order\":4,\"value\":\"https://login.salesforce.com/services/oauth2/authorize\",\"required\":true,\"description\":\"Specify the Authorization URL.\",\"placeholder\":\"Enter Authorization URL.\",\"defaultValue\":\"https://login.salesforce.com/services/oauth2/authorize\"},{\"mode\":\"default\",\"name\":\"token_url\",\"type\":\"string\",\"label\":\"Token URL\",\"order\":5,\"value\":\"https://login.salesforce.com/services/oauth2/token\",\"required\":true,\"description\":\"Specify the Token URL.\",\"placeholder\":\"Enter Token URL\",\"defaultValue\":\"https://login.salesforce.com/services/oauth2/token\"},{\"mode\":\"default\",\"name\":\"scopes\",\"type\":\"string\",\"label\":\"Scopes\",\"order\":6,\"required\":false,\"description\":\"Specify the Scopes.\",\"placeholder\":\"Enter Scopes\"}]}],\"required\":true,\"selected\":\"OAuth 2.0\",\"allowClear\":false,\"showSearch\":false,\"description\":\"Specify the Connection Type.\",\"placeholder\":\"Specify the Connection Type\",\"isExpandable\":\"true\"}],\"parameters\":[{\"mode\":\"default\",\"name\":\"connection_type\",\"type\":\"select\",\"label\":\"Connection Type\",\"order\":0,\"secret\":false,\"options\":[{\"label\":\"OAuth Username Password\",\"value\":\"OAuth Username Password\",\"parameters\":[{\"mode\":\"default\",\"name\":\"base_url\",\"type\":\"string\",\"label\":\"Base URL\",\"order\":1,\"required\":true,\"description\":\"Specify the Base URL(example: https://{subdomain}.salesforce.com/services/data/v46.0/)\",\"placeholder\":\"Enter Base URL\"},{\"mode\":\"default\",\"name\":\"client_id\",\"type\":\"string\",\"label\":\"Client ID\",\"order\":2,\"required\":true,\"description\":\"Specify the Client ID.\",\"placeholder\":\"Enter Client ID\"},{\"mode\":\"default\",\"name\":\"client_secret\",\"type\":\"string\",\"label\":\"Client Secret\",\"order\":3,\"secret\":true,\"required\":true,\"description\":\"Specify the Client Secret.\",\"placeholder\":\"Enter Client Secret\",\"vault_required\":true,\"encryption_required\":true},{\"mode\":\"default\",\"name\":\"username\",\"type\":\"string\",\"label\":\"Username\",\"order\":4,\"required\":true,\"description\":\"Specify the Username.\",\"placeholder\":\"Enter Username\"},{\"mode\":\"default\",\"name\":\"password\",\"type\":\"string\",\"label\":\"Password\",\"order\":5,\"secret\":true,\"required\":true,\"description\":\"Specify the Password.\",\"placeholder\":\"Specify the Password\",\"vault_required\":true,\"encryption_required\":true},{\"mode\":\"default\",\"name\":\"token_url\",\"type\":\"string\",\"label\":\"Token URL\",\"order\":6,\"value\":\"https://login.salesforce.com/services/oauth2/token\",\"required\":true,\"description\":\"Specify the Token URL.\",\"placeholder\":\"Enter Token URL\",\"defaultValue\":\"https://login.salesforce.com/services/oauth2/token\"}]},{\"label\":\"OAuth 2.0\",\"value\":\"OAuth 2.0\",\"parameters\":[{\"mode\":\"default\",\"name\":\"base_url\",\"type\":\"string\",\"label\":\"Base URL\",\"order\":1,\"required\":true,\"description\":\"Specify the Base URL(example: https://{subdomain}.salesforce.com/services/data/v46.0/)\",\"placeholder\":\"Enter Base URL\"},{\"mode\":\"default\",\"name\":\"client_id\",\"type\":\"string\",\"label\":\"Client ID\",\"order\":2,\"required\":true,\"description\":\"Specify the Client ID.\",\"placeholder\":\"Enter Client ID\"},{\"mode\":\"default\",\"name\":\"client_secret\",\"type\":\"string\",\"label\":\"Client Secret\",\"order\":3,\"secret\":true,\"required\":true,\"description\":\"Specify the Client Secret.\",\"placeholder\":\"Enter Client Secret\",\"vault_required\":true,\"encryption_required\":true},{\"mode\":\"default\",\"name\":\"authorize_url\",\"type\":\"string\",\"label\":\"Authorize URL\",\"order\":4,\"value\":\"https://login.salesforce.com/services/oauth2/authorize\",\"required\":true,\"description\":\"Specify the Authorization URL.\",\"placeholder\":\"Enter Authorization URL.\",\"defaultValue\":\"https://login.salesforce.com/services/oauth2/authorize\"},{\"mode\":\"default\",\"name\":\"token_url\",\"type\":\"string\",\"label\":\"Token URL\",\"order\":5,\"value\":\"https://login.salesforce.com/services/oauth2/token\",\"required\":true,\"description\":\"Specify the Token URL.\",\"placeholder\":\"Enter Token URL\",\"defaultValue\":\"https://login.salesforce.com/services/oauth2/token\"},{\"mode\":\"default\",\"name\":\"scopes\",\"type\":\"string\",\"label\":\"Scopes\",\"order\":6,\"required\":false,\"description\":\"Specify the Scopes.\",\"placeholder\":\"Enter Scopes\"}]}],\"required\":true,\"selected\":\"OAuth 2.0\",\"allowClear\":false,\"showSearch\":false,\"description\":\"Specify the Connection Type.\",\"placeholder\":\"Specify the Connection Type\",\"isExpandable\":\"true\"}]},{\"name\":\"advanced\",\"type\":\"object\",\"label\":\"Advanced\",\"children\":[{\"name\":\"usePersistentConnections\",\"type\":\"boolean\",\"label\":\"Use Persistent Connections\",\"order\":1,\"value\":true,\"secret\":false,\"required\":false,\"description\":\"Specifies the Use Persistent Connections.\",\"placeholder\":\"Enter Use Persistent Connections\",\"defaultValue\":true},{\"name\":\"connectionTimeout\",\"type\":\"number\",\"label\":\"Connection Timeout(ms)\",\"order\":2,\"value\":120000,\"secret\":false,\"required\":false,\"description\":\"Specify the Connection Timeout.\",\"placeholder\":\"Enter Connection Timeout\",\"defaultValue\":120000},{\"name\":\"responseTimeout\",\"type\":\"number\",\"label\":\"Response Timeout(ms)\",\"order\":3,\"value\":120000,\"secret\":false,\"required\":false,\"description\":\"Specify the Response Timeout.\",\"placeholder\":\"Enter Response Timeout\",\"defaultValue\":120000},{\"name\":\"retryInterval\",\"type\":\"number\",\"label\":\"Retry Interval(ms)\",\"order\":4,\"value\":100,\"secret\":false,\"required\":false,\"description\":\"Specify the interval between recovery attempts on failure in milliseconds.\",\"placeholder\":\"Enter Recovery Interval\",\"defaultValue\":100},{\"name\":\"retryCount\",\"type\":\"number\",\"label\":\"Retry Count\",\"order\":5,\"value\":3,\"secret\":false,\"required\":false,\"description\":\"Specify the no.of retry attempts.\",\"placeholder\":\"Enter no of retry attempts\",\"defaultValue\":3}],\"parameters\":[{\"name\":\"usePersistentConnections\",\"type\":\"boolean\",\"label\":\"Use Persistent Connections\",\"order\":1,\"value\":true,\"secret\":false,\"required\":false,\"description\":\"Specifies the Use Persistent Connections.\",\"placeholder\":\"Enter Use Persistent Connections\",\"defaultValue\":true},{\"name\":\"connectionTimeout\",\"type\":\"number\",\"label\":\"Connection Timeout(ms)\",\"order\":2,\"value\":120000,\"secret\":false,\"required\":false,\"description\":\"Specify the Connection Timeout.\",\"placeholder\":\"Enter Connection Timeout\",\"defaultValue\":120000},{\"name\":\"responseTimeout\",\"type\":\"number\",\"label\":\"Response Timeout(ms)\",\"order\":3,\"value\":120000,\"secret\":false,\"required\":false,\"description\":\"Specify the Response Timeout.\",\"placeholder\":\"Enter Response Timeout\",\"defaultValue\":120000},{\"name\":\"retryInterval\",\"type\":\"number\",\"label\":\"Retry Interval(ms)\",\"order\":4,\"value\":100,\"secret\":false,\"required\":false,\"description\":\"Specify the interval between recovery attempts on failure in milliseconds.\",\"placeholder\":\"Enter Recovery Interval\",\"defaultValue\":100},{\"name\":\"retryCount\",\"type\":\"number\",\"label\":\"Retry Count\",\"order\":5,\"value\":3,\"secret\":false,\"required\":false,\"description\":\"Specify the no.of retry attempts.\",\"placeholder\":\"Enter no of retry attempts\",\"defaultValue\":3}]}]},{\"id\":\"bdf2e4f5-a195-40b5-a82a-1d76ab30e077\",\"name\":\"LIVE\",\"nodes\":[{\"name\":\"security\",\"type\":\"object\",\"label\":\"General\",\"children\":[{\"mode\":\"default\",\"name\":\"connection_type\",\"type\":\"select\",\"label\":\"Connection Type\",\"order\":0,\"secret\":false,\"options\":[{\"label\":\"OAuth Username Password\",\"value\":\"OAuth Username Password\",\"parameters\":[{\"mode\":\"default\",\"name\":\"base_url\",\"type\":\"string\",\"label\":\"Base URL\",\"order\":1,\"required\":true,\"description\":\"Specify the Base URL(example: https://{subdomain}.salesforce.com/services/data/v46.0/)\",\"placeholder\":\"Enter Base URL\"},{\"mode\":\"default\",\"name\":\"client_id\",\"type\":\"string\",\"label\":\"Client ID\",\"order\":2,\"required\":true,\"description\":\"Specify the Client ID.\",\"placeholder\":\"Enter Client ID\"},{\"mode\":\"default\",\"name\":\"client_secret\",\"type\":\"string\",\"label\":\"Client Secret\",\"order\":3,\"secret\":true,\"required\":true,\"description\":\"Specify the Client Secret.\",\"placeholder\":\"Enter Client Secret\",\"vault_required\":true,\"encryption_required\":true},{\"mode\":\"default\",\"name\":\"username\",\"type\":\"string\",\"label\":\"Username\",\"order\":4,\"required\":true,\"description\":\"Specify the Username.\",\"placeholder\":\"Enter Username\"},{\"mode\":\"default\",\"name\":\"password\",\"type\":\"string\",\"label\":\"Password\",\"order\":5,\"secret\":true,\"required\":true,\"description\":\"Specify the Password.\",\"placeholder\":\"Specify the Password\",\"vault_required\":true,\"encryption_required\":true},{\"mode\":\"default\",\"name\":\"token_url\",\"type\":\"string\",\"label\":\"Token URL\",\"order\":6,\"value\":\"https://login.salesforce.com/services/oauth2/token\",\"required\":true,\"description\":\"Specify the Token URL.\",\"placeholder\":\"Enter Token URL\",\"defaultValue\":\"https://login.salesforce.com/services/oauth2/token\"}]},{\"label\":\"OAuth 2.0\",\"value\":\"OAuth 2.0\",\"parameters\":[{\"mode\":\"default\",\"name\":\"base_url\",\"type\":\"string\",\"label\":\"Base URL\",\"order\":1,\"required\":true,\"description\":\"Specify the Base URL(example: https://{subdomain}.salesforce.com/services/data/v46.0/)\",\"placeholder\":\"Enter Base URL\"},{\"mode\":\"default\",\"name\":\"client_id\",\"type\":\"string\",\"label\":\"Client ID\",\"order\":2,\"required\":true,\"description\":\"Specify the Client ID.\",\"placeholder\":\"Enter Client ID\"},{\"mode\":\"default\",\"name\":\"client_secret\",\"type\":\"string\",\"label\":\"Client Secret\",\"order\":3,\"secret\":true,\"required\":true,\"description\":\"Specify the Client Secret.\",\"placeholder\":\"Enter Client Secret\",\"vault_required\":true,\"encryption_required\":true},{\"mode\":\"default\",\"name\":\"authorize_url\",\"type\":\"string\",\"label\":\"Authorize URL\",\"order\":4,\"value\":\"https://login.salesforce.com/services/oauth2/authorize\",\"required\":true,\"description\":\"Specify the Authorization URL.\",\"placeholder\":\"Enter Authorization URL.\",\"defaultValue\":\"https://login.salesforce.com/services/oauth2/authorize\"},{\"mode\":\"default\",\"name\":\"token_url\",\"type\":\"string\",\"label\":\"Token URL\",\"order\":5,\"value\":\"https://login.salesforce.com/services/oauth2/token\",\"required\":true,\"description\":\"Specify the Token URL.\",\"placeholder\":\"Enter Token URL\",\"defaultValue\":\"https://login.salesforce.com/services/oauth2/token\"},{\"mode\":\"default\",\"name\":\"scopes\",\"type\":\"string\",\"label\":\"Scopes\",\"order\":6,\"required\":false,\"description\":\"Specify the Scopes.\",\"placeholder\":\"Enter Scopes\"}]}],\"required\":true,\"selected\":\"OAuth 2.0\",\"allowClear\":false,\"showSearch\":false,\"description\":\"Specify the Connection Type.\",\"placeholder\":\"Specify the Connection Type\",\"isExpandable\":\"true\"}],\"parameters\":[{\"mode\":\"default\",\"name\":\"connection_type\",\"type\":\"select\",\"label\":\"Connection Type\",\"order\":0,\"secret\":false,\"options\":[{\"label\":\"OAuth Username Password\",\"value\":\"OAuth Username Password\",\"parameters\":[{\"mode\":\"default\",\"name\":\"base_url\",\"type\":\"string\",\"label\":\"Base URL\",\"order\":1,\"required\":true,\"description\":\"Specify the Base URL(example: https://{subdomain}.salesforce.com/services/data/v46.0/)\",\"placeholder\":\"Enter Base URL\"},{\"mode\":\"default\",\"name\":\"client_id\",\"type\":\"string\",\"label\":\"Client ID\",\"order\":2,\"required\":true,\"description\":\"Specify the Client ID.\",\"placeholder\":\"Enter Client ID\"},{\"mode\":\"default\",\"name\":\"client_secret\",\"type\":\"string\",\"label\":\"Client Secret\",\"order\":3,\"secret\":true,\"required\":true,\"description\":\"Specify the Client Secret.\",\"placeholder\":\"Enter Client Secret\",\"vault_required\":true,\"encryption_required\":true},{\"mode\":\"default\",\"name\":\"username\",\"type\":\"string\",\"label\":\"Username\",\"order\":4,\"required\":true,\"description\":\"Specify the Username.\",\"placeholder\":\"Enter Username\"},{\"mode\":\"default\",\"name\":\"password\",\"type\":\"string\",\"label\":\"Password\",\"order\":5,\"secret\":true,\"required\":true,\"description\":\"Specify the Password.\",\"placeholder\":\"Specify the Password\",\"vault_required\":true,\"encryption_required\":true},{\"mode\":\"default\",\"name\":\"token_url\",\"type\":\"string\",\"label\":\"Token URL\",\"order\":6,\"value\":\"https://login.salesforce.com/services/oauth2/token\",\"required\":true,\"description\":\"Specify the Token URL.\",\"placeholder\":\"Enter Token URL\",\"defaultValue\":\"https://login.salesforce.com/services/oauth2/token\"}]},{\"label\":\"OAuth 2.0\",\"value\":\"OAuth 2.0\",\"parameters\":[{\"mode\":\"default\",\"name\":\"base_url\",\"type\":\"string\",\"label\":\"Base URL\",\"order\":1,\"required\":true,\"description\":\"Specify the Base URL(example: https://{subdomain}.salesforce.com/services/data/v46.0/)\",\"placeholder\":\"Enter Base URL\"},{\"mode\":\"default\",\"name\":\"client_id\",\"type\":\"string\",\"label\":\"Client ID\",\"order\":2,\"required\":true,\"description\":\"Specify the Client ID.\",\"placeholder\":\"Enter Client ID\"},{\"mode\":\"default\",\"name\":\"client_secret\",\"type\":\"string\",\"label\":\"Client Secret\",\"order\":3,\"secret\":true,\"required\":true,\"description\":\"Specify the Client Secret.\",\"placeholder\":\"Enter Client Secret\",\"vault_required\":true,\"encryption_required\":true},{\"mode\":\"default\",\"name\":\"authorize_url\",\"type\":\"string\",\"label\":\"Authorize URL\",\"order\":4,\"value\":\"https://login.salesforce.com/services/oauth2/authorize\",\"required\":true,\"description\":\"Specify the Authorization URL.\",\"placeholder\":\"Enter Authorization URL.\",\"defaultValue\":\"https://login.salesforce.com/services/oauth2/authorize\"},{\"mode\":\"default\",\"name\":\"token_url\",\"type\":\"string\",\"label\":\"Token URL\",\"order\":5,\"value\":\"https://login.salesforce.com/services/oauth2/token\",\"required\":true,\"description\":\"Specify the Token URL.\",\"placeholder\":\"Enter Token URL\",\"defaultValue\":\"https://login.salesforce.com/services/oauth2/token\"},{\"mode\":\"default\",\"name\":\"scopes\",\"type\":\"string\",\"label\":\"Scopes\",\"order\":6,\"required\":false,\"description\":\"Specify the Scopes.\",\"placeholder\":\"Enter Scopes\"}]}],\"required\":true,\"selected\":\"OAuth 2.0\",\"allowClear\":false,\"showSearch\":false,\"description\":\"Specify the Connection Type.\",\"placeholder\":\"Specify the Connection Type\",\"isExpandable\":\"true\"}]},{\"name\":\"advanced\",\"type\":\"object\",\"label\":\"Advanced\",\"children\":[{\"name\":\"usePersistentConnections\",\"type\":\"boolean\",\"label\":\"Use Persistent Connections\",\"order\":1,\"value\":true,\"secret\":false,\"required\":false,\"description\":\"Specifies the Use Persistent Connections.\",\"placeholder\":\"Enter Use Persistent Connections\",\"defaultValue\":true},{\"name\":\"connectionTimeout\",\"type\":\"number\",\"label\":\"Connection Timeout(ms)\",\"order\":2,\"value\":120000,\"secret\":false,\"required\":false,\"description\":\"Specify the Connection Timeout.\",\"placeholder\":\"Enter Connection Timeout\",\"defaultValue\":120000},{\"name\":\"responseTimeout\",\"type\":\"number\",\"label\":\"Response Timeout(ms)\",\"order\":3,\"value\":120000,\"secret\":false,\"required\":false,\"description\":\"Specify the Response Timeout.\",\"placeholder\":\"Enter Response Timeout\",\"defaultValue\":120000},{\"name\":\"retryInterval\",\"type\":\"number\",\"label\":\"Retry Interval(ms)\",\"order\":4,\"value\":100,\"secret\":false,\"required\":false,\"description\":\"Specify the interval between recovery attempts on failure in milliseconds.\",\"placeholder\":\"Enter Recovery Interval\",\"defaultValue\":100},{\"name\":\"retryCount\",\"type\":\"number\",\"label\":\"Retry Count\",\"order\":5,\"value\":3,\"secret\":false,\"required\":false,\"description\":\"Specify the no.of retry attempts.\",\"placeholder\":\"Enter no of retry attempts\",\"defaultValue\":3}],\"parameters\":[{\"name\":\"usePersistentConnections\",\"type\":\"boolean\",\"label\":\"Use Persistent Connections\",\"order\":1,\"value\":true,\"secret\":false,\"required\":false,\"description\":\"Specifies the Use Persistent Connections.\",\"placeholder\":\"Enter Use Persistent Connections\",\"defaultValue\":true},{\"name\":\"connectionTimeout\",\"type\":\"number\",\"label\":\"Connection Timeout(ms)\",\"order\":2,\"value\":120000,\"secret\":false,\"required\":false,\"description\":\"Specify the Connection Timeout.\",\"placeholder\":\"Enter Connection Timeout\",\"defaultValue\":120000},{\"name\":\"responseTimeout\",\"type\":\"number\",\"label\":\"Response Timeout(ms)\",\"order\":3,\"value\":120000,\"secret\":false,\"required\":false,\"description\":\"Specify the Response Timeout.\",\"placeholder\":\"Enter Response Timeout\",\"defaultValue\":120000},{\"name\":\"retryInterval\",\"type\":\"number\",\"label\":\"Retry Interval(ms)\",\"order\":4,\"value\":100,\"secret\":false,\"required\":false,\"description\":\"Specify the interval between recovery attempts on failure in milliseconds.\",\"placeholder\":\"Enter Recovery Interval\",\"defaultValue\":100},{\"name\":\"retryCount\",\"type\":\"number\",\"label\":\"Retry Count\",\"order\":5,\"value\":3,\"secret\":false,\"required\":false,\"description\":\"Specify the no.of retry attempts.\",\"placeholder\":\"Enter no of retry attempts\",\"defaultValue\":3}]}]}],\"112c1cb8-4b9e-4d1a-a042-0bd031dc7d05\":{\"SalesforceEndpoint\":{\"advanced\":{\"retryCount\":3,\"retryInterval\":100,\"responseTimeout\":120000,\"connectionTimeout\":120000,\"usePersistentConnections\":true},\"security\":{\"scopes\":null,\"base_url\":\"https://axway50-dev-ed.develop.my.salesforce.com/services/data/v53.0\",\"client_id\":\"3MVG9HB6vm3GZZR8l3ow6V2_xZhituSzx8bBJJbLLONyQWPql0ycNgywmKwv01m8._yCRNsuwtoxiJWZYtec1\",\"token_url\":\"https://login.salesforce.com/services/oauth2/token\",\"authorize_url\":\"https://login.salesforce.com/services/oauth2/authorize\",\"client_secret\":\"EE5FEAF003FD27945CBC55D96D8E9C7C53ACA738D0C4F8A9A1ED7590BAF18595\",\"connection_type\":\"OAuth 2.0\"}}},\"81e359da-9454-40ba-b968-1273a3b8e37b\":{\"SalesforceEndpoint\":{\"advanced\":{\"retryCount\":3,\"retryInterval\":100,\"responseTimeout\":120000,\"connectionTimeout\":120000,\"usePersistentConnections\":true},\"security\":{\"connection_type\":\"OAuth 2.0\"}}},\"bdf2e4f5-a195-40b5-a82a-1d76ab30e077\":{\"SalesforceEndpoint\":{\"advanced\":{\"retryCount\":3,\"retryInterval\":100,\"responseTimeout\":120000,\"connectionTimeout\":120000,\"usePersistentConnections\":true},\"security\":{\"connection_type\":\"OAuth 2.0\"}}}}",
  "endpoint_type_id" : "2e8afd6f-349f-44ae-a6b9-0d218c1cce64",
  "enabled" : true,
  "bean_name" : "Salesforce-b0a4dd5d-8571-491f-bb77-551b25715b59",
  "status" : {
    "type" : "jsonb",
    "value" : "{\"112c1cb8-4b9e-4d1a-a042-0bd031dc7d05\": true, \"81e359da-9454-40ba-b968-1273a3b8e37b\": true, \"bdf2e4f5-a195-40b5-a82a-1d76ab30e077\": true}",
    "null" : false
  },
  "auth_token_config" : {
    "type" : "jsonb",
    "value" : "{}",
    "null" : false
  },
  "avatar_id" : null,
  "tag" : "EMPTY",
  "active" : true,
  "is_changed" : false,
  "comment" : null,
  "is_error" : false,
  "base_tag" : "V2"
}