{
  "id" : "77fe4817-d614-447d-9997-9afb84793fd7",
  "name" : "maverick-messaging",
  "description" : "Maverick Messaging database - use as a store for inbound async messages",
  "connection_config" : "{\"112c1cb8-4b9e-4d1a-a042-0bd031dc7d05\":{\"MongodbEndpoint\":{\"active\":true,\"advanced\":{\"maxWait\":30000,\"minIdle\":0,\"maxActive\":1,\"connectionPooling\":true,\"expirationTimeoutInMillis\":120000},\"security\":{\"password\":\"X7dsh4eU34HOT3qX\",\"username\":\"dbuser\",\"databaseName\":\"messaging\",\"connection_url\":\"cluster0.ts2od.mongodb.net\"}}},\"81e359da-9454-40ba-b968-1273a3b8e37b\":{\"MongodbEndpoint\":{\"active\":true,\"advanced\":{\"maxWait\":30000,\"minIdle\":0,\"maxActive\":1,\"connectionPooling\":true,\"expirationTimeoutInMillis\":120000},\"security\":{\"password\":null,\"username\":null,\"databaseName\":null,\"connection_url\":null}}},\"bdf2e4f5-a195-40b5-a82a-1d76ab30e077\":{\"MongodbEndpoint\":{\"active\":true,\"advanced\":{\"maxWait\":30000,\"minIdle\":0,\"maxActive\":1,\"connectionPooling\":true,\"expirationTimeoutInMillis\":120000},\"security\":{\"password\":null,\"username\":null,\"databaseName\":null,\"connection_url\":null}}}}",
  "endpoint_type_id" : "82a82073-d257-4b84-91ec-cc565984489c",
  "enabled" : true,
  "bean_name" : "Mongodb-647b0a6a-8453-444a-aea3-cf0bf792c7cb",
  "status" : {
    "type" : "jsonb",
    "value" : "{\"112c1cb8-4b9e-4d1a-a042-0bd031dc7d05\": true, \"81e359da-9454-40ba-b968-1273a3b8e37b\": true, \"bdf2e4f5-a195-40b5-a82a-1d76ab30e077\": true}",
    "null" : false
  },
  "auth_token_config" : {
    "type" : "jsonb",
    "value" : "{}",
    "null" : false
  },
  "avatar_id" : null,
  "tag" : "EMPTY",
  "active" : true,
  "is_changed" : false,
  "comment" : null,
  "is_error" : false,
  "base_tag" : "V2"
}