{
  "id" : "e4558371-32ff-478a-859e-fa78f22cca0b",
  "name" : "Neon Postgres DB",
  "description" : "Mavericks Neon Postgres DB Connection",
  "connection_config" : "{\"112c1cb8-4b9e-4d1a-a042-0bd031dc7d05\":{\"SQLEndpoint\":{\"advanced\":{\"maxWait\":30000,\"minIdle\":0,\"maxActive\":1,\"connectionPooling\":true,\"expirationTimeoutInMillis\":120000},\"security\":{\"version\":\"15.x\",\"password\":\"npg_2JGhIAfSu3ym\",\"username\":\"neondb_owner\",\"client_jars\":[],\"databaseType\":\"PostgreSql\",\"driver_class\":\"org.postgresql.Driver\",\"connection_url\":\"jdbc:postgresql://ep-falling-sound-a5nhc5fn-pooler.us-east-2.aws.neon.tech/neondb\"}}},\"81e359da-9454-40ba-b968-1273a3b8e37b\":{\"SQLEndpoint\":{\"advanced\":{\"maxWait\":30000,\"minIdle\":0,\"maxActive\":1,\"connectionPooling\":true,\"expirationTimeoutInMillis\":120000},\"security\":{\"password\":null,\"username\":null,\"client_jars\":[],\"databaseType\":null,\"driver_class\":null,\"connection_url\":null}}},\"bdf2e4f5-a195-40b5-a82a-1d76ab30e077\":{\"SQLEndpoint\":{\"advanced\":{\"maxWait\":30000,\"minIdle\":0,\"maxActive\":1,\"connectionPooling\":true,\"expirationTimeoutInMillis\":120000},\"security\":{\"password\":null,\"username\":null,\"client_jars\":[],\"databaseType\":null,\"driver_class\":null,\"connection_url\":null}}}}",
  "endpoint_type_id" : "8d3544f0-886d-4d1a-be9b-c6f29f2061ac",
  "enabled" : true,
  "bean_name" : "SQL-e4558371-32ff-478a-859e-fa78f22cca0b",
  "status" : {
    "type" : "jsonb",
    "value" : "{\"112c1cb8-4b9e-4d1a-a042-0bd031dc7d05\": true, \"81e359da-9454-40ba-b968-1273a3b8e37b\": true, \"bdf2e4f5-a195-40b5-a82a-1d76ab30e077\": true}",
    "null" : false
  },
  "auth_token_config" : {
    "type" : "jsonb",
    "value" : "{}",
    "null" : false
  },
  "avatar_id" : "c10f15d9-dabc-4a65-bd2d-a3a83be7176b",
  "tag" : "EMPTY",
  "active" : true,
  "is_changed" : false,
  "comment" : null,
  "is_error" : false,
  "base_tag" : "V2"
}