{
  "id" : "208319a3-38ea-4ccc-b822-d14466d89e9b",
  "name" : "Summit Salesforce",
  "description" : "Summit Salesforce",
  "connection_config" : null,
  "endpoint_type_id" : "2e8afd6f-349f-44ae-a6b9-0d218c1cce64",
  "enabled" : true,
  "bean_name" : "Salesforce-208319a3-38ea-4ccc-b822-d14466d89e9b",
  "status" : null,
  "auth_token_config" : {
    "type" : "jsonb",
    "value" : "{}",
    "null" : false
  },
  "avatar_id" : "8b3f97ed-ab8d-4bf4-be5f-d99f16ffa3cc",
  "tag" : "EMPTY",
  "active" : true,
  "is_changed" : false,
  "comment" : null,
  "is_error" : false,
  "base_tag" : "V2"
}