{
  "id" : "0702f7a1-a74f-4feb-9abe-1affaf173850",
  "name" : "summit sfdc",
  "description" : "summit sfdc",
  "connection_config" : null,
  "endpoint_type_id" : "2e8afd6f-349f-44ae-a6b9-0d218c1cce64",
  "enabled" : true,
  "bean_name" : "Salesforce-0702f7a1-a74f-4feb-9abe-1affaf173850",
  "status" : null,
  "auth_token_config" : {
    "type" : "jsonb",
    "value" : "{}",
    "null" : false
  },
  "avatar_id" : "8b3f97ed-ab8d-4bf4-be5f-d99f16ffa3cc",
  "tag" : "EMPTY",
  "active" : true,
  "is_changed" : true,
  "comment" : null,
  "is_error" : false,
  "base_tag" : "EMPTY"
}