{
  "id" : "5fb86ce7-81de-404e-8114-39e7995ed487",
  "name" : "VAB_Demo_Scenarios",
  "createdOn" : "2025-02-19T18:27:38.85",
  "modifiedOn" : "2025-04-26T01:37:55.355",
  "createdBy" : "90fa761b-afd3-4eab-8f19-25bd044a8bdc",
  "modifiedBy" : "90fa761b-afd3-4eab-8f19-25bd044a8bdc",
  "projectDescription" : "Common Demo Scenarios",
  "active" : true,
  "tag" : "EMPTY",
  "comment" : null,
  "baseTag" : "V2",
  "modeId" : "112c1cb8-4b9e-4d1a-a042-0bd031dc7d05",
  "deployedOn" : null,
  "details" : null,
  "projectType" : "Fusion"
}