{
  "component_config_id" : "08299427-2d55-425e-9b01-7e0d98512011",
  "endpoint_config_json" : null,
  "input_config_json" : null,
  "output_config_json" : null,
  "component_id" : "506cb924-5f12-4aee-8567-9f51db3679ae",
  "service_id" : "fdfa829d-5a28-4903-8af0-6ead424826e7",
  "endpoint_id" : null,
  "parent_component_config_id" : "f0069722-a77b-4413-ac94-8211621e2aab",
  "component_config_order" : 1.0,
  "action_id" : null,
  "name" : null,
  "description" : null,
  "override_endpoint" : false,
  "input_structure_json" : null,
  "output_structure_json" : null,
  "endpoint_structure_json" : null,
  "is_error" : false,
  "no_of_errors" : null,
  "action_input_type" : null,
  "config_service_id" : null,
  "config_imap_id" : null,
  "config_b2b_document_type_id" : null,
  "config_document_id" : null,
  "add_variables" : null,
  "drop_variables" : null,
  "plug_input_structure" : null,
  "plug_output_structure" : null,
  "config_plug_id" : null,
  "override_plug" : false,
  "config_java_service_id" : null,
  "service_tag" : "EMPTY",
  "endpoint_tag" : null,
  "config_service_tag" : null,
  "config_imap_tag" : null,
  "config_b2b_document_type_tag" : null,
  "active" : true,
  "parent_component_config_service_tag" : "EMPTY",
  "service_project_id" : "5fb86ce7-81de-404e-8114-39e7995ed487",
  "service_project_tag" : "EMPTY",
  "config_service_project_id" : null,
  "config_service_project_tag" : null,
  "config_imap_project_id" : null,
  "config_imap_project_tag" : null,
  "config_b2b_document_type_project_id" : null,
  "config_b2b_document_type_project_tag" : null,
  "endpoint_project_id" : null,
  "endpoint_project_tag" : null,
  "config_plug_tag" : null,
  "config_plug_project_id" : null,
  "config_plug_project_tag" : null,
  "config_java_service_tag" : null,
  "config_java_service_project_id" : null,
  "config_java_service_project_tag" : null,
  "disabled" : false,
  "config" : {
    "type" : "json",
    "value" : "{\"path\":\"/invoices\",\"method\":\"GET\",\"operationId\":\"Invoice API-1.0.0 get-invoices-by-state\"}",
    "null" : false
  },
  "config_b2b_document_type_project_mode_id" : "112c1cb8-4b9e-4d1a-a042-0bd031dc7d05",
  "config_imap_project_mode_id" : "112c1cb8-4b9e-4d1a-a042-0bd031dc7d05",
  "config_java_service_project_mode_id" : "112c1cb8-4b9e-4d1a-a042-0bd031dc7d05",
  "config_plug_project_mode_id" : "112c1cb8-4b9e-4d1a-a042-0bd031dc7d05",
  "config_service_project_mode_id" : "112c1cb8-4b9e-4d1a-a042-0bd031dc7d05",
  "endpoint_project_mode_id" : "112c1cb8-4b9e-4d1a-a042-0bd031dc7d05",
  "service_project_mode_id" : "112c1cb8-4b9e-4d1a-a042-0bd031dc7d05",
  "parent_component_config_service_project_mode_id" : "112c1cb8-4b9e-4d1a-a042-0bd031dc7d05",
  "is_audit" : true,
  "keys_with_order" : null
}