{
  "component_config_id" : "09104445-f0d2-47af-9e33-3324e1152931",
  "endpoint_config_json" : {
    "type" : "jsonb",
    "value" : "{\"crossRef\": [], \"services\": [], \"multistep\": [], \"operations\": []}",
    "null" : false
  },
  "input_config_json" : {
    "type" : "jsonb",
    "value" : "{\"crossRef\": [], \"services\": [], \"multistep\": [], \"operations\": []}",
    "null" : false
  },
  "output_config_json" : {
    "type" : "jsonb",
    "value" : "{\"crossRef\": [], \"services\": [], \"multistep\": [], \"operations\": [{\"map\": {\"id\": \"65242725-6873-4e49-a4a3-bcabb26c8937\", \"root\": false, \"type\": \"map\", \"cached\": false, \"source\": \"/ns7:Envelope/ns7:Body/ns1:FullCountryInfoResponse/ns1:FullCountryInfoResult/ns1:sName\", \"target\": \"/1APIServerResponse/200/name\", \"mapNull\": false, \"disabled\": false, \"extractXml\": false, \"extractJson\": false, \"targetOrder\": 2.0, \"mapEmptyString\": false, \"sourceJavaType\": \"java.lang.String\", \"targetJavaType\": \"java.lang.String\"}}, {\"map\": {\"id\": \"cb87defd-31b2-4205-9645-47ac2fdd607a\", \"root\": false, \"type\": \"map\", \"cached\": false, \"source\": \"/ns7:Envelope/ns7:Body/ns1:FullCountryInfoResponse/ns1:FullCountryInfoResult/ns1:sISOCode\", \"target\": \"/1APIServerResponse/200/isoCode\", \"mapNull\": false, \"disabled\": false, \"extractXml\": false, \"extractJson\": false, \"targetOrder\": 1.0, \"mapEmptyString\": false, \"sourceJavaType\": \"java.lang.String\", \"targetJavaType\": \"java.lang.String\"}}, {\"map\": {\"id\": \"4c2340d4-89af-44c4-9231-16f3ee856d7f\", \"root\": false, \"type\": \"map\", \"cached\": false, \"source\": \"/ns7:Envelope/ns7:Body/ns1:FullCountryInfoResponse/ns1:FullCountryInfoResult/ns1:sCapitalCity\", \"target\": \"/1APIServerResponse/200/capitalCity\", \"mapNull\": false, \"disabled\": false, \"extractXml\": false, \"extractJson\": false, \"targetOrder\": 3.0, \"mapEmptyString\": false, \"sourceJavaType\": \"java.lang.String\", \"targetJavaType\": \"java.lang.String\"}}, {\"map\": {\"id\": \"2348dc1c-f389-41ac-a932-88cb3fbbb4d8\", \"root\": false, \"type\": \"map\", \"cached\": false, \"source\": \"/ns7:Envelope/ns7:Body/ns1:FullCountryInfoResponse/ns1:FullCountryInfoResult/ns1:sPhoneCode\", \"target\": \"/1APIServerResponse/200/phoneCode\", \"mapNull\": false, \"disabled\": false, \"extractXml\": false, \"extractJson\": false, \"targetOrder\": 4.0, \"mapEmptyString\": false, \"sourceJavaType\": \"java.lang.String\", \"targetJavaType\": \"java.lang.String\"}}, {\"map\": {\"id\": \"964fae76-ef3f-4335-9d2c-a4ab8dfefcf4\", \"root\": false, \"type\": \"map\", \"cached\": false, \"source\": \"/ns7:Envelope/ns7:Body/ns1:FullCountryInfoResponse/ns1:FullCountryInfoResult/ns1:sContinentCode\", \"target\": \"/1APIServerResponse/200/continentCode\", \"mapNull\": false, \"disabled\": false, \"extractXml\": false, \"extractJson\": false, \"targetOrder\": 5.0, \"mapEmptyString\": false, \"sourceJavaType\": \"java.lang.String\", \"targetJavaType\": \"java.lang.String\"}}, {\"map\": {\"id\": \"0f00471a-6ac3-45bd-abcb-b6ab5a9a6b3e\", \"root\": false, \"type\": \"map\", \"cached\": false, \"source\": \"/ns7:Envelope/ns7:Body/ns1:FullCountryInfoResponse/ns1:FullCountryInfoResult/ns1:sCurrencyISOCode\", \"target\": \"/1APIServerResponse/200/currencyISOCode\", \"mapNull\": false, \"disabled\": false, \"extractXml\": false, \"extractJson\": false, \"targetOrder\": 6.0, \"mapEmptyString\": false, \"sourceJavaType\": \"java.lang.String\", \"targetJavaType\": \"java.lang.String\"}}, {\"map\": {\"id\": \"56365fb1-0446-4d22-a814-306186799d92\", \"root\": false, \"type\": \"map\", \"cached\": false, \"source\": \"/ns7:Envelope/ns7:Body/ns1:FullCountryInfoResponse/ns1:FullCountryInfoResult/ns1:sCountryFlag\", \"target\": \"/1APIServerResponse/200/countryFlag\", \"mapNull\": false, \"disabled\": false, \"extractXml\": false, \"extractJson\": false, \"targetOrder\": 7.0, \"mapEmptyString\": false, \"sourceJavaType\": \"java.lang.String\", \"targetJavaType\": \"java.lang.String\"}}, {\"map\": {\"id\": \"bd3a519a-dc63-4bf4-9444-467e633e354c\", \"root\": true, \"type\": \"map\", \"cached\": false, \"source\": \"/ns7:Envelope/ns7:Body/ns1:FullCountryInfoResponse/ns1:FullCountryInfoResult/ns1:Languages\", \"target\": \"/1APIServerResponse/200/languages[]\", \"mapNull\": false, \"disabled\": false, \"extractXml\": false, \"extractJson\": false, \"targetOrder\": 8.0, \"mapEmptyString\": false}}, {\"map\": {\"id\": \"1f4eef48-d173-4c5d-8e48-a228f06a7be1\", \"root\": false, \"type\": \"setValue\", \"cached\": false, \"target\": \"/status\", \"mapNull\": false, \"disabled\": false, \"extractXml\": false, \"extractJson\": false, \"targetOrder\": 1.0, \"targetValue\": \"200\", \"mapEmptyString\": false, \"targetJavaType\": \"java.lang.String\", \"variableSubstitution\": false}}, {\"map\": {\"id\": \"1d649775-d479-4cd7-a5f7-fcb01d8b06e4\", \"root\": false, \"type\": \"setValue\", \"cached\": false, \"target\": \"/1APIServerResponse/200/responseHeaders/Content-Type\", \"mapNull\": false, \"disabled\": false, \"extractXml\": false, \"extractJson\": false, \"targetOrder\": 22.0, \"targetValue\": \"application/json\", \"mapEmptyString\": false, \"targetJavaType\": \"java.lang.String\", \"variableSubstitution\": false}}]}",
    "null" : false
  },
  "component_id" : "8ac5fe03-27a2-4e6a-a449-6a8893818223",
  "service_id" : "2e2f62dd-46a9-46be-b563-c90efc51c760",
  "endpoint_id" : null,
  "parent_component_config_id" : "2f306c55-11a5-49b5-a6c6-9d1c406c807d",
  "component_config_order" : 0.75,
  "action_id" : "06843b78-eab0-45da-afab-8c8277d7553f",
  "name" : null,
  "description" : "",
  "override_endpoint" : false,
  "input_structure_json" : {
    "type" : "jsonb",
    "value" : "{\"maps\": [], \"mappedNodes\": [\"/ns7:Envelope/ns7:Body/ns1:FullCountryInfoResponse/ns1:FullCountryInfoResult/ns1:sName pipeIn\", \"/1APIServerResponse/200/namepipeOut\", \"/statuspipeOut\", \"/1APIServerResponse/200/responseHeaders/Content-TypepipeOut\", \"/1APIServerResponse/200/responseHeaderspipeOut\", \"/1APIServerResponse/200/responseHeaderspipeOut\", \"/ns7:Envelope/ns7:Body/ns1:FullCountryInfoResponse/ns1:FullCountryInfoResult/ns1:sISOCode pipeIn\", \"/1APIServerResponse/200/isoCodepipeOut\", \"/ns7:Envelope/ns7:Body/ns1:FullCountryInfoResponse/ns1:FullCountryInfoResult/ns1:sCapitalCity pipeIn\", \"/1APIServerResponse/200/capitalCitypipeOut\", \"/ns7:Envelope/ns7:Body/ns1:FullCountryInfoResponse/ns1:FullCountryInfoResult/ns1:sPhoneCode pipeIn\", \"/1APIServerResponse/200/phoneCodepipeOut\", \"/ns7:Envelope/ns7:Body/ns1:FullCountryInfoResponse/ns1:FullCountryInfoResult/ns1:sContinentCode pipeIn\", \"/1APIServerResponse/200/continentCodepipeOut\", \"/ns7:Envelope/ns7:Body/ns1:FullCountryInfoResponse/ns1:FullCountryInfoResult/ns1:sCurrencyISOCode pipeIn\", \"/1APIServerResponse/200/currencyISOCodepipeOut\", \"/ns7:Envelope/ns7:Body/ns1:FullCountryInfoResponse/ns1:FullCountryInfoResult/ns1:sCountryFlag pipeIn\", \"/1APIServerResponse/200/countryFlagpipeOut\", \"/ns7:Envelope/ns7:Body/ns1:FullCountryInfoResponse/ns1:FullCountryInfoResult/ns1:Languages pipeIn\", \"/1APIServerResponse/200/languages[]pipeOut\"]}",
    "null" : false
  },
  "output_structure_json" : {
    "type" : "jsonb",
    "value" : "{\"maps\": [{\"/1APIServerResponse/200/name\": [{\"type\": \"map\", \"source\": {\"path\": \"/ns7:Envelope/ns7:Body/ns1:FullCountryInfoResponse/ns1:FullCountryInfoResult/ns1:sName\", \"title\": \"ns1:sName\", \"dataElementType\": \"string\"}, \"target\": {\"path\": \"/1APIServerResponse/200/name\", \"order\": 2, \"title\": \"name\", \"dataElementType\": \"string\"}, \"mapCondition\": {\"isConditionSet\": false, \"sourceTreeIndex\": [], \"targetTreeIndex\": [], \"mapConditionFormValue\": {}}}]}, {\"/status\": [{\"type\": \"setValue\", \"order\": 1, \"target\": {\"path\": \"/status\", \"order\": 1, \"title\": \"status\", \"dataElementType\": \"string\"}, \"values\": [{\"id\": \"f8f05be4-d5cc-4129-9252-49caa59e91fb\", \"key\": \"/status\", \"type\": \"string\", \"order\": 1, \"title\": \"status\", \"setValue\": null, \"uiElement\": \"200\", \"isSetValue\": false, \"childrenSet\": false, \"hasChildren\": false, \"dataElementType\": \"string\", \"encryption_required\": false}], \"mapCondition\": {\"isConditionSet\": false, \"sourceTreeIndex\": [], \"targetTreeIndex\": [], \"mapConditionFormValue\": {}}, \"dataElementType\": \"string\", \"variableSubstitution\": false, \"overwritePipelineValue\": false}]}, {\"/1APIServerResponse/200/responseHeaders/Content-Type\": [{\"type\": \"setValue\", \"order\": 22, \"target\": {\"path\": \"/1APIServerResponse/200/responseHeaders/Content-Type\", \"order\": 22, \"title\": \"Content-Type\", \"dataElementType\": \"string\"}, \"values\": [{\"id\": \"8f1b346b-72b7-4d23-b7bc-89fbb168feb7\", \"key\": \"/1APIServerResponse/200/responseHeaders/Content-Type\", \"type\": \"string\", \"order\": 22, \"title\": \"Content-Type\", \"isLeaf\": true, \"setValue\": null, \"uiElement\": \"application/json\", \"isSetValue\": false, \"childrenSet\": false, \"hasChildren\": false, \"dataElementType\": \"string\", \"encryption_required\": false}], \"mapCondition\": {\"isConditionSet\": false, \"sourceTreeIndex\": [], \"targetTreeIndex\": [], \"mapConditionFormValue\": {}}, \"dataElementType\": \"string\", \"variableSubstitution\": false, \"overwritePipelineValue\": false}]}, {\"/1APIServerResponse/200/isoCode\": [{\"type\": \"map\", \"source\": {\"path\": \"/ns7:Envelope/ns7:Body/ns1:FullCountryInfoResponse/ns1:FullCountryInfoResult/ns1:sISOCode\", \"title\": \"ns1:sISOCode\", \"dataElementType\": \"string\"}, \"target\": {\"path\": \"/1APIServerResponse/200/isoCode\", \"order\": 1, \"title\": \"isoCode\", \"dataElementType\": \"string\"}, \"mapCondition\": {\"isConditionSet\": false, \"sourceTreeIndex\": [], \"targetTreeIndex\": [], \"mapConditionFormValue\": {}}}]}, {\"/1APIServerResponse/200/capitalCity\": [{\"type\": \"map\", \"source\": {\"path\": \"/ns7:Envelope/ns7:Body/ns1:FullCountryInfoResponse/ns1:FullCountryInfoResult/ns1:sCapitalCity\", \"title\": \"ns1:sCapitalCity\", \"dataElementType\": \"string\"}, \"target\": {\"path\": \"/1APIServerResponse/200/capitalCity\", \"order\": 3, \"title\": \"capitalCity\", \"dataElementType\": \"string\"}, \"mapCondition\": {\"isConditionSet\": false, \"sourceTreeIndex\": [], \"targetTreeIndex\": [], \"mapConditionFormValue\": {}}}]}, {\"/1APIServerResponse/200/phoneCode\": [{\"type\": \"map\", \"source\": {\"path\": \"/ns7:Envelope/ns7:Body/ns1:FullCountryInfoResponse/ns1:FullCountryInfoResult/ns1:sPhoneCode\", \"title\": \"ns1:sPhoneCode\", \"dataElementType\": \"string\"}, \"target\": {\"path\": \"/1APIServerResponse/200/phoneCode\", \"order\": 4, \"title\": \"phoneCode\", \"dataElementType\": \"string\"}, \"mapCondition\": {\"isConditionSet\": false, \"sourceTreeIndex\": [], \"targetTreeIndex\": [], \"mapConditionFormValue\": {}}}]}, {\"/1APIServerResponse/200/continentCode\": [{\"type\": \"map\", \"source\": {\"path\": \"/ns7:Envelope/ns7:Body/ns1:FullCountryInfoResponse/ns1:FullCountryInfoResult/ns1:sContinentCode\", \"title\": \"ns1:sContinentCode\", \"dataElementType\": \"string\"}, \"target\": {\"path\": \"/1APIServerResponse/200/continentCode\", \"order\": 5, \"title\": \"continentCode\", \"dataElementType\": \"string\"}, \"mapCondition\": {\"isConditionSet\": false, \"sourceTreeIndex\": [], \"targetTreeIndex\": [], \"mapConditionFormValue\": {}}}]}, {\"/1APIServerResponse/200/currencyISOCode\": [{\"type\": \"map\", \"source\": {\"path\": \"/ns7:Envelope/ns7:Body/ns1:FullCountryInfoResponse/ns1:FullCountryInfoResult/ns1:sCurrencyISOCode\", \"title\": \"ns1:sCurrencyISOCode\", \"dataElementType\": \"string\"}, \"target\": {\"path\": \"/1APIServerResponse/200/currencyISOCode\", \"order\": 6, \"title\": \"currencyISOCode\", \"dataElementType\": \"string\"}, \"mapCondition\": {\"isConditionSet\": false, \"sourceTreeIndex\": [], \"targetTreeIndex\": [], \"mapConditionFormValue\": {}}}]}, {\"/1APIServerResponse/200/countryFlag\": [{\"type\": \"map\", \"source\": {\"path\": \"/ns7:Envelope/ns7:Body/ns1:FullCountryInfoResponse/ns1:FullCountryInfoResult/ns1:sCountryFlag\", \"title\": \"ns1:sCountryFlag\", \"dataElementType\": \"string\"}, \"target\": {\"path\": \"/1APIServerResponse/200/countryFlag\", \"order\": 7, \"title\": \"countryFlag\", \"dataElementType\": \"string\"}, \"mapCondition\": {\"isConditionSet\": false, \"sourceTreeIndex\": [], \"targetTreeIndex\": [], \"mapConditionFormValue\": {}}}]}, {\"/1APIServerResponse/200/languages[]\": [{\"type\": \"list\", \"source\": {\"path\": \"/ns7:Envelope/ns7:Body/ns1:FullCountryInfoResponse/ns1:FullCountryInfoResult/ns1:Languages\", \"title\": \"ns1:Languages\", \"dataElementType\": \"document\"}, \"target\": {\"path\": \"/1APIServerResponse/200/languages[]\", \"order\": 8, \"title\": \"languages\", \"dataElementType\": \"documentArray\"}, \"mapCondition\": {\"isConditionSet\": false, \"sourceTreeIndex\": [{\"key\": 1, \"title\": \"ns7:Envelope\", \"isLeaf\": false, \"isArray\": false, \"children\": [{\"key\": 2, \"title\": \"ns7:Body\", \"isLeaf\": false, \"isArray\": false, \"children\": [{\"key\": 3, \"title\": \"ns1:FullCountryInfoResponse\", \"isLeaf\": false, \"isArray\": false, \"children\": [{\"key\": 4, \"title\": \"ns1:FullCountryInfoResult\", \"isLeaf\": false, \"isArray\": false, \"children\": [{\"key\": 5, \"title\": \"ns1:Languages\", \"isLeaf\": false, \"isArray\": false, \"parentKey\": 4}], \"parentKey\": 3}], \"parentKey\": 2}], \"parentKey\": 1}], \"parentKey\": 0}], \"targetTreeIndex\": [{\"key\": 1, \"title\": \"1APIServerResponse\", \"isLeaf\": false, \"isArray\": false, \"children\": [{\"key\": 2, \"title\": \"200\", \"isLeaf\": false, \"isArray\": false, \"children\": [{\"key\": 3, \"title\": \"languages[]\", \"isLeaf\": false, \"isArray\": true, \"parentKey\": 2, \"arrayIndex\": null}], \"parentKey\": 1}], \"parentKey\": 0}], \"mapConditionFormValue\": {}}}]}], \"tracks\": {}, \"transformer\": []}",
    "null" : false
  },
  "endpoint_structure_json" : {
    "type" : "jsonb",
    "value" : "{\"maps\": []}",
    "null" : false
  },
  "is_error" : false,
  "no_of_errors" : 0,
  "action_input_type" : null,
  "config_service_id" : null,
  "config_imap_id" : null,
  "config_b2b_document_type_id" : null,
  "config_document_id" : null,
  "add_variables" : {
    "type" : "jsonb",
    "value" : "[{\"id\": \"d40b4b1b-0adf-4d6d-9606-6ad5f4133a80\", \"key\": \"/serviceResponse\", \"type\": \"node\", \"order\": 1, \"title\": \"serviceResponse\", \"value\": {}, \"children\": [{\"id\": \"4c83653a-9679-473d-9043-700b22c38eb2\", \"key\": \"/serviceResponse/isoCode\", \"type\": \"node\", \"order\": 1, \"title\": \"isoCode\", \"value\": {\"type\": \"string\"}, \"isLeaf\": true, \"editAllow\": true, \"extractXml\": false, \"childrenSet\": false, \"extractJson\": true, \"hasChildren\": false, \"dataElementType\": \"string\", \"componentConfigId\": \"09104445-f0d2-47af-9e33-3324e1152931\", \"encryption_required\": false}, {\"id\": \"f1a972db-6251-4683-a931-c301ff9e6015\", \"key\": \"/serviceResponse/name\", \"type\": \"node\", \"order\": 2, \"title\": \"name\", \"value\": {\"type\": \"string\"}, \"isLeaf\": true, \"editAllow\": true, \"extractXml\": false, \"childrenSet\": false, \"extractJson\": true, \"hasChildren\": false, \"dataElementType\": \"string\", \"componentConfigId\": \"09104445-f0d2-47af-9e33-3324e1152931\", \"encryption_required\": false}, {\"id\": \"0b827f1c-e44b-4430-b9d8-29d019ba2d0d\", \"key\": \"/serviceResponse/capitalCity\", \"type\": \"node\", \"order\": 3, \"title\": \"capitalCity\", \"value\": {\"type\": \"string\"}, \"isLeaf\": true, \"editAllow\": true, \"extractXml\": false, \"childrenSet\": false, \"extractJson\": true, \"hasChildren\": false, \"dataElementType\": \"string\", \"componentConfigId\": \"09104445-f0d2-47af-9e33-3324e1152931\", \"encryption_required\": false}, {\"id\": \"4dbb27fe-a06a-4e0f-b355-4e5521f1bb8c\", \"key\": \"/serviceResponse/phoneCode\", \"type\": \"node\", \"order\": 4, \"title\": \"phoneCode\", \"value\": {\"type\": \"string\"}, \"isLeaf\": true, \"editAllow\": true, \"extractXml\": false, \"childrenSet\": false, \"extractJson\": true, \"hasChildren\": false, \"dataElementType\": \"string\", \"componentConfigId\": \"09104445-f0d2-47af-9e33-3324e1152931\", \"encryption_required\": false}, {\"id\": \"a9de178c-bc3a-45e3-a8f1-53d496056f1f\", \"key\": \"/serviceResponse/continentCode\", \"type\": \"node\", \"order\": 5, \"title\": \"continentCode\", \"value\": {\"type\": \"string\"}, \"isLeaf\": true, \"editAllow\": true, \"extractXml\": false, \"childrenSet\": false, \"extractJson\": true, \"hasChildren\": false, \"dataElementType\": \"string\", \"componentConfigId\": \"09104445-f0d2-47af-9e33-3324e1152931\", \"encryption_required\": false}, {\"id\": \"1c1c40e1-5bc8-42b5-8386-672ff3ebe46e\", \"key\": \"/serviceResponse/currencyISOCode\", \"type\": \"node\", \"order\": 6, \"title\": \"currencyISOCode\", \"value\": {\"type\": \"string\"}, \"isLeaf\": true, \"editAllow\": true, \"extractXml\": false, \"childrenSet\": false, \"extractJson\": true, \"hasChildren\": false, \"dataElementType\": \"string\", \"componentConfigId\": \"09104445-f0d2-47af-9e33-3324e1152931\", \"encryption_required\": false}, {\"id\": \"22a91ab9-a242-45ff-9350-5773b7ca6e1c\", \"key\": \"/serviceResponse/countryFlag\", \"type\": \"node\", \"order\": 7, \"title\": \"countryFlag\", \"value\": {\"type\": \"string\"}, \"isLeaf\": true, \"editAllow\": true, \"extractXml\": false, \"childrenSet\": false, \"extractJson\": true, \"hasChildren\": false, \"dataElementType\": \"string\", \"componentConfigId\": \"09104445-f0d2-47af-9e33-3324e1152931\", \"encryption_required\": false}, {\"id\": \"efaf87d2-b3f2-4a58-816e-5bcf87a9cdfe\", \"key\": \"/serviceResponse/languages[]\", \"type\": \"node\", \"order\": 8, \"title\": \"languages\", \"value\": {\"type\": \"array\"}, \"isLeaf\": false, \"children\": [{\"id\": \"9ce8de24-072b-4eb7-9483-003767799c29\", \"key\": \"/serviceResponse/languages[]/isoCode\", \"type\": \"node\", \"order\": 9, \"title\": \"isoCode\", \"value\": {\"type\": \"string\"}, \"isLeaf\": true, \"editAllow\": true, \"extractXml\": false, \"childrenSet\": false, \"extractJson\": true, \"hasChildren\": false, \"dataElementType\": \"string\", \"componentConfigId\": \"09104445-f0d2-47af-9e33-3324e1152931\", \"encryption_required\": false}, {\"id\": \"a702f32b-3e0d-4f8f-a6c5-26c1b99cfbc3\", \"key\": \"/serviceResponse/languages[]/name\", \"type\": \"node\", \"order\": 10, \"title\": \"name\", \"value\": {\"type\": \"string\"}, \"isLeaf\": true, \"editAllow\": true, \"extractXml\": false, \"childrenSet\": false, \"extractJson\": true, \"hasChildren\": false, \"dataElementType\": \"string\", \"componentConfigId\": \"09104445-f0d2-47af-9e33-3324e1152931\", \"encryption_required\": false}], \"editAllow\": true, \"extractXml\": false, \"childrenSet\": false, \"extractJson\": true, \"hasChildren\": false, \"dataElementType\": \"documentArray\", \"componentConfigId\": \"09104445-f0d2-47af-9e33-3324e1152931\", \"encryption_required\": false}], \"editAllow\": true, \"extractXml\": false, \"extractJson\": true, \"dataElementType\": \"document\", \"componentConfigId\": \"09104445-f0d2-47af-9e33-3324e1152931\", \"componentConfigName\": \"Map\"}]",
    "null" : false
  },
  "drop_variables" : {
    "type" : "jsonb",
    "value" : "[]",
    "null" : false
  },
  "plug_input_structure" : null,
  "plug_output_structure" : null,
  "config_plug_id" : null,
  "override_plug" : false,
  "config_java_service_id" : null,
  "service_tag" : "EMPTY",
  "endpoint_tag" : null,
  "config_service_tag" : "",
  "config_imap_tag" : "",
  "config_b2b_document_type_tag" : "",
  "active" : true,
  "parent_component_config_service_tag" : "EMPTY",
  "service_project_id" : "5fb86ce7-81de-404e-8114-39e7995ed487",
  "service_project_tag" : "EMPTY",
  "config_service_project_id" : null,
  "config_service_project_tag" : "",
  "config_imap_project_id" : null,
  "config_imap_project_tag" : "",
  "config_b2b_document_type_project_id" : null,
  "config_b2b_document_type_project_tag" : "",
  "endpoint_project_id" : null,
  "endpoint_project_tag" : null,
  "config_plug_tag" : null,
  "config_plug_project_id" : null,
  "config_plug_project_tag" : null,
  "config_java_service_tag" : "",
  "config_java_service_project_id" : null,
  "config_java_service_project_tag" : "",
  "disabled" : false,
  "config" : null,
  "config_b2b_document_type_project_mode_id" : "112c1cb8-4b9e-4d1a-a042-0bd031dc7d05",
  "config_imap_project_mode_id" : "112c1cb8-4b9e-4d1a-a042-0bd031dc7d05",
  "config_java_service_project_mode_id" : "112c1cb8-4b9e-4d1a-a042-0bd031dc7d05",
  "config_plug_project_mode_id" : "112c1cb8-4b9e-4d1a-a042-0bd031dc7d05",
  "config_service_project_mode_id" : "112c1cb8-4b9e-4d1a-a042-0bd031dc7d05",
  "endpoint_project_mode_id" : "112c1cb8-4b9e-4d1a-a042-0bd031dc7d05",
  "service_project_mode_id" : "112c1cb8-4b9e-4d1a-a042-0bd031dc7d05",
  "parent_component_config_service_project_mode_id" : "112c1cb8-4b9e-4d1a-a042-0bd031dc7d05",
  "is_audit" : true,
  "keys_with_order" : null
}