{
  "component_config_id" : "24260d8c-01e1-4c19-bd4c-2df7d87adda8",
  "endpoint_config_json" : {
    "type" : "jsonb",
    "value" : "{\"crossRef\": [], \"services\": [], \"multistep\": [], \"operations\": []}",
    "null" : false
  },
  "input_config_json" : {
    "type" : "jsonb",
    "value" : "{\"crossRef\": [], \"services\": [], \"multistep\": [], \"operations\": []}",
    "null" : false
  },
  "output_config_json" : {
    "type" : "jsonb",
    "value" : "{\"crossRef\": [], \"services\": [], \"multistep\": [], \"operations\": [{\"transformer\": {\"id\": \"f4243886-0735-49b7-a9b9-369f10bf3dd3\", \"name\": \"LIST_APPEND\", \"type\": \"List\", \"query\": null, \"inputs\": [{\"id\": \"c06c4cef-f497-481a-9cc8-9b8f585a6b03\", \"root\": true, \"type\": \"list\", \"cached\": false, \"source\": \"/get-invoices-by-stateAPIServerResponse/200/invoices[]\", \"target\": \"/LIST_APPEND_INPUT/docList[]\", \"mapNull\": false, \"disabled\": false, \"extractXml\": false, \"extractJson\": false, \"mapEmptyString\": false}, {\"id\": \"5aae9cb2-fb04-4691-9dbd-3a5242190d8e\", \"root\": true, \"type\": \"map\", \"cached\": false, \"source\": \"/invoiceResponse\", \"target\": \"/LIST_APPEND_INPUT/docIn\", \"mapNull\": false, \"disabled\": false, \"extractXml\": false, \"extractJson\": false, \"mapEmptyString\": false}], \"outputs\": [{\"id\": \"98e31851-78c4-4794-b27f-ebcd06ec50e5\", \"root\": true, \"type\": \"list\", \"cached\": false, \"source\": \"/LIST_APPEND_OUTPUT/docList[]\", \"target\": \"/get-invoices-by-stateAPIServerResponse/200/invoices[]\", \"mapNull\": false, \"disabled\": false, \"extractXml\": false, \"extractJson\": false, \"targetOrder\": 2.0, \"mapEmptyString\": false}], \"tableId\": null, \"configId\": null, \"disabled\": false, \"serviceId\": null, \"expression\": null}}, {\"transformer\": {\"id\": \"feefc983-2811-4e9e-9c3b-477c62b6ea51\", \"name\": \"MATH_ADD_FLOATS\", \"type\": \"Math\", \"query\": null, \"inputs\": [{\"id\": \"e142d7a0-1346-4b61-9491-0c3b7fbc0260\", \"root\": false, \"type\": \"map\", \"cached\": false, \"source\": \"/get-invoices-by-stateAPIServerResponse/200/grandTotal\", \"target\": \"/MATH_ADD_FLOATS_INPUT/num1\", \"mapNull\": false, \"disabled\": false, \"extractXml\": false, \"extractJson\": false, \"mapEmptyString\": false, \"sourceJavaType\": \"java.lang.Float\", \"targetJavaType\": \"java.lang.Float\"}, {\"id\": \"d45948d4-bce3-4606-99b8-865892353846\", \"root\": false, \"type\": \"map\", \"cached\": false, \"source\": \"/invoiceResponse/totalamt\", \"target\": \"/MATH_ADD_FLOATS_INPUT/num2\", \"mapNull\": false, \"disabled\": false, \"extractXml\": false, \"extractJson\": false, \"mapEmptyString\": false, \"sourceJavaType\": \"java.lang.Float\", \"targetJavaType\": \"java.lang.Float\"}], \"outputs\": [{\"id\": \"d68e42b2-8e2f-43e1-a7cd-27e585be9686\", \"root\": false, \"type\": \"map\", \"cached\": false, \"source\": \"/MATH_ADD_FLOATS_OUTPUT/output\", \"target\": \"/get-invoices-by-stateAPIServerResponse/200/grandTotal\", \"mapNull\": false, \"disabled\": false, \"extractXml\": false, \"extractJson\": false, \"targetOrder\": 24.0, \"mapEmptyString\": false, \"sourceJavaType\": \"java.lang.Float\", \"targetJavaType\": \"java.lang.Float\"}], \"tableId\": null, \"configId\": null, \"disabled\": false, \"serviceId\": null, \"expression\": null}}, {\"map\": {\"id\": \"fb78e4cd-1821-4024-ae80-1bd650c1f32f\", \"root\": false, \"type\": \"map\", \"cached\": false, \"source\": \"/get-invoices-by-stateAPIServerRequest/queryParams/state\", \"target\": \"/get-invoices-by-stateAPIServerResponse/200/state\", \"mapNull\": false, \"disabled\": false, \"extractXml\": false, \"extractJson\": false, \"targetOrder\": 1.0, \"mapEmptyString\": false, \"sourceJavaType\": \"java.lang.String\", \"targetJavaType\": \"java.lang.String\"}}, {\"map\": {\"id\": \"f6fd0b18-db3f-4b21-ae09-268bcb3e57a8\", \"root\": false, \"type\": \"map\", \"cached\": false, \"source\": \"/get-invoices-by-stateAPIServerRequest/queryParams/currencycode\", \"target\": \"/get-invoices-by-stateAPIServerResponse/200/currency\", \"mapNull\": false, \"disabled\": false, \"extractXml\": false, \"extractJson\": false, \"targetOrder\": 25.0, \"mapEmptyString\": false, \"sourceJavaType\": \"java.lang.String\", \"targetJavaType\": \"java.lang.String\"}}]}",
    "null" : false
  },
  "component_id" : "8ac5fe03-27a2-4e6a-a449-6a8893818223",
  "service_id" : "fdfa829d-5a28-4903-8af0-6ead424826e7",
  "endpoint_id" : null,
  "parent_component_config_id" : "08b9db25-15cc-4512-b0f7-e95907c46d36",
  "component_config_order" : 3.75,
  "action_id" : "06843b78-eab0-45da-afab-8c8277d7553f",
  "name" : null,
  "description" : "",
  "override_endpoint" : false,
  "input_structure_json" : {
    "type" : "jsonb",
    "value" : "{\"maps\": [], \"mappedNodes\": [\"/get-invoices-by-stateAPIServerResponse/200/invoices[] pipeIn\", \"/LIST_APPEND_INPUT/docList[]0\", \"/invoiceResponse pipeIn\", \"/LIST_APPEND_INPUT/docIn0\", \"/LIST_APPEND_OUTPUT/docList[]0\", \"/get-invoices-by-stateAPIServerResponse/200/invoices[]pipeOut\", \"/get-invoices-by-stateAPIServerResponse/200/grandTotal pipeIn\", \"/MATH_ADD_FLOATS_INPUT/num11\", \"/invoiceResponse/totalamt pipeIn\", \"/MATH_ADD_FLOATS_INPUT/num21\", \"/MATH_ADD_FLOATS_OUTPUT/output1\", \"/get-invoices-by-stateAPIServerResponse/200/grandTotalpipeOut\", \"/get-invoices-by-stateAPIServerRequest/queryParams/state pipeIn\", \"/get-invoices-by-stateAPIServerResponse/200/statepipeOut\", \"/get-invoices-by-stateAPIServerRequest/queryParams/currencycode pipeIn\", \"/get-invoices-by-stateAPIServerResponse/200/currencypipeOut\"]}",
    "null" : false
  },
  "output_structure_json" : {
    "type" : "jsonb",
    "value" : "{\"maps\": [{\"/get-invoices-by-stateAPIServerResponse/200/state\": [{\"type\": \"map\", \"source\": {\"path\": \"/get-invoices-by-stateAPIServerRequest/queryParams/state\", \"title\": \"state\", \"dataElementType\": \"string\"}, \"target\": {\"path\": \"/get-invoices-by-stateAPIServerResponse/200/state\", \"order\": 1, \"title\": \"state\", \"dataElementType\": \"string\"}, \"mapCondition\": {\"isConditionSet\": false, \"sourceTreeIndex\": [], \"targetTreeIndex\": [], \"mapConditionFormValue\": {}}}]}, {\"/get-invoices-by-stateAPIServerResponse/200/currency\": [{\"type\": \"map\", \"source\": {\"path\": \"/get-invoices-by-stateAPIServerRequest/queryParams/currencycode\", \"title\": \"currencycode\", \"dataElementType\": \"string\"}, \"target\": {\"path\": \"/get-invoices-by-stateAPIServerResponse/200/currency\", \"order\": 25, \"title\": \"currency\", \"dataElementType\": \"string\"}, \"mapCondition\": {\"isConditionSet\": false, \"sourceTreeIndex\": [], \"targetTreeIndex\": [], \"mapConditionFormValue\": {}}}]}], \"tracks\": {}, \"transformer\": [{\"inputs\": {\"/LIST_APPEND_INPUT/docIn\": [{\"type\": \"map\", \"source\": {\"path\": \"/invoiceResponse\", \"title\": \"invoiceResponse\", \"dataElementType\": \"document\"}, \"target\": {\"path\": \"/LIST_APPEND_INPUT/docIn\", \"title\": \"docIn\", \"dataElementType\": \"document\"}, \"mapCondition\": {\"isConditionSet\": false, \"sourceTreeIndex\": [], \"targetTreeIndex\": [], \"mapConditionFormValue\": {}}}], \"/LIST_APPEND_INPUT/docList[]\": [{\"type\": \"list\", \"source\": {\"path\": \"/get-invoices-by-stateAPIServerResponse/200/invoices[]\", \"title\": \"invoices\", \"dataElementType\": \"documentArray\"}, \"target\": {\"path\": \"/LIST_APPEND_INPUT/docList[]\", \"title\": \"docList\", \"dataElementType\": \"documentArray\"}, \"mapCondition\": {\"isConditionSet\": false, \"sourceTreeIndex\": [{\"key\": 1, \"title\": \"get-invoices-by-stateAPIServerResponse\", \"isLeaf\": false, \"isArray\": false, \"children\": [{\"key\": 2, \"title\": \"200\", \"isLeaf\": false, \"isArray\": false, \"children\": [{\"key\": 3, \"title\": \"invoices[]\", \"isLeaf\": false, \"isArray\": true, \"parentKey\": 2, \"arrayIndex\": null}], \"parentKey\": 1}], \"parentKey\": 0}], \"targetTreeIndex\": [{\"key\": 1, \"title\": \"LIST_APPEND_INPUT\", \"isLeaf\": false, \"isArray\": false, \"children\": [{\"key\": 2, \"title\": \"docList\", \"isLeaf\": false, \"isArray\": true, \"parentKey\": 1, \"arrayIndex\": null}], \"parentKey\": 0}], \"mapConditionFormValue\": {}}}]}, \"outputs\": {\"/get-invoices-by-stateAPIServerResponse/200/invoices[]\": [{\"type\": \"list\", \"source\": {\"path\": \"/LIST_APPEND_OUTPUT/docList[]\", \"title\": \"docList\", \"dataElementType\": \"documentArray\"}, \"target\": {\"path\": \"/get-invoices-by-stateAPIServerResponse/200/invoices[]\", \"order\": 2, \"title\": \"invoices\", \"dataElementType\": \"documentArray\"}, \"mapCondition\": {\"isConditionSet\": false, \"sourceTreeIndex\": [{\"key\": 1, \"title\": \"LIST_APPEND_OUTPUT\", \"isLeaf\": false, \"isArray\": false, \"children\": [{\"key\": 2, \"title\": \"docList\", \"isLeaf\": false, \"isArray\": true, \"parentKey\": 1, \"arrayIndex\": null}], \"parentKey\": 0}], \"targetTreeIndex\": [{\"key\": 1, \"title\": \"get-invoices-by-stateAPIServerResponse\", \"isLeaf\": false, \"isArray\": false, \"children\": [{\"key\": 2, \"title\": \"200\", \"isLeaf\": false, \"isArray\": false, \"children\": [{\"key\": 3, \"title\": \"invoices[]\", \"isLeaf\": false, \"isArray\": true, \"parentKey\": 2, \"arrayIndex\": null}], \"parentKey\": 1}], \"parentKey\": 0}], \"mapConditionFormValue\": {}}}]}, \"functionInfo\": {\"id\": \"f5437179-0ea3-46c8-af0c-12576afcff42\", \"name\": \"AppendList\", \"category\": {\"id\": \"41a97f98-22ec-4738-9b60-e2e3bd2bc1f9\"}, \"internalName\": \"LIST_APPEND\"}}, {\"inputs\": {\"/MATH_ADD_FLOATS_INPUT/num1\": [{\"type\": \"map\", \"source\": {\"path\": \"/get-invoices-by-stateAPIServerResponse/200/grandTotal\", \"title\": \"grandTotal\", \"dataElementType\": \"number\"}, \"target\": {\"path\": \"/MATH_ADD_FLOATS_INPUT/num1\", \"title\": \"num1\", \"dataElementType\": \"number\"}, \"mapCondition\": {\"isConditionSet\": false, \"sourceTreeIndex\": [], \"targetTreeIndex\": [], \"mapConditionFormValue\": {}}}], \"/MATH_ADD_FLOATS_INPUT/num2\": [{\"type\": \"map\", \"source\": {\"path\": \"/invoiceResponse/totalamt\", \"title\": \"totalamt\", \"dataElementType\": \"number\"}, \"target\": {\"path\": \"/MATH_ADD_FLOATS_INPUT/num2\", \"title\": \"num2\", \"dataElementType\": \"number\"}, \"mapCondition\": {\"isConditionSet\": false, \"sourceTreeIndex\": [], \"targetTreeIndex\": [], \"mapConditionFormValue\": {}}}]}, \"outputs\": {\"/get-invoices-by-stateAPIServerResponse/200/grandTotal\": [{\"type\": \"map\", \"source\": {\"path\": \"/MATH_ADD_FLOATS_OUTPUT/output\", \"title\": \"output\", \"dataElementType\": \"number\"}, \"target\": {\"path\": \"/get-invoices-by-stateAPIServerResponse/200/grandTotal\", \"order\": 24, \"title\": \"grandTotal\", \"dataElementType\": \"number\"}, \"mapCondition\": {\"isConditionSet\": false, \"sourceTreeIndex\": [], \"targetTreeIndex\": [], \"mapConditionFormValue\": {}}}]}, \"functionInfo\": {\"id\": \"74ed6c4e-4bcd-450a-9a89-0269f3ec31cf\", \"name\": \"AddFloats\", \"category\": {\"id\": \"18db0fe2-347a-4bac-8a2d-41403773c028\"}, \"internalName\": \"MATH_ADD_FLOATS\"}}]}",
    "null" : false
  },
  "endpoint_structure_json" : {
    "type" : "jsonb",
    "value" : "{\"maps\": []}",
    "null" : false
  },
  "is_error" : false,
  "no_of_errors" : 0,
  "action_input_type" : null,
  "config_service_id" : null,
  "config_imap_id" : null,
  "config_b2b_document_type_id" : null,
  "config_document_id" : null,
  "add_variables" : {
    "type" : "jsonb",
    "value" : "[]",
    "null" : false
  },
  "drop_variables" : {
    "type" : "jsonb",
    "value" : "[]",
    "null" : false
  },
  "plug_input_structure" : null,
  "plug_output_structure" : null,
  "config_plug_id" : null,
  "override_plug" : false,
  "config_java_service_id" : null,
  "service_tag" : "EMPTY",
  "endpoint_tag" : null,
  "config_service_tag" : "",
  "config_imap_tag" : "",
  "config_b2b_document_type_tag" : "",
  "active" : true,
  "parent_component_config_service_tag" : "EMPTY",
  "service_project_id" : "5fb86ce7-81de-404e-8114-39e7995ed487",
  "service_project_tag" : "EMPTY",
  "config_service_project_id" : null,
  "config_service_project_tag" : "",
  "config_imap_project_id" : null,
  "config_imap_project_tag" : "",
  "config_b2b_document_type_project_id" : null,
  "config_b2b_document_type_project_tag" : "",
  "endpoint_project_id" : null,
  "endpoint_project_tag" : null,
  "config_plug_tag" : null,
  "config_plug_project_id" : null,
  "config_plug_project_tag" : null,
  "config_java_service_tag" : "",
  "config_java_service_project_id" : null,
  "config_java_service_project_tag" : "",
  "disabled" : false,
  "config" : null,
  "config_b2b_document_type_project_mode_id" : "112c1cb8-4b9e-4d1a-a042-0bd031dc7d05",
  "config_imap_project_mode_id" : "112c1cb8-4b9e-4d1a-a042-0bd031dc7d05",
  "config_java_service_project_mode_id" : "112c1cb8-4b9e-4d1a-a042-0bd031dc7d05",
  "config_plug_project_mode_id" : "112c1cb8-4b9e-4d1a-a042-0bd031dc7d05",
  "config_service_project_mode_id" : "112c1cb8-4b9e-4d1a-a042-0bd031dc7d05",
  "endpoint_project_mode_id" : "112c1cb8-4b9e-4d1a-a042-0bd031dc7d05",
  "service_project_mode_id" : "112c1cb8-4b9e-4d1a-a042-0bd031dc7d05",
  "parent_component_config_service_project_mode_id" : "112c1cb8-4b9e-4d1a-a042-0bd031dc7d05",
  "is_audit" : true,
  "keys_with_order" : null
}