{
  "component_config_id" : "4c59d690-6bea-405b-b4cb-5b0d2aa867c8",
  "endpoint_config_json" : {
    "type" : "jsonb",
    "value" : "{\"crossRef\": [], \"services\": [], \"multistep\": [], \"operations\": []}",
    "null" : false
  },
  "input_config_json" : {
    "type" : "jsonb",
    "value" : "{\"crossRef\": [], \"services\": [], \"multistep\": [], \"operations\": [{\"map\": {\"id\": \"dd1f33b6-5a73-4a21-a5a0-baf60ba5e23e\", \"root\": false, \"type\": \"map\", \"cached\": false, \"source\": \"/Order/firstName\", \"target\": \"/Add ContactInput/insert/FirstName\", \"mapNull\": false, \"disabled\": false, \"extractXml\": false, \"extractJson\": false, \"targetOrder\": 4.0, \"mapEmptyString\": false, \"sourceJavaType\": \"java.lang.String\", \"targetJavaType\": \"java.lang.String\"}}, {\"map\": {\"id\": \"f04fbb84-eb19-4bbc-9826-6cea00b5eb10\", \"root\": false, \"type\": \"map\", \"cached\": false, \"source\": \"/Order/lastName\", \"target\": \"/Add ContactInput/insert/LastName\", \"mapNull\": false, \"disabled\": false, \"extractXml\": false, \"extractJson\": false, \"targetOrder\": 3.0, \"mapEmptyString\": false, \"sourceJavaType\": \"java.lang.String\", \"targetJavaType\": \"java.lang.String\"}}, {\"map\": {\"id\": \"7d02254f-50a4-44ca-bca7-7a8c18615c49\", \"root\": false, \"type\": \"map\", \"cached\": false, \"source\": \"/Order/address/address1\", \"target\": \"/Add ContactInput/insert/MailingStreet\", \"mapNull\": false, \"disabled\": false, \"extractXml\": false, \"extractJson\": false, \"targetOrder\": 5.0, \"mapEmptyString\": false, \"sourceJavaType\": \"java.lang.String\", \"targetJavaType\": \"java.lang.String\"}}, {\"map\": {\"id\": \"71ead96c-8d25-469e-9e77-d2fa14d5e8a2\", \"root\": false, \"type\": \"map\", \"cached\": false, \"source\": \"/Order/address/city\", \"target\": \"/Add ContactInput/insert/MailingCity\", \"mapNull\": false, \"disabled\": false, \"extractXml\": false, \"extractJson\": false, \"targetOrder\": 6.0, \"mapEmptyString\": false, \"sourceJavaType\": \"java.lang.String\", \"targetJavaType\": \"java.lang.String\"}}, {\"map\": {\"id\": \"3452639f-a48b-40c3-a089-9a75e5f07ecb\", \"root\": false, \"type\": \"map\", \"cached\": false, \"source\": \"/Order/address/province\", \"target\": \"/Add ContactInput/insert/MailingState\", \"mapNull\": false, \"disabled\": false, \"extractXml\": false, \"extractJson\": false, \"targetOrder\": 7.0, \"mapEmptyString\": false, \"sourceJavaType\": \"java.lang.String\", \"targetJavaType\": \"java.lang.String\"}}, {\"map\": {\"id\": \"7ad47c6b-e35c-400e-98d0-e1aa20fb3ada\", \"root\": false, \"type\": \"map\", \"cached\": false, \"source\": \"/Order/address/zip\", \"target\": \"/Add ContactInput/insert/MailingPostalCode\", \"mapNull\": false, \"disabled\": false, \"extractXml\": false, \"extractJson\": false, \"targetOrder\": 8.0, \"mapEmptyString\": false, \"sourceJavaType\": \"java.lang.String\", \"targetJavaType\": \"java.lang.String\"}}, {\"map\": {\"id\": \"3162e593-3a06-4496-967e-5a194ea2d214\", \"root\": false, \"type\": \"map\", \"cached\": false, \"source\": \"/Order/email\", \"target\": \"/Add ContactInput/insert/Email\", \"mapNull\": false, \"disabled\": false, \"extractXml\": false, \"extractJson\": false, \"targetOrder\": 9.0, \"mapEmptyString\": false, \"sourceJavaType\": \"java.lang.String\", \"targetJavaType\": \"java.lang.String\"}}]}",
    "null" : false
  },
  "output_config_json" : {
    "type" : "jsonb",
    "value" : "{\"crossRef\": [], \"services\": [], \"multistep\": [], \"operations\": [{\"map\": {\"id\": \"aa981176-59f9-47e0-8f56-fbdd5d1598b0\", \"root\": true, \"type\": \"map\", \"cached\": false, \"source\": \"/Add ContactOutput\", \"target\": \"/Add ContactOutput\", \"mapNull\": false, \"disabled\": false, \"extractXml\": false, \"extractJson\": false, \"targetOrder\": 1.0, \"mapEmptyString\": false}}, {\"map\": {\"id\": \"7310396d-161f-411c-88bd-0ea9775809ed\", \"root\": false, \"type\": \"map\", \"cached\": false, \"source\": \"/Add ContactOutput/success\", \"target\": \"/NewCustomer\", \"mapNull\": false, \"disabled\": false, \"extractXml\": false, \"extractJson\": false, \"targetOrder\": 1.0, \"mapEmptyString\": false, \"sourceJavaType\": \"java.lang.Boolean\", \"targetJavaType\": \"java.lang.Boolean\"}}]}",
    "null" : false
  },
  "component_id" : "f9e692b6-2d3f-4aa8-be08-38ccc97babd0",
  "service_id" : "193e64ea-ab15-49fb-9d79-dfbcccc5d25e",
  "endpoint_id" : "a9d00d89-58ae-4ce4-b267-8d5b02489e64",
  "parent_component_config_id" : "4acb6d88-d18e-4a0e-b328-39a97f3e3cd3",
  "component_config_order" : 2.0,
  "action_id" : "b714c222-b5fc-4bd1-b6c0-349d56edacf7",
  "name" : "Add new customer",
  "description" : "",
  "override_endpoint" : false,
  "input_structure_json" : {
    "type" : "jsonb",
    "value" : "{\"maps\": [{\"/Add ContactInput/insert/FirstName\": [{\"type\": \"map\", \"source\": {\"path\": \"/Order/firstName\", \"title\": \"firstName\", \"dataElementType\": \"string\"}, \"target\": {\"path\": \"/Add ContactInput/insert/FirstName\", \"order\": 4, \"title\": \"FirstName\", \"dataElementType\": \"string\"}, \"mapCondition\": {\"isConditionSet\": false, \"sourceTreeIndex\": [], \"targetTreeIndex\": [], \"mapConditionFormValue\": {}}}]}, {\"/Add ContactInput/insert/LastName\": [{\"type\": \"map\", \"source\": {\"path\": \"/Order/lastName\", \"title\": \"lastName\", \"dataElementType\": \"string\"}, \"target\": {\"path\": \"/Add ContactInput/insert/LastName\", \"order\": 3, \"title\": \"LastName\", \"dataElementType\": \"string\"}, \"mapCondition\": {\"isConditionSet\": false, \"sourceTreeIndex\": [], \"targetTreeIndex\": [], \"mapConditionFormValue\": {}}}]}, {\"/Add ContactInput/insert/MailingStreet\": [{\"type\": \"map\", \"source\": {\"path\": \"/Order/address/address1\", \"title\": \"address1\", \"dataElementType\": \"string\"}, \"target\": {\"path\": \"/Add ContactInput/insert/MailingStreet\", \"order\": 5, \"title\": \"MailingStreet\", \"dataElementType\": \"string\"}, \"mapCondition\": {\"isConditionSet\": false, \"sourceTreeIndex\": [], \"targetTreeIndex\": [], \"mapConditionFormValue\": {}}}]}, {\"/Add ContactInput/insert/MailingCity\": [{\"type\": \"map\", \"source\": {\"path\": \"/Order/address/city\", \"title\": \"city\", \"dataElementType\": \"string\"}, \"target\": {\"path\": \"/Add ContactInput/insert/MailingCity\", \"order\": 6, \"title\": \"MailingCity\", \"dataElementType\": \"string\"}, \"mapCondition\": {\"isConditionSet\": false, \"sourceTreeIndex\": [], \"targetTreeIndex\": [], \"mapConditionFormValue\": {}}}]}, {\"/Add ContactInput/insert/MailingState\": [{\"type\": \"map\", \"source\": {\"path\": \"/Order/address/province\", \"title\": \"province\", \"dataElementType\": \"string\"}, \"target\": {\"path\": \"/Add ContactInput/insert/MailingState\", \"order\": 7, \"title\": \"MailingState\", \"dataElementType\": \"string\"}, \"mapCondition\": {\"isConditionSet\": false, \"sourceTreeIndex\": [], \"targetTreeIndex\": [], \"mapConditionFormValue\": {}}}]}, {\"/Add ContactInput/insert/MailingPostalCode\": [{\"type\": \"map\", \"source\": {\"path\": \"/Order/address/zip\", \"title\": \"zip\", \"dataElementType\": \"string\"}, \"target\": {\"path\": \"/Add ContactInput/insert/MailingPostalCode\", \"order\": 8, \"title\": \"MailingPostalCode\", \"dataElementType\": \"string\"}, \"mapCondition\": {\"isConditionSet\": false, \"sourceTreeIndex\": [], \"targetTreeIndex\": [], \"mapConditionFormValue\": {}}}]}, {\"/Add ContactInput/insert/Email\": [{\"type\": \"map\", \"source\": {\"path\": \"/Order/email\", \"title\": \"email\", \"dataElementType\": \"string\"}, \"target\": {\"path\": \"/Add ContactInput/insert/Email\", \"order\": 9, \"title\": \"Email\", \"dataElementType\": \"string\"}, \"mapCondition\": {\"isConditionSet\": false, \"sourceTreeIndex\": [], \"targetTreeIndex\": [], \"mapConditionFormValue\": {}}}]}], \"mappedNodes\": [\"/Order/firstName pipeIn\", \"/Add ContactInput/insert/FirstName actionIn\", \"/Order/lastName pipeIn\", \"/Add ContactInput/insert/LastName actionIn\", \"/Order/address/address1 pipeIn\", \"/Add ContactInput/insert/MailingStreet actionIn\", \"/Order/address/city pipeIn\", \"/Add ContactInput/insert/MailingCity actionIn\", \"/Order/address/province pipeIn\", \"/Add ContactInput/insert/MailingState actionIn\", \"/Order/address/zip pipeIn\", \"/Add ContactInput/insert/MailingPostalCode actionIn\", \"/Order/email pipeIn\", \"/Add ContactInput/insert/Email actionIn\"]}",
    "null" : false
  },
  "output_structure_json" : {
    "type" : "jsonb",
    "value" : "{\"maps\": [{\"/Add ContactOutput\": [{\"type\": \"map\", \"source\": {\"path\": \"/Add ContactOutput\", \"title\": \"Add ContactOutput\", \"dataElementType\": \"document\"}, \"target\": {\"path\": \"/Add ContactOutput\", \"order\": 1, \"title\": \"Add ContactOutput\", \"dataElementType\": \"document\"}, \"mapCondition\": {\"isConditionSet\": false, \"sourceTreeIndex\": [], \"targetTreeIndex\": [], \"mapConditionFormValue\": {}}}]}, {\"/NewCustomer\": [{\"type\": \"map\", \"source\": {\"path\": \"/Add ContactOutput/success\", \"title\": \"success\", \"dataElementType\": \"boolean\"}, \"target\": {\"path\": \"/NewCustomer\", \"order\": 1, \"title\": \"NewCustomer\", \"dataElementType\": \"boolean\"}, \"mapCondition\": {\"isConditionSet\": false, \"sourceTreeIndex\": [], \"targetTreeIndex\": [], \"mapConditionFormValue\": {}}}]}], \"tracks\": {}, \"transformer\": []}",
    "null" : false
  },
  "endpoint_structure_json" : {
    "type" : "jsonb",
    "value" : "{\"maps\": []}",
    "null" : false
  },
  "is_error" : false,
  "no_of_errors" : 0,
  "action_input_type" : null,
  "config_service_id" : null,
  "config_imap_id" : null,
  "config_b2b_document_type_id" : null,
  "config_document_id" : null,
  "add_variables" : {
    "type" : "jsonb",
    "value" : "[{\"id\": \"67a11f7f-ab61-4709-b1e1-9264c17083d0\", \"key\": \"/NewCustomer\", \"type\": \"node\", \"order\": 1, \"title\": \"NewCustomer\", \"value\": {\"type\": \"boolean\"}, \"children\": [], \"editAllow\": true, \"dataElementType\": \"boolean\", \"componentConfigId\": \"4c59d690-6bea-405b-b4cb-5b0d2aa867c8\", \"componentConfigName\": \"Salesforce\"}]",
    "null" : false
  },
  "drop_variables" : {
    "type" : "jsonb",
    "value" : "[]",
    "null" : false
  },
  "plug_input_structure" : null,
  "plug_output_structure" : null,
  "config_plug_id" : "793d3c3c-162b-474d-b9b0-9aaa1c5c276f",
  "override_plug" : false,
  "config_java_service_id" : null,
  "service_tag" : "EMPTY",
  "endpoint_tag" : null,
  "config_service_tag" : "",
  "config_imap_tag" : "",
  "config_b2b_document_type_tag" : "",
  "active" : true,
  "parent_component_config_service_tag" : "EMPTY",
  "service_project_id" : "5fb86ce7-81de-404e-8114-39e7995ed487",
  "service_project_tag" : "EMPTY",
  "config_service_project_id" : null,
  "config_service_project_tag" : "",
  "config_imap_project_id" : null,
  "config_imap_project_tag" : "",
  "config_b2b_document_type_project_id" : null,
  "config_b2b_document_type_project_tag" : "",
  "endpoint_project_id" : "5fb86ce7-81de-404e-8114-39e7995ed487",
  "endpoint_project_tag" : null,
  "config_plug_tag" : "EMPTY",
  "config_plug_project_id" : "5fb86ce7-81de-404e-8114-39e7995ed487",
  "config_plug_project_tag" : "EMPTY",
  "config_java_service_tag" : "",
  "config_java_service_project_id" : null,
  "config_java_service_project_tag" : "",
  "disabled" : false,
  "config" : {
    "type" : "json",
    "value" : "{\"objectId\":null,\"version\":null,\"objectApiId\":null}",
    "null" : false
  },
  "config_b2b_document_type_project_mode_id" : "112c1cb8-4b9e-4d1a-a042-0bd031dc7d05",
  "config_imap_project_mode_id" : "112c1cb8-4b9e-4d1a-a042-0bd031dc7d05",
  "config_java_service_project_mode_id" : "112c1cb8-4b9e-4d1a-a042-0bd031dc7d05",
  "config_plug_project_mode_id" : "112c1cb8-4b9e-4d1a-a042-0bd031dc7d05",
  "config_service_project_mode_id" : "112c1cb8-4b9e-4d1a-a042-0bd031dc7d05",
  "endpoint_project_mode_id" : "112c1cb8-4b9e-4d1a-a042-0bd031dc7d05",
  "service_project_mode_id" : "112c1cb8-4b9e-4d1a-a042-0bd031dc7d05",
  "parent_component_config_service_project_mode_id" : "112c1cb8-4b9e-4d1a-a042-0bd031dc7d05",
  "is_audit" : true,
  "keys_with_order" : null
}