{
  "component_config_id" : "aef0c6c1-8b75-432d-a384-a7df5872b57f",
  "endpoint_config_json" : {
    "type" : "jsonb",
    "value" : "{\"crossRef\": [], \"services\": [], \"multistep\": [], \"operations\": []}",
    "null" : false
  },
  "input_config_json" : {
    "type" : "jsonb",
    "value" : "{\"crossRef\": [], \"services\": [], \"multistep\": [], \"operations\": []}",
    "null" : false
  },
  "output_config_json" : {
    "type" : "jsonb",
    "value" : "{\"crossRef\": [], \"services\": [], \"multistep\": [], \"operations\": [{\"transformer\": {\"id\": \"67ea4074-73b8-45db-a6c4-44494ff7a32c\", \"name\": \"MATH_DECIMAL_PRECISION\", \"type\": \"Math\", \"query\": null, \"inputs\": [{\"id\": \"f96e58e4-609b-4478-adac-b81f023d7439\", \"root\": false, \"type\": \"map\", \"cached\": false, \"source\": \"/currencyConvertResponse/result\", \"target\": \"/MATH_DECIMAL_PRECISION_INPUT/decimal\", \"mapNull\": false, \"disabled\": false, \"extractXml\": false, \"extractJson\": false, \"mapEmptyString\": false, \"sourceJavaType\": \"java.lang.Float\", \"targetJavaType\": \"java.lang.Float\"}, {\"id\": \"90e986e1-8526-49fd-959c-22a796a64549\", \"root\": false, \"type\": \"setValue\", \"cached\": false, \"target\": \"/MATH_DECIMAL_PRECISION_INPUT/precision\", \"mapNull\": false, \"disabled\": false, \"extractXml\": false, \"extractJson\": false, \"targetValue\": \"2\", \"mapEmptyString\": false, \"targetJavaType\": \"java.lang.Float\", \"variableSubstitution\": false}], \"outputs\": [{\"id\": \"b465e9e6-2b1e-4b85-9df9-d6a0e6ea10b5\", \"root\": false, \"type\": \"map\", \"cached\": false, \"source\": \"/MATH_DECIMAL_PRECISION_OUTPUT/output\", \"target\": \"/invoiceResponse/totalamt\", \"mapNull\": false, \"disabled\": false, \"extractXml\": false, \"extractJson\": true, \"targetOrder\": 6.0, \"mapEmptyString\": false, \"sourceJavaType\": \"java.lang.Float\", \"targetJavaType\": \"java.lang.Float\"}], \"tableId\": null, \"configId\": null, \"disabled\": false, \"serviceId\": null, \"expression\": null}}, {\"map\": {\"id\": \"948aedd7-986e-48ec-9248-db791d60d05c\", \"root\": false, \"type\": \"map\", \"cached\": false, \"source\": \"/GetInvoicesByStateOutput/response/resultSet/invoice_invnum\", \"target\": \"/invoiceResponse/invnum\", \"mapNull\": false, \"disabled\": false, \"extractXml\": false, \"extractJson\": true, \"targetOrder\": 1.0, \"mapEmptyString\": false, \"sourceJavaType\": \"java.lang.String\", \"targetJavaType\": \"java.lang.String\"}}, {\"map\": {\"id\": \"6109f4b4-1068-44d0-a4af-a7334cb564f4\", \"root\": false, \"type\": \"map\", \"cached\": false, \"source\": \"/GetInvoicesByStateOutput/response/resultSet/invoice_invdate\", \"target\": \"/invoiceResponse/invdate\", \"mapNull\": false, \"disabled\": false, \"extractXml\": false, \"extractJson\": true, \"targetOrder\": 2.0, \"mapEmptyString\": false, \"sourceJavaType\": \"java.lang.String\", \"targetJavaType\": \"java.lang.String\"}}, {\"map\": {\"id\": \"daaa4b48-4ec9-4c86-bd1b-939413309a51\", \"root\": false, \"type\": \"map\", \"cached\": false, \"source\": \"/GetInvoicesByStateOutput/response/resultSet/invoice_businessname\", \"target\": \"/invoiceResponse/businessname\", \"mapNull\": false, \"disabled\": false, \"extractXml\": false, \"extractJson\": true, \"targetOrder\": 3.0, \"mapEmptyString\": false, \"sourceJavaType\": \"java.lang.String\", \"targetJavaType\": \"java.lang.String\"}}, {\"map\": {\"id\": \"0d03335c-5f24-482e-b19c-61ec29bd6afb\", \"root\": false, \"type\": \"map\", \"cached\": false, \"source\": \"/GetInvoicesByStateOutput/response/resultSet/invoice_billtoname\", \"target\": \"/invoiceResponse/billtoname\", \"mapNull\": false, \"disabled\": false, \"extractXml\": false, \"extractJson\": true, \"targetOrder\": 4.0, \"mapEmptyString\": false, \"sourceJavaType\": \"java.lang.String\", \"targetJavaType\": \"java.lang.String\"}}, {\"map\": {\"id\": \"4284d794-720f-4bd7-8d38-8ceb83c698b0\", \"root\": false, \"type\": \"map\", \"cached\": false, \"source\": \"/GetInvoicesByStateOutput/response/resultSet/invoice_vat\", \"target\": \"/invoiceResponse/vat\", \"mapNull\": false, \"disabled\": false, \"extractXml\": false, \"extractJson\": true, \"targetOrder\": 5.0, \"mapEmptyString\": false, \"sourceJavaType\": \"java.lang.String\", \"targetJavaType\": \"java.lang.String\"}}, {\"map\": {\"id\": \"a35a404a-ae73-4fa3-be20-0ba5bcf4d253\", \"root\": false, \"type\": \"map\", \"cached\": false, \"source\": \"/GetInvoicesByStateOutput/response/resultSet/invoice_status\", \"target\": \"/invoiceResponse/state\", \"mapNull\": false, \"disabled\": false, \"extractXml\": false, \"extractJson\": true, \"targetOrder\": 8.0, \"mapEmptyString\": false, \"sourceJavaType\": \"java.lang.String\", \"targetJavaType\": \"java.lang.String\"}}, {\"map\": {\"id\": \"ecaed646-0fa3-47ff-99d1-eefb7c26a092\", \"root\": false, \"type\": \"map\", \"cached\": false, \"source\": \"/currencyConvertResponse/query/to\", \"target\": \"/invoiceResponse/currency\", \"mapNull\": false, \"disabled\": false, \"extractXml\": false, \"extractJson\": true, \"targetOrder\": 7.0, \"mapEmptyString\": false, \"sourceJavaType\": \"java.lang.String\", \"targetJavaType\": \"java.lang.String\"}}]}",
    "null" : false
  },
  "component_id" : "8ac5fe03-27a2-4e6a-a449-6a8893818223",
  "service_id" : "fdfa829d-5a28-4903-8af0-6ead424826e7",
  "endpoint_id" : null,
  "parent_component_config_id" : "08b9db25-15cc-4512-b0f7-e95907c46d36",
  "component_config_order" : 2.75,
  "action_id" : "06843b78-eab0-45da-afab-8c8277d7553f",
  "name" : null,
  "description" : "",
  "override_endpoint" : false,
  "input_structure_json" : {
    "type" : "jsonb",
    "value" : "{\"maps\": [], \"mappedNodes\": [\"/currencyConvertResponse/result pipeIn\", \"/MATH_DECIMAL_PRECISION_INPUT/decimal0\", \"/MATH_DECIMAL_PRECISION_INPUT/precision\", \"/MATH_DECIMAL_PRECISION_INPUT\", \"/MATH_DECIMAL_PRECISION_OUTPUT/output0\", \"/invoiceResponse/totalamtpipeOut\", \"/GetInvoicesByStateOutput/response/resultSet/invoice_invnum pipeIn\", \"/invoiceResponse/invnumpipeOut\", \"/GetInvoicesByStateOutput/response/resultSet/invoice_invdate pipeIn\", \"/invoiceResponse/invdatepipeOut\", \"/GetInvoicesByStateOutput/response/resultSet/invoice_businessname pipeIn\", \"/invoiceResponse/businessnamepipeOut\", \"/GetInvoicesByStateOutput/response/resultSet/invoice_billtoname pipeIn\", \"/invoiceResponse/billtonamepipeOut\", \"/GetInvoicesByStateOutput/response/resultSet/invoice_vat pipeIn\", \"/invoiceResponse/vatpipeOut\", \"/GetInvoicesByStateOutput/response/resultSet/invoice_status pipeIn\", \"/invoiceResponse/statepipeOut\", \"/currencyConvertResponse/query/to pipeIn\", \"/invoiceResponse/currencypipeOut\"]}",
    "null" : false
  },
  "output_structure_json" : {
    "type" : "jsonb",
    "value" : "{\"maps\": [{\"/invoiceResponse/invnum\": [{\"type\": \"map\", \"source\": {\"path\": \"/GetInvoicesByStateOutput/response/resultSet/invoice_invnum\", \"title\": \"invoice_invnum\", \"dataElementType\": \"string\"}, \"target\": {\"path\": \"/invoiceResponse/invnum\", \"order\": 1, \"title\": \"invnum\", \"dataElementType\": \"string\"}, \"extractJson\": true, \"mapCondition\": {\"isConditionSet\": false, \"sourceTreeIndex\": [], \"targetTreeIndex\": [], \"mapConditionFormValue\": {}}}]}, {\"/invoiceResponse/invdate\": [{\"type\": \"map\", \"source\": {\"path\": \"/GetInvoicesByStateOutput/response/resultSet/invoice_invdate\", \"title\": \"invoice_invdate\", \"dataElementType\": \"string\"}, \"target\": {\"path\": \"/invoiceResponse/invdate\", \"order\": 2, \"title\": \"invdate\", \"dataElementType\": \"string\"}, \"extractJson\": true, \"mapCondition\": {\"isConditionSet\": false, \"sourceTreeIndex\": [], \"targetTreeIndex\": [], \"mapConditionFormValue\": {}}}]}, {\"/invoiceResponse/businessname\": [{\"type\": \"map\", \"source\": {\"path\": \"/GetInvoicesByStateOutput/response/resultSet/invoice_businessname\", \"title\": \"invoice_businessname\", \"dataElementType\": \"string\"}, \"target\": {\"path\": \"/invoiceResponse/businessname\", \"order\": 3, \"title\": \"businessname\", \"dataElementType\": \"string\"}, \"extractJson\": true, \"mapCondition\": {\"isConditionSet\": false, \"sourceTreeIndex\": [], \"targetTreeIndex\": [], \"mapConditionFormValue\": {}}}]}, {\"/invoiceResponse/billtoname\": [{\"type\": \"map\", \"source\": {\"path\": \"/GetInvoicesByStateOutput/response/resultSet/invoice_billtoname\", \"title\": \"invoice_billtoname\", \"dataElementType\": \"string\"}, \"target\": {\"path\": \"/invoiceResponse/billtoname\", \"order\": 4, \"title\": \"billtoname\", \"dataElementType\": \"string\"}, \"extractJson\": true, \"mapCondition\": {\"isConditionSet\": false, \"sourceTreeIndex\": [], \"targetTreeIndex\": [], \"mapConditionFormValue\": {}}}]}, {\"/invoiceResponse/vat\": [{\"type\": \"map\", \"source\": {\"path\": \"/GetInvoicesByStateOutput/response/resultSet/invoice_vat\", \"title\": \"invoice_vat\", \"dataElementType\": \"string\"}, \"target\": {\"path\": \"/invoiceResponse/vat\", \"order\": 5, \"title\": \"vat\", \"dataElementType\": \"string\"}, \"extractJson\": true, \"mapCondition\": {\"isConditionSet\": false, \"sourceTreeIndex\": [], \"targetTreeIndex\": [], \"mapConditionFormValue\": {}}}]}, {\"/invoiceResponse/state\": [{\"type\": \"map\", \"source\": {\"path\": \"/GetInvoicesByStateOutput/response/resultSet/invoice_status\", \"title\": \"invoice_status\", \"dataElementType\": \"string\"}, \"target\": {\"path\": \"/invoiceResponse/state\", \"order\": 8, \"title\": \"state\", \"dataElementType\": \"string\"}, \"extractJson\": true, \"mapCondition\": {\"isConditionSet\": false, \"sourceTreeIndex\": [], \"targetTreeIndex\": [], \"mapConditionFormValue\": {}}}]}, {\"/invoiceResponse/currency\": [{\"type\": \"map\", \"source\": {\"path\": \"/currencyConvertResponse/query/to\", \"title\": \"to\", \"dataElementType\": \"string\"}, \"target\": {\"path\": \"/invoiceResponse/currency\", \"order\": 7, \"title\": \"currency\", \"dataElementType\": \"string\"}, \"extractJson\": true, \"mapCondition\": {\"isConditionSet\": false, \"sourceTreeIndex\": [], \"targetTreeIndex\": [], \"mapConditionFormValue\": {}}}]}], \"tracks\": {}, \"transformer\": [{\"inputs\": {\"/MATH_DECIMAL_PRECISION_INPUT/decimal\": [{\"type\": \"map\", \"source\": {\"path\": \"/currencyConvertResponse/result\", \"title\": \"result\", \"dataElementType\": \"number\"}, \"target\": {\"path\": \"/MATH_DECIMAL_PRECISION_INPUT/decimal\", \"title\": \"decimal\", \"dataElementType\": \"number\"}, \"mapCondition\": {\"isConditionSet\": false, \"sourceTreeIndex\": [], \"targetTreeIndex\": [], \"mapConditionFormValue\": {}}}], \"/MATH_DECIMAL_PRECISION_INPUT/precision\": [{\"type\": \"setValue\", \"target\": {\"path\": \"/MATH_DECIMAL_PRECISION_INPUT/precision\", \"order\": \"\", \"title\": \"precision\", \"dataElementType\": \"number\"}, \"values\": [{\"id\": \"70bf17d7-b7de-4d1c-bbd7-a595473c0c88\", \"key\": \"/MATH_DECIMAL_PRECISION_INPUT/precision\", \"type\": \"number\", \"title\": \"precision\", \"isLeaf\": true, \"secret\": false, \"children\": [], \"setValue\": null, \"uiElement\": \"2\", \"isSetValue\": false, \"dataElementType\": \"number\"}], \"mapCondition\": {\"isConditionSet\": false, \"sourceTreeIndex\": [], \"targetTreeIndex\": [], \"mapConditionFormValue\": {}}, \"variableSubstitution\": false, \"overwritePipelineValue\": false}]}, \"outputs\": {\"/invoiceResponse/totalamt\": [{\"type\": \"map\", \"source\": {\"path\": \"/MATH_DECIMAL_PRECISION_OUTPUT/output\", \"title\": \"output\", \"dataElementType\": \"number\"}, \"target\": {\"path\": \"/invoiceResponse/totalamt\", \"order\": 6, \"title\": \"totalamt\", \"dataElementType\": \"number\"}, \"extractJson\": true, \"mapCondition\": {\"isConditionSet\": false, \"sourceTreeIndex\": [], \"targetTreeIndex\": [], \"mapConditionFormValue\": {}}}]}, \"functionInfo\": {\"id\": \"02bb4e00-23e2-4942-bb05-699f807fb05c\", \"name\": \"DecimalPrecision\", \"category\": {\"id\": \"18db0fe2-347a-4bac-8a2d-41403773c028\"}, \"internalName\": \"MATH_DECIMAL_PRECISION\"}}]}",
    "null" : false
  },
  "endpoint_structure_json" : {
    "type" : "jsonb",
    "value" : "{\"maps\": []}",
    "null" : false
  },
  "is_error" : false,
  "no_of_errors" : 0,
  "action_input_type" : null,
  "config_service_id" : null,
  "config_imap_id" : null,
  "config_b2b_document_type_id" : null,
  "config_document_id" : null,
  "add_variables" : {
    "type" : "jsonb",
    "value" : "[{\"id\": \"65c9b04d-874b-468a-998d-35ed1dce9b6e\", \"key\": \"/invoiceResponse\", \"type\": \"node\", \"order\": 1, \"title\": \"invoiceResponse\", \"value\": {}, \"children\": [{\"id\": \"088d3fb4-d5ab-4620-a7d4-c4b4b05a7fd9\", \"key\": \"/invoiceResponse/invnum\", \"type\": \"node\", \"order\": 1, \"title\": \"invnum\", \"value\": {\"type\": \"string\"}, \"isLeaf\": true, \"editAllow\": true, \"extractXml\": false, \"childrenSet\": false, \"extractJson\": true, \"hasChildren\": false, \"dataElementType\": \"string\", \"componentConfigId\": \"aef0c6c1-8b75-432d-a384-a7df5872b57f\", \"encryption_required\": false}, {\"id\": \"1a5d8a7e-d4a3-40a0-a3c5-3f005a2f63a3\", \"key\": \"/invoiceResponse/invdate\", \"type\": \"node\", \"order\": 2, \"title\": \"invdate\", \"value\": {\"type\": \"string\"}, \"isLeaf\": true, \"editAllow\": true, \"extractXml\": false, \"childrenSet\": false, \"extractJson\": true, \"hasChildren\": false, \"dataElementType\": \"string\", \"componentConfigId\": \"aef0c6c1-8b75-432d-a384-a7df5872b57f\", \"encryption_required\": false}, {\"id\": \"5441e801-aa13-4090-9f57-a3dc94f8e4db\", \"key\": \"/invoiceResponse/businessname\", \"type\": \"node\", \"order\": 3, \"title\": \"businessname\", \"value\": {\"type\": \"string\"}, \"isLeaf\": true, \"editAllow\": true, \"extractXml\": false, \"childrenSet\": false, \"extractJson\": true, \"hasChildren\": false, \"dataElementType\": \"string\", \"componentConfigId\": \"aef0c6c1-8b75-432d-a384-a7df5872b57f\", \"encryption_required\": false}, {\"id\": \"92035dc1-65d9-4f2b-89a4-093ee356843b\", \"key\": \"/invoiceResponse/billtoname\", \"type\": \"node\", \"order\": 4, \"title\": \"billtoname\", \"value\": {\"type\": \"string\"}, \"isLeaf\": true, \"editAllow\": true, \"extractXml\": false, \"childrenSet\": false, \"extractJson\": true, \"hasChildren\": false, \"dataElementType\": \"string\", \"componentConfigId\": \"aef0c6c1-8b75-432d-a384-a7df5872b57f\", \"encryption_required\": false}, {\"id\": \"381fee45-207d-44b0-b08f-2de5199083eb\", \"key\": \"/invoiceResponse/vat\", \"type\": \"node\", \"order\": 5, \"title\": \"vat\", \"value\": {\"type\": \"string\"}, \"isLeaf\": true, \"editAllow\": true, \"extractXml\": false, \"childrenSet\": false, \"extractJson\": true, \"hasChildren\": false, \"dataElementType\": \"string\", \"componentConfigId\": \"aef0c6c1-8b75-432d-a384-a7df5872b57f\", \"encryption_required\": false}, {\"id\": \"dc253504-f52e-4d87-af01-570942038ae5\", \"key\": \"/invoiceResponse/totalamt\", \"type\": \"node\", \"order\": 6, \"title\": \"totalamt\", \"value\": {\"type\": \"number\"}, \"isLeaf\": true, \"editAllow\": true, \"extractXml\": false, \"childrenSet\": false, \"extractJson\": true, \"hasChildren\": false, \"dataElementType\": \"number\", \"componentConfigId\": \"aef0c6c1-8b75-432d-a384-a7df5872b57f\", \"encryption_required\": false}, {\"id\": \"07625447-5ae7-4ddb-bc95-d501fe6fca74\", \"key\": \"/invoiceResponse/currency\", \"type\": \"node\", \"order\": 7, \"title\": \"currency\", \"value\": {\"type\": \"string\"}, \"isLeaf\": true, \"editAllow\": true, \"extractXml\": false, \"childrenSet\": false, \"extractJson\": true, \"hasChildren\": false, \"dataElementType\": \"string\", \"componentConfigId\": \"aef0c6c1-8b75-432d-a384-a7df5872b57f\", \"encryption_required\": false}, {\"id\": \"d79f8504-a9ba-4811-912a-f030a6295a75\", \"key\": \"/invoiceResponse/state\", \"type\": \"node\", \"order\": 8, \"title\": \"state\", \"value\": {\"type\": \"string\"}, \"isLeaf\": true, \"editAllow\": true, \"extractXml\": false, \"childrenSet\": false, \"extractJson\": true, \"hasChildren\": false, \"dataElementType\": \"string\", \"componentConfigId\": \"aef0c6c1-8b75-432d-a384-a7df5872b57f\", \"encryption_required\": false}], \"editAllow\": true, \"extractXml\": false, \"extractJson\": true, \"dataElementType\": \"document\", \"componentConfigId\": \"aef0c6c1-8b75-432d-a384-a7df5872b57f\", \"componentConfigName\": \"Map\"}]",
    "null" : false
  },
  "drop_variables" : {
    "type" : "jsonb",
    "value" : "[]",
    "null" : false
  },
  "plug_input_structure" : null,
  "plug_output_structure" : null,
  "config_plug_id" : null,
  "override_plug" : false,
  "config_java_service_id" : null,
  "service_tag" : "EMPTY",
  "endpoint_tag" : null,
  "config_service_tag" : "",
  "config_imap_tag" : "",
  "config_b2b_document_type_tag" : "",
  "active" : true,
  "parent_component_config_service_tag" : "EMPTY",
  "service_project_id" : "5fb86ce7-81de-404e-8114-39e7995ed487",
  "service_project_tag" : "EMPTY",
  "config_service_project_id" : null,
  "config_service_project_tag" : "",
  "config_imap_project_id" : null,
  "config_imap_project_tag" : "",
  "config_b2b_document_type_project_id" : null,
  "config_b2b_document_type_project_tag" : "",
  "endpoint_project_id" : null,
  "endpoint_project_tag" : null,
  "config_plug_tag" : null,
  "config_plug_project_id" : null,
  "config_plug_project_tag" : null,
  "config_java_service_tag" : "",
  "config_java_service_project_id" : null,
  "config_java_service_project_tag" : "",
  "disabled" : false,
  "config" : null,
  "config_b2b_document_type_project_mode_id" : "112c1cb8-4b9e-4d1a-a042-0bd031dc7d05",
  "config_imap_project_mode_id" : "112c1cb8-4b9e-4d1a-a042-0bd031dc7d05",
  "config_java_service_project_mode_id" : "112c1cb8-4b9e-4d1a-a042-0bd031dc7d05",
  "config_plug_project_mode_id" : "112c1cb8-4b9e-4d1a-a042-0bd031dc7d05",
  "config_service_project_mode_id" : "112c1cb8-4b9e-4d1a-a042-0bd031dc7d05",
  "endpoint_project_mode_id" : "112c1cb8-4b9e-4d1a-a042-0bd031dc7d05",
  "service_project_mode_id" : "112c1cb8-4b9e-4d1a-a042-0bd031dc7d05",
  "parent_component_config_service_project_mode_id" : "112c1cb8-4b9e-4d1a-a042-0bd031dc7d05",
  "is_audit" : true,
  "keys_with_order" : null
}