{
  "component_config_id" : "6f402f83-1953-455f-9e7d-c035d32a96e4",
  "endpoint_config_json" : {
    "type" : "jsonb",
    "value" : "{\"crossRef\": [], \"services\": [], \"multistep\": [], \"operations\": []}",
    "null" : false
  },
  "input_config_json" : {
    "type" : "jsonb",
    "value" : "{\"crossRef\": [], \"services\": [], \"multistep\": [], \"operations\": []}",
    "null" : false
  },
  "output_config_json" : {
    "type" : "jsonb",
    "value" : "{\"crossRef\": [], \"services\": [], \"multistep\": [], \"operations\": [{\"map\": {\"id\": \"1302ac10-e68a-48f6-9240-9ba49c1479fc\", \"root\": true, \"type\": \"map\", \"cached\": false, \"source\": \"/ns2:Envelope\", \"target\": \"/ns2:Envelope\", \"mapNull\": false, \"disabled\": false, \"extractXml\": false, \"extractJson\": false, \"targetOrder\": 1.0, \"mapEmptyString\": false}}]}",
    "null" : false
  },
  "component_id" : "4349e777-eeeb-4049-928a-202184ae37c1",
  "service_id" : "c80a13ce-9a92-4c59-ae00-2c712444af12",
  "endpoint_id" : "abedc842-09c3-4082-addd-e9fc04b65eac",
  "parent_component_config_id" : null,
  "component_config_order" : 2.0,
  "action_id" : "5ea5fc7c-0423-4815-b5bc-fc67c584d1a5",
  "name" : "Call Countries SOAP Service",
  "description" : "",
  "override_endpoint" : false,
  "input_structure_json" : {
    "type" : "jsonb",
    "value" : "{\"maps\": [], \"mappedNodes\": [\"/ns2:EnvelopeactionOut\", \"/ns2:EnvelopepipeOut\"]}",
    "null" : false
  },
  "output_structure_json" : {
    "type" : "jsonb",
    "value" : "{\"maps\": [{\"/ns2:Envelope\": [{\"type\": \"map\", \"source\": {\"path\": \"/ns2:Envelope\", \"title\": \"ns2:Envelope\", \"dataElementType\": \"document\"}, \"target\": {\"path\": \"/ns2:Envelope\", \"order\": 1, \"title\": \"ns2:Envelope\", \"dataElementType\": \"document\"}, \"mapCondition\": {\"isConditionSet\": false, \"sourceTreeIndex\": [], \"targetTreeIndex\": [], \"mapConditionFormValue\": {}}}]}], \"tracks\": {}, \"transformer\": []}",
    "null" : false
  },
  "endpoint_structure_json" : {
    "type" : "jsonb",
    "value" : "{\"maps\": []}",
    "null" : false
  },
  "is_error" : false,
  "no_of_errors" : 0,
  "action_input_type" : null,
  "config_service_id" : null,
  "config_imap_id" : null,
  "config_b2b_document_type_id" : null,
  "config_document_id" : null,
  "add_variables" : {
    "type" : "jsonb",
    "value" : "[]",
    "null" : false
  },
  "drop_variables" : {
    "type" : "jsonb",
    "value" : "[]",
    "null" : false
  },
  "plug_input_structure" : {
    "type" : "jsonb",
    "value" : "[{\"id\": \"6f402f83-1953-455f-9e7d-c035d32a96e4\", \"key\": \"/ns2:Envelope\", \"type\": \"object\", \"order\": 1.0, \"title\": \"ns2:Envelope\", \"value\": {\"$id\": \"23537142-5441-465a-8a6c-8e44e3f33cfa\", \"type\": \"object\", \"prefix\": \"ns2\", \"namespace\": \"http://www.w3.org/2003/05/soap-envelope\"}, \"isLeaf\": false, \"children\": [{\"id\": \"6f402f83-1953-455f-9e7d-c035d32a96e4\", \"key\": \"/ns2:Envelope/ns2:Header\", \"type\": \"object\", \"order\": 2.0, \"title\": \"ns2:Header\", \"value\": {\"$id\": \"fa3ed79d-2b20-45bb-b30b-b64dda8ea7d6\", \"type\": \"object\", \"prefix\": \"ns2\", \"namespace\": \"http://www.w3.org/2003/05/soap-envelope\"}, \"isLeaf\": false, \"children\": [{\"id\": \"6f402f83-1953-455f-9e7d-c035d32a96e4\", \"key\": \"/ns2:Envelope/ns2:Header/usernameToken\", \"type\": \"object\", \"order\": 3.0, \"title\": \"usernameToken\", \"value\": {\"$id\": \"056aeffa-d1b1-40c6-b520-7357e3367f1d\", \"type\": \"object\", \"namespace\": \"\"}, \"isLeaf\": false, \"children\": [{\"id\": \"6f402f83-1953-455f-9e7d-c035d32a96e4\", \"key\": \"/ns2:Envelope/ns2:Header/usernameToken/username\", \"type\": \"string\", \"order\": 4.0, \"title\": \"username\", \"value\": {\"$id\": \"c26dd6fd-934d-4fa0-89c9-78cbfcf23dc6\", \"type\": \"string\", \"namespace\": \"\"}, \"isLeaf\": true, \"children\": [], \"entityType\": \"componentConfig\", \"childrenSet\": false, \"hasChildren\": false, \"dataElementType\": \"string\", \"encryption_required\": false}, {\"id\": \"6f402f83-1953-455f-9e7d-c035d32a96e4\", \"key\": \"/ns2:Envelope/ns2:Header/usernameToken/password\", \"type\": \"string\", \"order\": 5.0, \"title\": \"password\", \"value\": {\"$id\": \"8771ab28-b7c9-46e0-886e-5655e75b2604\", \"type\": \"string\", \"namespace\": \"\"}, \"isLeaf\": true, \"children\": [], \"entityType\": \"componentConfig\", \"childrenSet\": false, \"hasChildren\": false, \"dataElementType\": \"string\", \"encryption_required\": false}, {\"id\": \"6f402f83-1953-455f-9e7d-c035d32a96e4\", \"key\": \"/ns2:Envelope/ns2:Header/usernameToken/passwordType\", \"type\": \"string\", \"order\": 6.0, \"title\": \"passwordType\", \"value\": {\"$id\": \"be3951ff-6940-4562-bf9b-7f23431e32bf\", \"type\": \"string\", \"namespace\": \"\"}, \"isLeaf\": true, \"children\": [], \"entityType\": \"componentConfig\", \"childrenSet\": false, \"hasChildren\": false, \"dataElementType\": \"string\", \"encryption_required\": false}], \"entityType\": \"componentConfig\", \"childrenSet\": false, \"hasChildren\": true, \"dataElementType\": \"document\", \"encryption_required\": false}, {\"id\": \"6f402f83-1953-455f-9e7d-c035d32a96e4\", \"key\": \"/ns2:Envelope/ns2:Header/mustUnderstand\", \"type\": \"boolean\", \"order\": 7.0, \"title\": \"mustUnderstand\", \"value\": {\"$id\": \"578fe507-2dad-48c6-b6b2-903668bc76e9\", \"type\": \"boolean\", \"namespace\": \"\"}, \"isLeaf\": true, \"children\": [], \"entityType\": \"componentConfig\", \"childrenSet\": false, \"hasChildren\": false, \"dataElementType\": \"boolean\", \"encryption_required\": false}, {\"id\": \"6f402f83-1953-455f-9e7d-c035d32a96e4\", \"key\": \"/ns2:Envelope/ns2:Header/includeTimestamp\", \"type\": \"boolean\", \"order\": 8.0, \"title\": \"includeTimestamp\", \"value\": {\"$id\": \"26ec8c34-a5d2-4b11-b48f-d4441b1ed7d7\", \"type\": \"boolean\", \"namespace\": \"\"}, \"isLeaf\": true, \"children\": [], \"entityType\": \"componentConfig\", \"childrenSet\": false, \"hasChildren\": false, \"dataElementType\": \"boolean\", \"encryption_required\": false}, {\"id\": \"6f402f83-1953-455f-9e7d-c035d32a96e4\", \"key\": \"/ns2:Envelope/ns2:Header/includeSOAPAction\", \"type\": \"boolean\", \"order\": 9.0, \"title\": \"includeSOAPAction\", \"value\": {\"$id\": \"f889687b-be71-4f68-a5c5-9c260c69a8bd\", \"type\": \"boolean\", \"namespace\": \"\"}, \"isLeaf\": true, \"children\": [], \"entityType\": \"componentConfig\", \"childrenSet\": false, \"hasChildren\": false, \"dataElementType\": \"boolean\", \"encryption_required\": false}], \"entityType\": \"componentConfig\", \"childrenSet\": false, \"hasChildren\": true, \"dataElementType\": \"document\", \"encryption_required\": false}, {\"id\": \"6f402f83-1953-455f-9e7d-c035d32a96e4\", \"key\": \"/ns2:Envelope/ns2:Body\", \"type\": \"object\", \"order\": 10.0, \"title\": \"ns2:Body\", \"value\": {\"$id\": \"717c8c89-8ed9-41e9-8a7f-e2db9c22b462\", \"type\": \"object\", \"prefix\": \"ns2\", \"namespace\": \"http://www.w3.org/2003/05/soap-envelope\"}, \"isLeaf\": false, \"children\": [{\"id\": \"6f402f83-1953-455f-9e7d-c035d32a96e4\", \"key\": \"/ns2:Envelope/ns2:Body/ns1:FullCountryInfo\", \"type\": \"object\", \"order\": 11.0, \"title\": \"ns1:FullCountryInfo\", \"value\": {\"$id\": \"fdbd29b6-9b89-4a89-a455-6a15bb82c6ab\", \"type\": \"object\", \"prefix\": \"ns1\", \"namespace\": \"http://www.oorsprong.org/websamples.countryinfo\"}, \"isLeaf\": false, \"children\": [{\"id\": \"6f402f83-1953-455f-9e7d-c035d32a96e4\", \"key\": \"/ns2:Envelope/ns2:Body/ns1:FullCountryInfo/ns1:sCountryISOCode\", \"type\": \"string\", \"order\": 12.0, \"title\": \"ns1:sCountryISOCode\", \"value\": {\"$id\": \"6c40a09c-9b13-4442-bd6b-b3595b88fd7c\", \"type\": \"string\", \"prefix\": \"ns1\", \"namespace\": \"http://www.oorsprong.org/websamples.countryinfo\"}, \"isLeaf\": true, \"children\": [], \"entityType\": \"componentConfig\", \"childrenSet\": false, \"hasChildren\": false, \"dataElementType\": \"string\", \"encryption_required\": false}], \"entityType\": \"componentConfig\", \"childrenSet\": false, \"hasChildren\": true, \"dataElementType\": \"document\", \"encryption_required\": false}], \"entityType\": \"componentConfig\", \"childrenSet\": false, \"hasChildren\": true, \"dataElementType\": \"document\", \"encryption_required\": false}], \"entityType\": \"componentConfig\", \"childrenSet\": false, \"hasChildren\": true, \"dataElementType\": \"document\", \"encryption_required\": false}]",
    "null" : false
  },
  "plug_output_structure" : {
    "type" : "jsonb",
    "value" : "[{\"id\": \"6f402f83-1953-455f-9e7d-c035d32a96e4\", \"key\": \"/ns2:Envelope\", \"type\": \"object\", \"order\": 1.0, \"title\": \"ns2:Envelope\", \"value\": {\"$id\": \"76165449-893a-4233-88fa-20981fb5be27\", \"type\": \"object\", \"prefix\": \"ns2\", \"namespace\": \"http://www.w3.org/2003/05/soap-envelope\"}, \"isLeaf\": false, \"children\": [{\"id\": \"6f402f83-1953-455f-9e7d-c035d32a96e4\", \"key\": \"/ns2:Envelope/ns2:Body\", \"type\": \"object\", \"order\": 2.0, \"title\": \"ns2:Body\", \"value\": {\"$id\": \"b1544e47-257f-4131-afff-b23fb3e30d39\", \"type\": \"object\", \"prefix\": \"ns2\", \"namespace\": \"http://www.w3.org/2003/05/soap-envelope\"}, \"isLeaf\": false, \"children\": [{\"id\": \"6f402f83-1953-455f-9e7d-c035d32a96e4\", \"key\": \"/ns2:Envelope/ns2:Body/ns1:FullCountryInfoResponse\", \"type\": \"object\", \"order\": 3.0, \"title\": \"ns1:FullCountryInfoResponse\", \"value\": {\"$id\": \"186c38cc-cfec-4cc5-b60c-fb99e1919afc\", \"type\": \"object\", \"prefix\": \"ns1\", \"namespace\": \"http://www.oorsprong.org/websamples.countryinfo\"}, \"isLeaf\": false, \"children\": [{\"id\": \"6f402f83-1953-455f-9e7d-c035d32a96e4\", \"key\": \"/ns2:Envelope/ns2:Body/ns1:FullCountryInfoResponse/ns1:FullCountryInfoResult\", \"type\": \"object\", \"order\": 4.0, \"title\": \"ns1:FullCountryInfoResult\", \"value\": {\"$id\": \"759d9423-092a-4598-882c-a8a3e58d1a68\", \"type\": \"object\", \"prefix\": \"ns1\", \"namespace\": \"http://www.oorsprong.org/websamples.countryinfo\"}, \"isLeaf\": false, \"children\": [{\"id\": \"6f402f83-1953-455f-9e7d-c035d32a96e4\", \"key\": \"/ns2:Envelope/ns2:Body/ns1:FullCountryInfoResponse/ns1:FullCountryInfoResult/ns1:sISOCode\", \"type\": \"string\", \"order\": 5.0, \"title\": \"ns1:sISOCode\", \"value\": {\"$id\": \"2cfcca5b-944b-4e02-b398-5263828db1c1\", \"type\": \"string\", \"prefix\": \"ns1\", \"namespace\": \"http://www.oorsprong.org/websamples.countryinfo\"}, \"isLeaf\": true, \"children\": [], \"entityType\": \"componentConfig\", \"childrenSet\": false, \"hasChildren\": false, \"dataElementType\": \"string\", \"encryption_required\": false}, {\"id\": \"6f402f83-1953-455f-9e7d-c035d32a96e4\", \"key\": \"/ns2:Envelope/ns2:Body/ns1:FullCountryInfoResponse/ns1:FullCountryInfoResult/ns1:sName\", \"type\": \"string\", \"order\": 6.0, \"title\": \"ns1:sName\", \"value\": {\"$id\": \"0ca880db-7c98-4ce8-a0d0-b594188b013e\", \"type\": \"string\", \"prefix\": \"ns1\", \"namespace\": \"http://www.oorsprong.org/websamples.countryinfo\"}, \"isLeaf\": true, \"children\": [], \"entityType\": \"componentConfig\", \"childrenSet\": false, \"hasChildren\": false, \"dataElementType\": \"string\", \"encryption_required\": false}, {\"id\": \"6f402f83-1953-455f-9e7d-c035d32a96e4\", \"key\": \"/ns2:Envelope/ns2:Body/ns1:FullCountryInfoResponse/ns1:FullCountryInfoResult/ns1:sCapitalCity\", \"type\": \"string\", \"order\": 7.0, \"title\": \"ns1:sCapitalCity\", \"value\": {\"$id\": \"a93fb584-489d-4b32-bbe4-8e8fb3aa3c14\", \"type\": \"string\", \"prefix\": \"ns1\", \"namespace\": \"http://www.oorsprong.org/websamples.countryinfo\"}, \"isLeaf\": true, \"children\": [], \"entityType\": \"componentConfig\", \"childrenSet\": false, \"hasChildren\": false, \"dataElementType\": \"string\", \"encryption_required\": false}, {\"id\": \"6f402f83-1953-455f-9e7d-c035d32a96e4\", \"key\": \"/ns2:Envelope/ns2:Body/ns1:FullCountryInfoResponse/ns1:FullCountryInfoResult/ns1:sPhoneCode\", \"type\": \"string\", \"order\": 8.0, \"title\": \"ns1:sPhoneCode\", \"value\": {\"$id\": \"39f1b1be-53b7-4ab8-b2ed-615c4512a8b8\", \"type\": \"string\", \"prefix\": \"ns1\", \"namespace\": \"http://www.oorsprong.org/websamples.countryinfo\"}, \"isLeaf\": true, \"children\": [], \"entityType\": \"componentConfig\", \"childrenSet\": false, \"hasChildren\": false, \"dataElementType\": \"string\", \"encryption_required\": false}, {\"id\": \"6f402f83-1953-455f-9e7d-c035d32a96e4\", \"key\": \"/ns2:Envelope/ns2:Body/ns1:FullCountryInfoResponse/ns1:FullCountryInfoResult/ns1:sContinentCode\", \"type\": \"string\", \"order\": 9.0, \"title\": \"ns1:sContinentCode\", \"value\": {\"$id\": \"fbe4f525-0857-41a0-81e1-92ebd343aa67\", \"type\": \"string\", \"prefix\": \"ns1\", \"namespace\": \"http://www.oorsprong.org/websamples.countryinfo\"}, \"isLeaf\": true, \"children\": [], \"entityType\": \"componentConfig\", \"childrenSet\": false, \"hasChildren\": false, \"dataElementType\": \"string\", \"encryption_required\": false}, {\"id\": \"6f402f83-1953-455f-9e7d-c035d32a96e4\", \"key\": \"/ns2:Envelope/ns2:Body/ns1:FullCountryInfoResponse/ns1:FullCountryInfoResult/ns1:sCurrencyISOCode\", \"type\": \"string\", \"order\": 10.0, \"title\": \"ns1:sCurrencyISOCode\", \"value\": {\"$id\": \"48ba2130-b050-4369-984e-797fe23af893\", \"type\": \"string\", \"prefix\": \"ns1\", \"namespace\": \"http://www.oorsprong.org/websamples.countryinfo\"}, \"isLeaf\": true, \"children\": [], \"entityType\": \"componentConfig\", \"childrenSet\": false, \"hasChildren\": false, \"dataElementType\": \"string\", \"encryption_required\": false}, {\"id\": \"6f402f83-1953-455f-9e7d-c035d32a96e4\", \"key\": \"/ns2:Envelope/ns2:Body/ns1:FullCountryInfoResponse/ns1:FullCountryInfoResult/ns1:sCountryFlag\", \"type\": \"string\", \"order\": 11.0, \"title\": \"ns1:sCountryFlag\", \"value\": {\"$id\": \"9396c5b6-2798-46f2-ada8-7471a0fee5a7\", \"type\": \"string\", \"prefix\": \"ns1\", \"namespace\": \"http://www.oorsprong.org/websamples.countryinfo\"}, \"isLeaf\": true, \"children\": [], \"entityType\": \"componentConfig\", \"childrenSet\": false, \"hasChildren\": false, \"dataElementType\": \"string\", \"encryption_required\": false}, {\"id\": \"6f402f83-1953-455f-9e7d-c035d32a96e4\", \"key\": \"/ns2:Envelope/ns2:Body/ns1:FullCountryInfoResponse/ns1:FullCountryInfoResult/ns1:Languages\", \"type\": \"object\", \"order\": 12.0, \"title\": \"ns1:Languages\", \"value\": {\"$id\": \"794eb228-9d64-498a-8f24-37ddbda90b37\", \"type\": \"object\", \"prefix\": \"ns1\", \"namespace\": \"http://www.oorsprong.org/websamples.countryinfo\"}, \"isLeaf\": false, \"children\": [{\"id\": \"6f402f83-1953-455f-9e7d-c035d32a96e4\", \"key\": \"/ns2:Envelope/ns2:Body/ns1:FullCountryInfoResponse/ns1:FullCountryInfoResult/ns1:Languages/ns1:tLanguage[]\", \"type\": \"array\", \"order\": 13.0, \"title\": \"ns1:tLanguage\", \"value\": {\"$id\": \"18cd5082-8534-4a9e-acc5-63b874acc8a7\", \"type\": \"array\", \"prefix\": \"ns1\", \"namespace\": \"http://www.oorsprong.org/websamples.countryinfo\"}, \"isLeaf\": false, \"children\": [{\"id\": \"6f402f83-1953-455f-9e7d-c035d32a96e4\", \"key\": \"/ns2:Envelope/ns2:Body/ns1:FullCountryInfoResponse/ns1:FullCountryInfoResult/ns1:Languages/ns1:tLanguage[]/ns1:sISOCode\", \"type\": \"string\", \"order\": 14.0, \"title\": \"ns1:sISOCode\", \"value\": {\"$id\": \"8102e167-82a0-40cd-a608-4defdbf43bbf\", \"type\": \"string\", \"prefix\": \"ns1\", \"namespace\": \"http://www.oorsprong.org/websamples.countryinfo\"}, \"isLeaf\": true, \"children\": [], \"entityType\": \"componentConfig\", \"childrenSet\": false, \"hasChildren\": false, \"dataElementType\": \"string\", \"encryption_required\": false}, {\"id\": \"6f402f83-1953-455f-9e7d-c035d32a96e4\", \"key\": \"/ns2:Envelope/ns2:Body/ns1:FullCountryInfoResponse/ns1:FullCountryInfoResult/ns1:Languages/ns1:tLanguage[]/ns1:sName\", \"type\": \"string\", \"order\": 15.0, \"title\": \"ns1:sName\", \"value\": {\"$id\": \"b90825eb-2942-4da9-ba80-32b3150651ec\", \"type\": \"string\", \"prefix\": \"ns1\", \"namespace\": \"http://www.oorsprong.org/websamples.countryinfo\"}, \"isLeaf\": true, \"children\": [], \"entityType\": \"componentConfig\", \"childrenSet\": false, \"hasChildren\": false, \"dataElementType\": \"string\", \"encryption_required\": false}], \"entityType\": \"componentConfig\", \"childrenSet\": false, \"hasChildren\": true, \"dataElementType\": \"documentArray\", \"encryption_required\": false}], \"entityType\": \"componentConfig\", \"childrenSet\": false, \"hasChildren\": true, \"dataElementType\": \"document\", \"encryption_required\": false}], \"entityType\": \"componentConfig\", \"childrenSet\": false, \"hasChildren\": true, \"dataElementType\": \"document\", \"encryption_required\": false}], \"entityType\": \"componentConfig\", \"childrenSet\": false, \"hasChildren\": true, \"dataElementType\": \"document\", \"encryption_required\": false}, {\"id\": \"6f402f83-1953-455f-9e7d-c035d32a96e4\", \"key\": \"/ns2:Envelope/ns2:Body/ns2:Fault\", \"type\": \"object\", \"order\": 16.0, \"title\": \"ns2:Fault\", \"value\": {\"$id\": \"e26f7f41-5875-48ea-87eb-0ebade66fec3\", \"type\": \"object\", \"prefix\": \"ns2\", \"namespace\": \"http://www.w3.org/2003/05/soap-envelope\"}, \"isLeaf\": false, \"children\": [{\"id\": \"6f402f83-1953-455f-9e7d-c035d32a96e4\", \"key\": \"/ns2:Envelope/ns2:Body/ns2:Fault/ns2:Code\", \"type\": \"object\", \"order\": 17.0, \"title\": \"ns2:Code\", \"value\": {\"$id\": \"5b8b18b3-fc5d-4d5a-a95b-8ef34c047698\", \"type\": \"object\", \"prefix\": \"ns2\", \"namespace\": \"http://www.w3.org/2003/05/soap-envelope\"}, \"isLeaf\": false, \"children\": [{\"id\": \"6f402f83-1953-455f-9e7d-c035d32a96e4\", \"key\": \"/ns2:Envelope/ns2:Body/ns2:Fault/ns2:Code/ns2:Value\", \"type\": \"string\", \"order\": 18.0, \"title\": \"ns2:Value\", \"value\": {\"$id\": \"4f75d13e-7834-4a6d-8493-867023954d4b\", \"type\": \"string\", \"prefix\": \"ns2\", \"namespace\": \"http://www.w3.org/2003/05/soap-envelope\"}, \"isLeaf\": true, \"children\": [], \"entityType\": \"componentConfig\", \"childrenSet\": false, \"hasChildren\": false, \"dataElementType\": \"string\", \"encryption_required\": false}, {\"id\": \"6f402f83-1953-455f-9e7d-c035d32a96e4\", \"key\": \"/ns2:Envelope/ns2:Body/ns2:Fault/ns2:Code/ns2:Subcode\", \"type\": \"object\", \"order\": 19.0, \"title\": \"ns2:Subcode\", \"value\": {\"$id\": \"9001e725-46c7-4b62-9053-e293edab674c\", \"type\": \"object\", \"prefix\": \"ns2\", \"namespace\": \"http://www.w3.org/2003/05/soap-envelope\"}, \"isLeaf\": false, \"children\": [{\"id\": \"6f402f83-1953-455f-9e7d-c035d32a96e4\", \"key\": \"/ns2:Envelope/ns2:Body/ns2:Fault/ns2:Code/ns2:Subcode/ns2:Value\", \"type\": \"string\", \"order\": 20.0, \"title\": \"ns2:Value\", \"value\": {\"$id\": \"e0e9e7ab-4aa5-444f-9bf1-e405d6023247\", \"type\": \"string\", \"prefix\": \"ns2\", \"namespace\": \"http://www.w3.org/2003/05/soap-envelope\"}, \"isLeaf\": true, \"children\": [], \"entityType\": \"componentConfig\", \"childrenSet\": false, \"hasChildren\": false, \"dataElementType\": \"string\", \"encryption_required\": false}, {\"id\": \"6f402f83-1953-455f-9e7d-c035d32a96e4\", \"key\": \"/ns2:Envelope/ns2:Body/ns2:Fault/ns2:Code/ns2:Subcode/ns2:Subcode\", \"type\": \"object\", \"order\": 21.0, \"title\": \"ns2:Subcode\", \"value\": {\"$id\": \"9ca1cbe5-1316-4e8e-8cd0-46b51faa59ac\", \"type\": \"object\", \"prefix\": \"ns2\", \"namespace\": \"http://www.w3.org/2003/05/soap-envelope\"}, \"isLeaf\": false, \"children\": [], \"entityType\": \"componentConfig\", \"childrenSet\": false, \"hasChildren\": true, \"dataElementType\": \"document\", \"encryption_required\": false}], \"entityType\": \"componentConfig\", \"childrenSet\": false, \"hasChildren\": true, \"dataElementType\": \"document\", \"encryption_required\": false}], \"entityType\": \"componentConfig\", \"childrenSet\": false, \"hasChildren\": true, \"dataElementType\": \"document\", \"encryption_required\": false}, {\"id\": \"6f402f83-1953-455f-9e7d-c035d32a96e4\", \"key\": \"/ns2:Envelope/ns2:Body/ns2:Fault/ns2:Reason\", \"type\": \"object\", \"order\": 22.0, \"title\": \"ns2:Reason\", \"value\": {\"$id\": \"e9e1349e-d01a-4ca2-b5e0-c3edfd0e0515\", \"type\": \"object\", \"prefix\": \"ns2\", \"namespace\": \"http://www.w3.org/2003/05/soap-envelope\"}, \"isLeaf\": false, \"children\": [{\"id\": \"6f402f83-1953-455f-9e7d-c035d32a96e4\", \"key\": \"/ns2:Envelope/ns2:Body/ns2:Fault/ns2:Reason/ns2:Text[]\", \"type\": \"stringArray\", \"order\": 23.0, \"title\": \"ns2:Text\", \"value\": {\"$id\": \"8e2a4dc4-b90c-40ad-8f77-1c4c339a1766\", \"type\": \"stringArray\", \"prefix\": \"ns2\", \"namespace\": \"http://www.w3.org/2003/05/soap-envelope\"}, \"isLeaf\": true, \"children\": [], \"entityType\": \"componentConfig\", \"childrenSet\": false, \"hasChildren\": false, \"dataElementType\": \"stringArray\", \"encryption_required\": false}], \"entityType\": \"componentConfig\", \"childrenSet\": false, \"hasChildren\": true, \"dataElementType\": \"document\", \"encryption_required\": false}, {\"id\": \"6f402f83-1953-455f-9e7d-c035d32a96e4\", \"key\": \"/ns2:Envelope/ns2:Body/ns2:Fault/ns2:Node\", \"type\": \"string\", \"order\": 24.0, \"title\": \"ns2:Node\", \"value\": {\"$id\": \"7489c875-7758-4ad2-a7ee-5e1cfa829295\", \"type\": \"string\", \"prefix\": \"ns2\", \"namespace\": \"http://www.w3.org/2003/05/soap-envelope\"}, \"isLeaf\": true, \"children\": [], \"entityType\": \"componentConfig\", \"childrenSet\": false, \"hasChildren\": false, \"dataElementType\": \"string\", \"encryption_required\": false}, {\"id\": \"6f402f83-1953-455f-9e7d-c035d32a96e4\", \"key\": \"/ns2:Envelope/ns2:Body/ns2:Fault/ns2:Role\", \"type\": \"string\", \"order\": 25.0, \"title\": \"ns2:Role\", \"value\": {\"$id\": \"07a18551-28d3-49b5-9f71-979759d05152\", \"type\": \"string\", \"prefix\": \"ns2\", \"namespace\": \"http://www.w3.org/2003/05/soap-envelope\"}, \"isLeaf\": true, \"children\": [], \"entityType\": \"componentConfig\", \"childrenSet\": false, \"hasChildren\": false, \"dataElementType\": \"string\", \"encryption_required\": false}, {\"id\": \"6f402f83-1953-455f-9e7d-c035d32a96e4\", \"key\": \"/ns2:Envelope/ns2:Body/ns2:Fault/ns2:Detail\", \"type\": \"object\", \"order\": 26.0, \"title\": \"ns2:Detail\", \"value\": {\"$id\": \"9abc024b-2da2-4068-861a-b606aa618c2d\", \"type\": \"object\", \"prefix\": \"ns2\", \"namespace\": \"http://www.w3.org/2003/05/soap-envelope\"}, \"isLeaf\": false, \"children\": [], \"entityType\": \"componentConfig\", \"childrenSet\": false, \"hasChildren\": true, \"dataElementType\": \"document\", \"encryption_required\": false}], \"entityType\": \"componentConfig\", \"childrenSet\": false, \"hasChildren\": true, \"dataElementType\": \"document\", \"encryption_required\": false}], \"entityType\": \"componentConfig\", \"childrenSet\": false, \"hasChildren\": true, \"dataElementType\": \"document\", \"encryption_required\": false}], \"entityType\": \"componentConfig\", \"childrenSet\": false, \"hasChildren\": true, \"dataElementType\": \"document\", \"encryption_required\": false}]",
    "null" : false
  },
  "config_plug_id" : null,
  "override_plug" : false,
  "config_java_service_id" : null,
  "service_tag" : "EMPTY",
  "endpoint_tag" : "EMPTY",
  "config_service_tag" : "",
  "config_imap_tag" : "",
  "config_b2b_document_type_tag" : "",
  "active" : true,
  "parent_component_config_service_tag" : "EMPTY",
  "service_project_id" : "5fb86ce7-81de-404e-8114-39e7995ed487",
  "service_project_tag" : "EMPTY",
  "config_service_project_id" : null,
  "config_service_project_tag" : "",
  "config_imap_project_id" : null,
  "config_imap_project_tag" : "",
  "config_b2b_document_type_project_id" : null,
  "config_b2b_document_type_project_tag" : "",
  "endpoint_project_id" : "5fb86ce7-81de-404e-8114-39e7995ed487",
  "endpoint_project_tag" : "EMPTY",
  "config_plug_tag" : null,
  "config_plug_project_id" : null,
  "config_plug_project_tag" : null,
  "config_java_service_tag" : "",
  "config_java_service_project_id" : null,
  "config_java_service_project_tag" : "",
  "disabled" : false,
  "config" : {
    "type" : "json",
    "value" : "{\"localPart\":\"CountryInfoServiceSoapBinding12\",\"operation\":\"FullCountryInfo\",\"namespace\":\"http://www.oorsprong.org/websamples.countryinfo\",\"outputSchema\":\"{\\\"name\\\":\\\"Envelope\\\",\\\"key\\\":\\\"/Envelope\\\",\\\"namespace\\\":\\\"http://www.w3.org/2003/05/soap-envelope\\\",\\\"type\\\":\\\"document\\\",\\\"children\\\":[{\\\"name\\\":\\\"Body\\\",\\\"key\\\":\\\"/Envelope/Body\\\",\\\"namespace\\\":\\\"http://www.w3.org/2003/05/soap-envelope\\\",\\\"type\\\":\\\"document\\\",\\\"children\\\":[{\\\"name\\\":\\\"FullCountryInfoResponse\\\",\\\"key\\\":\\\"/Envelope/Body/FullCountryInfoResponse\\\",\\\"namespace\\\":\\\"http://www.oorsprong.org/websamples.countryinfo\\\",\\\"type\\\":\\\"document\\\",\\\"children\\\":[{\\\"name\\\":\\\"FullCountryInfoResult\\\",\\\"key\\\":\\\"/Envelope/Body/FullCountryInfoResponse/FullCountryInfoResult\\\",\\\"namespace\\\":\\\"http://www.oorsprong.org/websamples.countryinfo\\\",\\\"type\\\":\\\"document\\\",\\\"children\\\":[{\\\"name\\\":\\\"sISOCode\\\",\\\"key\\\":\\\"/Envelope/Body/FullCountryInfoResponse/FullCountryInfoResult/sISOCode\\\",\\\"namespace\\\":\\\"http://www.oorsprong.org/websamples.countryinfo\\\",\\\"type\\\":\\\"string\\\",\\\"children\\\":[]},{\\\"name\\\":\\\"sName\\\",\\\"key\\\":\\\"/Envelope/Body/FullCountryInfoResponse/FullCountryInfoResult/sName\\\",\\\"namespace\\\":\\\"http://www.oorsprong.org/websamples.countryinfo\\\",\\\"type\\\":\\\"string\\\",\\\"children\\\":[]},{\\\"name\\\":\\\"sCapitalCity\\\",\\\"key\\\":\\\"/Envelope/Body/FullCountryInfoResponse/FullCountryInfoResult/sCapitalCity\\\",\\\"namespace\\\":\\\"http://www.oorsprong.org/websamples.countryinfo\\\",\\\"type\\\":\\\"string\\\",\\\"children\\\":[]},{\\\"name\\\":\\\"sPhoneCode\\\",\\\"key\\\":\\\"/Envelope/Body/FullCountryInfoResponse/FullCountryInfoResult/sPhoneCode\\\",\\\"namespace\\\":\\\"http://www.oorsprong.org/websamples.countryinfo\\\",\\\"type\\\":\\\"string\\\",\\\"children\\\":[]},{\\\"name\\\":\\\"sContinentCode\\\",\\\"key\\\":\\\"/Envelope/Body/FullCountryInfoResponse/FullCountryInfoResult/sContinentCode\\\",\\\"namespace\\\":\\\"http://www.oorsprong.org/websamples.countryinfo\\\",\\\"type\\\":\\\"string\\\",\\\"children\\\":[]},{\\\"name\\\":\\\"sCurrencyISOCode\\\",\\\"key\\\":\\\"/Envelope/Body/FullCountryInfoResponse/FullCountryInfoResult/sCurrencyISOCode\\\",\\\"namespace\\\":\\\"http://www.oorsprong.org/websamples.countryinfo\\\",\\\"type\\\":\\\"string\\\",\\\"children\\\":[]},{\\\"name\\\":\\\"sCountryFlag\\\",\\\"key\\\":\\\"/Envelope/Body/FullCountryInfoResponse/FullCountryInfoResult/sCountryFlag\\\",\\\"namespace\\\":\\\"http://www.oorsprong.org/websamples.countryinfo\\\",\\\"type\\\":\\\"string\\\",\\\"children\\\":[]},{\\\"name\\\":\\\"Languages\\\",\\\"key\\\":\\\"/Envelope/Body/FullCountryInfoResponse/FullCountryInfoResult/Languages\\\",\\\"namespace\\\":\\\"http://www.oorsprong.org/websamples.countryinfo\\\",\\\"type\\\":\\\"document\\\",\\\"children\\\":[{\\\"name\\\":\\\"tLanguage\\\",\\\"key\\\":\\\"/Envelope/Body/FullCountryInfoResponse/FullCountryInfoResult/Languages/tLanguage\\\",\\\"namespace\\\":\\\"http://www.oorsprong.org/websamples.countryinfo\\\",\\\"type\\\":\\\"documentArray\\\",\\\"children\\\":[{\\\"name\\\":\\\"sISOCode\\\",\\\"key\\\":\\\"/Envelope/Body/FullCountryInfoResponse/FullCountryInfoResult/Languages/tLanguage/sISOCode\\\",\\\"namespace\\\":\\\"http://www.oorsprong.org/websamples.countryinfo\\\",\\\"type\\\":\\\"string\\\",\\\"children\\\":[]},{\\\"name\\\":\\\"sName\\\",\\\"key\\\":\\\"/Envelope/Body/FullCountryInfoResponse/FullCountryInfoResult/Languages/tLanguage/sName\\\",\\\"namespace\\\":\\\"http://www.oorsprong.org/websamples.countryinfo\\\",\\\"type\\\":\\\"string\\\",\\\"children\\\":[]}]}]}]}]},{\\\"name\\\":\\\"Fault\\\",\\\"key\\\":\\\"/Envelope/Body/Fault\\\",\\\"namespace\\\":\\\"http://www.w3.org/2003/05/soap-envelope\\\",\\\"type\\\":\\\"document\\\",\\\"children\\\":[{\\\"name\\\":\\\"Code\\\",\\\"key\\\":\\\"/Envelope/Body/Fault/Code\\\",\\\"namespace\\\":\\\"http://www.w3.org/2003/05/soap-envelope\\\",\\\"type\\\":\\\"document\\\",\\\"children\\\":[{\\\"name\\\":\\\"Value\\\",\\\"key\\\":\\\"/Envelope/Body/Fault/Code/Value\\\",\\\"namespace\\\":\\\"http://www.w3.org/2003/05/soap-envelope\\\",\\\"type\\\":\\\"string\\\",\\\"values\\\":[\\\"soap:DataEncodingUnknown\\\",\\\"soap:MustUnderstand\\\",\\\"soap:Receiver\\\",\\\"soap:Sender\\\",\\\"soap:VersionMismatch\\\"],\\\"children\\\":[]},{\\\"name\\\":\\\"Subcode\\\",\\\"key\\\":\\\"/Envelope/Body/Fault/Code/Subcode\\\",\\\"namespace\\\":\\\"http://www.w3.org/2003/05/soap-envelope\\\",\\\"type\\\":\\\"document\\\",\\\"children\\\":[{\\\"name\\\":\\\"Value\\\",\\\"key\\\":\\\"/Envelope/Body/Fault/Code/Subcode/Value\\\",\\\"namespace\\\":\\\"http://www.w3.org/2003/05/soap-envelope\\\",\\\"type\\\":\\\"string\\\",\\\"children\\\":[]},{\\\"name\\\":\\\"Subcode\\\",\\\"key\\\":\\\"/Envelope/Body/Fault/Code/Subcode/Subcode\\\",\\\"namespace\\\":\\\"http://www.w3.org/2003/05/soap-envelope\\\",\\\"type\\\":\\\"document\\\",\\\"children\\\":[]}]}]},{\\\"name\\\":\\\"Reason\\\",\\\"key\\\":\\\"/Envelope/Body/Fault/Reason\\\",\\\"namespace\\\":\\\"http://www.w3.org/2003/05/soap-envelope\\\",\\\"type\\\":\\\"document\\\",\\\"children\\\":[{\\\"name\\\":\\\"Text\\\",\\\"key\\\":\\\"/Envelope/Body/Fault/Reason/Text\\\",\\\"namespace\\\":\\\"http://www.w3.org/2003/05/soap-envelope\\\",\\\"type\\\":\\\"stringArray\\\",\\\"children\\\":[]}]},{\\\"name\\\":\\\"Node\\\",\\\"key\\\":\\\"/Envelope/Body/Fault/Node\\\",\\\"namespace\\\":\\\"http://www.w3.org/2003/05/soap-envelope\\\",\\\"type\\\":\\\"string\\\",\\\"children\\\":[]},{\\\"name\\\":\\\"Role\\\",\\\"key\\\":\\\"/Envelope/Body/Fault/Role\\\",\\\"namespace\\\":\\\"http://www.w3.org/2003/05/soap-envelope\\\",\\\"type\\\":\\\"string\\\",\\\"children\\\":[]},{\\\"name\\\":\\\"Detail\\\",\\\"key\\\":\\\"/Envelope/Body/Fault/Detail\\\",\\\"namespace\\\":\\\"http://www.w3.org/2003/05/soap-envelope\\\",\\\"type\\\":\\\"document\\\",\\\"children\\\":[]}]}]}]}\",\"inputEnvelope\":\"<soap:Envelope xmlns:soap=\\\"http://www.w3.org/2003/05/soap-envelope\\\" xmlns:web=\\\"http://www.oorsprong.org/websamples.countryinfo\\\">\\n   <soap:Body>\\n      <web:FullCountryInfo>\\n         <web:sCountryISOCode></web:sCountryISOCode>\\n      </web:FullCountryInfo>\\n   </soap:Body>\\n</soap:Envelope>\"}",
    "null" : false
  },
  "config_b2b_document_type_project_mode_id" : "112c1cb8-4b9e-4d1a-a042-0bd031dc7d05",
  "config_imap_project_mode_id" : "112c1cb8-4b9e-4d1a-a042-0bd031dc7d05",
  "config_java_service_project_mode_id" : "112c1cb8-4b9e-4d1a-a042-0bd031dc7d05",
  "config_plug_project_mode_id" : "112c1cb8-4b9e-4d1a-a042-0bd031dc7d05",
  "config_service_project_mode_id" : "112c1cb8-4b9e-4d1a-a042-0bd031dc7d05",
  "endpoint_project_mode_id" : "112c1cb8-4b9e-4d1a-a042-0bd031dc7d05",
  "service_project_mode_id" : "112c1cb8-4b9e-4d1a-a042-0bd031dc7d05",
  "parent_component_config_service_project_mode_id" : "112c1cb8-4b9e-4d1a-a042-0bd031dc7d05",
  "is_audit" : true,
  "keys_with_order" : {
    "type" : "json",
    "value" : "{\"/ns2:Envelope\":1.0,\"/ns2:Envelope/ns2:Header\":2.0,\"/ns2:Envelope/ns2:Header/usernameToken\":3.0,\"/ns2:Envelope/ns2:Header/usernameToken/username\":4.0,\"/ns2:Envelope/ns2:Header/usernameToken/password\":5.0,\"/ns2:Envelope/ns2:Header/usernameToken/passwordType\":6.0,\"/ns2:Envelope/ns2:Header/mustUnderstand\":7.0,\"/ns2:Envelope/ns2:Header/includeTimestamp\":8.0,\"/ns2:Envelope/ns2:Header/includeSOAPAction\":9.0,\"/ns2:Envelope/ns2:Body\":10.0,\"/ns2:Envelope/ns2:Body/ns1:FullCountryInfo\":11.0,\"/ns2:Envelope/ns2:Body/ns1:FullCountryInfo/ns1:sCountryISOCode\":12.0}",
    "null" : false
  }
}