{
  "component_config_id" : "d0cca5d7-b5ee-4da9-97aa-9288c66915f0",
  "endpoint_config_json" : {
    "type" : "jsonb",
    "value" : "{\"crossRef\": [], \"services\": [], \"multistep\": [], \"operations\": []}",
    "null" : false
  },
  "input_config_json" : {
    "type" : "jsonb",
    "value" : "{\"crossRef\": [], \"services\": [], \"multistep\": [], \"operations\": [{\"map\": {\"id\": \"2ec92404-64ea-4d89-9507-33c094b6e7a4\", \"root\": false, \"type\": \"map\", \"cached\": false, \"source\": \"/GetInvoicesByStateOutput/response/resultSet/invoice_totalamt\", \"target\": \"/HTTPSGetInput/queryParams/amount\", \"mapNull\": false, \"disabled\": false, \"extractXml\": false, \"extractJson\": false, \"targetOrder\": 1.0, \"mapEmptyString\": false, \"sourceJavaType\": \"java.lang.Float\", \"targetJavaType\": \"java.lang.String\"}}, {\"map\": {\"id\": \"1079f558-d4ed-4dba-875f-52d47dcfe425\", \"root\": false, \"type\": \"map\", \"cached\": false, \"source\": \"/get-invoices-by-stateAPIServerRequest/queryParams/currencycode\", \"target\": \"/HTTPSGetInput/queryParams/to\", \"mapNull\": false, \"disabled\": false, \"extractXml\": false, \"extractJson\": false, \"targetOrder\": 1.0, \"mapEmptyString\": false, \"sourceJavaType\": \"java.lang.String\", \"targetJavaType\": \"java.lang.String\"}}, {\"map\": {\"id\": \"1f4d5b4c-ae45-4a7e-a118-010d4d512b66\", \"root\": false, \"type\": \"map\", \"cached\": false, \"source\": \"/GetInvoicesByStateOutput/response/resultSet/invoice_currency\", \"target\": \"/HTTPSGetInput/queryParams/from\", \"mapNull\": false, \"disabled\": false, \"extractXml\": false, \"extractJson\": false, \"targetOrder\": 1.0, \"mapEmptyString\": false, \"sourceJavaType\": \"java.lang.String\", \"targetJavaType\": \"java.lang.String\"}}, {\"map\": {\"id\": \"e30d350c-8677-48b7-9fd6-953fc1bf195d\", \"root\": false, \"type\": \"setValue\", \"cached\": false, \"target\": \"/HTTPSGetInput/basePath\", \"mapNull\": false, \"disabled\": false, \"extractXml\": false, \"extractJson\": false, \"targetOrder\": 3.0, \"targetValue\": \"/convert\", \"mapEmptyString\": false, \"targetJavaType\": \"java.lang.String\", \"variableSubstitution\": false}}]}",
    "null" : false
  },
  "output_config_json" : {
    "type" : "jsonb",
    "value" : "{\"crossRef\": [], \"services\": [], \"multistep\": [], \"operations\": [{\"map\": {\"id\": \"05646134-9fe4-47b2-8a90-8ecd5e912269\", \"root\": true, \"type\": \"map\", \"cached\": false, \"source\": \"/HTTPSGetOutput\", \"target\": \"/HTTPSGetOutput\", \"mapNull\": false, \"disabled\": false, \"extractXml\": false, \"extractJson\": false, \"mapEmptyString\": false}}, {\"map\": {\"id\": \"e5cdade1-415a-4526-a8f8-9460fa8c15a8\", \"root\": true, \"type\": \"map\", \"cached\": false, \"source\": \"/HTTPSGetOutput/response\", \"target\": \"/currencyConvertResponse\", \"mapNull\": false, \"disabled\": false, \"extractXml\": false, \"extractJson\": true, \"targetOrder\": 1.0, \"mapEmptyString\": false, \"sourceJavaType\": \"java.lang.Object\"}}]}",
    "null" : false
  },
  "component_id" : "1dd81dfd-e452-4eb3-bbd7-bc6f0da00cbd",
  "service_id" : "fdfa829d-5a28-4903-8af0-6ead424826e7",
  "endpoint_id" : "b9aa89f7-a10b-4d2f-8789-7a75a9951336",
  "parent_component_config_id" : "08b9db25-15cc-4512-b0f7-e95907c46d36",
  "component_config_order" : 1.75,
  "action_id" : "1b4bc7a2-679b-4779-ad98-79fc11210459",
  "name" : "Convert Currency",
  "description" : "",
  "override_endpoint" : false,
  "input_structure_json" : {
    "type" : "jsonb",
    "value" : "{\"maps\": [{\"/HTTPSGetInput/basePath\": [{\"type\": \"setValue\", \"target\": {\"path\": \"/HTTPSGetInput/basePath\", \"order\": 3, \"title\": \"basePath\", \"dataElementType\": \"string\"}, \"values\": [{\"id\": \"4290df13-6ce6-480e-a41e-6387bcfc2fb2\", \"key\": \"/HTTPSGetInput/basePath\", \"type\": \"object\", \"order\": 3, \"title\": \"basePath\", \"isLeaf\": false, \"children\": [], \"setValue\": null, \"uiElement\": \"/convert\", \"isSetValue\": false, \"childrenSet\": false, \"hasChildren\": false, \"dataElementType\": \"string\", \"encryption_required\": false}], \"mapCondition\": {\"isConditionSet\": false, \"sourceTreeIndex\": [], \"targetTreeIndex\": [], \"mapConditionFormValue\": {}}, \"variableSubstitution\": false, \"overwritePipelineValue\": false}]}, {\"/HTTPSGetInput/queryParams/amount\": [{\"type\": \"map\", \"source\": {\"path\": \"/GetInvoicesByStateOutput/response/resultSet/invoice_totalamt\", \"title\": \"invoice_totalamt\", \"dataElementType\": \"number\"}, \"target\": {\"path\": \"/HTTPSGetInput/queryParams/amount\", \"order\": 1, \"title\": \"amount\", \"dataElementType\": \"string\"}, \"mapCondition\": {\"isConditionSet\": false, \"sourceTreeIndex\": [], \"targetTreeIndex\": [], \"mapConditionFormValue\": {}}}]}, {\"/HTTPSGetInput/queryParams/to\": [{\"type\": \"map\", \"source\": {\"path\": \"/get-invoices-by-stateAPIServerRequest/queryParams/currencycode\", \"title\": \"currencycode\", \"dataElementType\": \"string\"}, \"target\": {\"path\": \"/HTTPSGetInput/queryParams/to\", \"order\": 1, \"title\": \"to\", \"dataElementType\": \"string\"}, \"mapCondition\": {\"isConditionSet\": false, \"sourceTreeIndex\": [], \"targetTreeIndex\": [], \"mapConditionFormValue\": {}}}]}, {\"/HTTPSGetInput/queryParams/from\": [{\"type\": \"map\", \"source\": {\"path\": \"/GetInvoicesByStateOutput/response/resultSet/invoice_currency\", \"title\": \"invoice_currency\", \"dataElementType\": \"string\"}, \"target\": {\"path\": \"/HTTPSGetInput/queryParams/from\", \"order\": 1, \"title\": \"from\", \"dataElementType\": \"string\"}, \"mapCondition\": {\"isConditionSet\": false, \"sourceTreeIndex\": [], \"targetTreeIndex\": [], \"mapConditionFormValue\": {}}}]}], \"mappedNodes\": [\"/HTTPSGetOutput\", \"/HTTPSGetOutputpipeOut\", \"/HTTPSGetInput/basePath actionIn\", \"/get-invoices-by-stateAPIServerRequest/queryParams/currencycode pipeIn\", \"/HTTPSGetInput/queryParams/to actionIn\", \"/GetInvoicesByStateOutput/response/resultSet/invoice_currency pipeIn\", \"/HTTPSGetInput/queryParams/from actionIn\"], \"addVariables\": [{\"id\": \"9f49c341-f972-42d7-90c1-49ef554fb766\", \"key\": \"/HTTPSGetInput/queryParams/amount\", \"type\": \"node\", \"order\": 1, \"title\": \"amount\", \"value\": {\"type\": \"string\"}, \"children\": [], \"editAllow\": true, \"dataElementType\": \"string\", \"componentConfigId\": \"d0cca5d7-b5ee-4da9-97aa-9288c66915f0\", \"componentConfigName\": \"HTTPS\"}, {\"id\": \"bdb8b365-ba24-484c-ae5e-217003da6e9a\", \"key\": \"/HTTPSGetInput/queryParams/to\", \"type\": \"node\", \"order\": 1, \"title\": \"to\", \"value\": {\"type\": \"string\"}, \"children\": [], \"editAllow\": true, \"componentName\": \"Convert Currency\", \"dataElementType\": \"string\", \"componentConfigId\": \"d0cca5d7-b5ee-4da9-97aa-9288c66915f0\", \"componentConfigName\": \"HTTPS\"}, {\"id\": \"aba98e04-46a4-4108-a4d2-0297066b3e2c\", \"key\": \"/HTTPSGetInput/queryParams/from\", \"type\": \"node\", \"order\": 1, \"title\": \"from\", \"value\": {\"type\": \"string\"}, \"children\": [], \"editAllow\": true, \"componentName\": \"Convert Currency\", \"dataElementType\": \"string\", \"componentConfigId\": \"d0cca5d7-b5ee-4da9-97aa-9288c66915f0\", \"componentConfigName\": \"HTTPS\"}]}",
    "null" : false
  },
  "output_structure_json" : {
    "type" : "jsonb",
    "value" : "{\"maps\": [{\"/HTTPSGetOutput\": [{\"type\": \"map\", \"source\": {\"path\": \"/HTTPSGetOutput\", \"title\": \"HTTPSGetOutput\", \"dataElementType\": \"document\"}, \"target\": {\"path\": \"/HTTPSGetOutput\", \"alias\": null, \"order\": null, \"title\": \"HTTPSGetOutput\", \"dataElementType\": \"document\"}, \"mapCondition\": {\"mapNull\": null, \"defaultValue\": null, \"isConditionSet\": false, \"mapEmptyString\": null, \"sourceTreeIndex\": [], \"targetTreeIndex\": [], \"mapConditionFormValue\": {\"fields\": null}}}]}, {\"/currencyConvertResponse\": [{\"type\": \"map\", \"source\": {\"path\": \"/HTTPSGetOutput/response\", \"title\": \"response\", \"dataElementType\": \"object\"}, \"target\": {\"path\": \"/currencyConvertResponse\", \"order\": 1, \"title\": \"currencyConvertResponse\", \"dataElementType\": \"document\"}, \"extractJson\": true, \"mapCondition\": {\"isConditionSet\": false, \"sourceTreeIndex\": [], \"targetTreeIndex\": [], \"mapConditionFormValue\": {}}}]}], \"tracks\": {}, \"transformer\": []}",
    "null" : false
  },
  "endpoint_structure_json" : {
    "type" : "jsonb",
    "value" : "{\"maps\": []}",
    "null" : false
  },
  "is_error" : false,
  "no_of_errors" : 0,
  "action_input_type" : null,
  "config_service_id" : null,
  "config_imap_id" : null,
  "config_b2b_document_type_id" : null,
  "config_document_id" : null,
  "add_variables" : {
    "type" : "jsonb",
    "value" : "[{\"id\": \"edb97c00-f722-42d0-8703-3d0f87915fca\", \"key\": \"/currencyConvertResponse\", \"type\": \"node\", \"order\": 1, \"title\": \"currencyConvertResponse\", \"value\": {}, \"children\": [{\"id\": \"a7515b51-dcec-49c3-9a03-f429466db86e\", \"key\": \"/currencyConvertResponse/success\", \"type\": \"node\", \"order\": 1, \"title\": \"success\", \"value\": {\"type\": \"boolean\"}, \"isLeaf\": true, \"editAllow\": true, \"extractXml\": false, \"childrenSet\": false, \"extractJson\": true, \"hasChildren\": false, \"dataElementType\": \"boolean\", \"componentConfigId\": \"d0cca5d7-b5ee-4da9-97aa-9288c66915f0\", \"encryption_required\": false}, {\"id\": \"5febcb24-0151-4fc4-8944-35ebee35c2bb\", \"key\": \"/currencyConvertResponse/query\", \"type\": \"node\", \"order\": 2, \"title\": \"query\", \"value\": {\"type\": \"object\"}, \"isLeaf\": false, \"children\": [{\"id\": \"7229be7f-f478-40bb-8bf6-ea4fce3929be\", \"key\": \"/currencyConvertResponse/query/from\", \"type\": \"node\", \"order\": 3, \"title\": \"from\", \"value\": {\"type\": \"string\"}, \"isLeaf\": true, \"editAllow\": true, \"extractXml\": false, \"childrenSet\": false, \"extractJson\": true, \"hasChildren\": false, \"dataElementType\": \"string\", \"componentConfigId\": \"d0cca5d7-b5ee-4da9-97aa-9288c66915f0\", \"encryption_required\": false}, {\"id\": \"85ed8772-7b84-4245-b5ff-3f3f34d8424f\", \"key\": \"/currencyConvertResponse/query/to\", \"type\": \"node\", \"order\": 4, \"title\": \"to\", \"value\": {\"type\": \"string\"}, \"isLeaf\": true, \"editAllow\": true, \"extractXml\": false, \"childrenSet\": false, \"extractJson\": true, \"hasChildren\": false, \"dataElementType\": \"string\", \"componentConfigId\": \"d0cca5d7-b5ee-4da9-97aa-9288c66915f0\", \"encryption_required\": false}, {\"id\": \"0e250e80-a5a8-480d-ace3-e99b359092e9\", \"key\": \"/currencyConvertResponse/query/amount\", \"type\": \"node\", \"order\": 5, \"title\": \"amount\", \"value\": {\"type\": \"integer\"}, \"isLeaf\": true, \"editAllow\": true, \"extractXml\": false, \"childrenSet\": false, \"extractJson\": true, \"hasChildren\": false, \"dataElementType\": \"integer\", \"componentConfigId\": \"d0cca5d7-b5ee-4da9-97aa-9288c66915f0\", \"encryption_required\": false}], \"editAllow\": true, \"extractXml\": false, \"childrenSet\": false, \"extractJson\": true, \"hasChildren\": false, \"dataElementType\": \"document\", \"componentConfigId\": \"d0cca5d7-b5ee-4da9-97aa-9288c66915f0\", \"encryption_required\": false}, {\"id\": \"551b4803-cb8e-4542-8bd7-90b1d0bce2ec\", \"key\": \"/currencyConvertResponse/info\", \"type\": \"node\", \"order\": 6, \"title\": \"info\", \"value\": {\"type\": \"object\"}, \"isLeaf\": false, \"children\": [{\"id\": \"b9c8d715-2a60-439c-9614-43337a5c4b04\", \"key\": \"/currencyConvertResponse/info/timestamp\", \"type\": \"node\", \"order\": 7, \"title\": \"timestamp\", \"value\": {\"type\": \"integer\"}, \"isLeaf\": true, \"editAllow\": true, \"extractXml\": false, \"childrenSet\": false, \"extractJson\": true, \"hasChildren\": false, \"dataElementType\": \"integer\", \"componentConfigId\": \"d0cca5d7-b5ee-4da9-97aa-9288c66915f0\", \"encryption_required\": false}, {\"id\": \"828c9535-8936-4421-96f9-c1d1fcd0ca62\", \"key\": \"/currencyConvertResponse/info/rate\", \"type\": \"node\", \"order\": 8, \"title\": \"rate\", \"value\": {\"type\": \"number\"}, \"isLeaf\": true, \"editAllow\": true, \"extractXml\": false, \"childrenSet\": false, \"extractJson\": true, \"hasChildren\": false, \"dataElementType\": \"number\", \"componentConfigId\": \"d0cca5d7-b5ee-4da9-97aa-9288c66915f0\", \"encryption_required\": false}], \"editAllow\": true, \"extractXml\": false, \"childrenSet\": false, \"extractJson\": true, \"hasChildren\": false, \"dataElementType\": \"document\", \"componentConfigId\": \"d0cca5d7-b5ee-4da9-97aa-9288c66915f0\", \"encryption_required\": false}, {\"id\": \"b9cfb1f8-1ac6-4131-91cf-90a352f7c5fb\", \"key\": \"/currencyConvertResponse/date\", \"type\": \"node\", \"order\": 9, \"title\": \"date\", \"value\": {\"type\": \"string\"}, \"isLeaf\": true, \"editAllow\": true, \"extractXml\": false, \"childrenSet\": false, \"extractJson\": true, \"hasChildren\": false, \"dataElementType\": \"string\", \"componentConfigId\": \"d0cca5d7-b5ee-4da9-97aa-9288c66915f0\", \"encryption_required\": false}, {\"id\": \"ff6be181-318b-4113-a227-940f5e16777e\", \"key\": \"/currencyConvertResponse/result\", \"type\": \"node\", \"order\": 10, \"title\": \"result\", \"value\": {\"type\": \"number\"}, \"isLeaf\": true, \"editAllow\": true, \"extractXml\": false, \"childrenSet\": false, \"extractJson\": true, \"hasChildren\": false, \"dataElementType\": \"number\", \"componentConfigId\": \"d0cca5d7-b5ee-4da9-97aa-9288c66915f0\", \"encryption_required\": false}], \"editAllow\": true, \"extractXml\": false, \"extractJson\": true, \"dataElementType\": \"document\", \"componentConfigId\": \"d0cca5d7-b5ee-4da9-97aa-9288c66915f0\", \"componentConfigName\": \"HTTPS\"}]",
    "null" : false
  },
  "drop_variables" : {
    "type" : "jsonb",
    "value" : "[]",
    "null" : false
  },
  "plug_input_structure" : null,
  "plug_output_structure" : null,
  "config_plug_id" : null,
  "override_plug" : false,
  "config_java_service_id" : null,
  "service_tag" : "EMPTY",
  "endpoint_tag" : "EMPTY",
  "config_service_tag" : "",
  "config_imap_tag" : "",
  "config_b2b_document_type_tag" : "",
  "active" : true,
  "parent_component_config_service_tag" : "EMPTY",
  "service_project_id" : "5fb86ce7-81de-404e-8114-39e7995ed487",
  "service_project_tag" : "EMPTY",
  "config_service_project_id" : null,
  "config_service_project_tag" : "",
  "config_imap_project_id" : null,
  "config_imap_project_tag" : "",
  "config_b2b_document_type_project_id" : null,
  "config_b2b_document_type_project_tag" : "",
  "endpoint_project_id" : "5fb86ce7-81de-404e-8114-39e7995ed487",
  "endpoint_project_tag" : "EMPTY",
  "config_plug_tag" : null,
  "config_plug_project_id" : null,
  "config_plug_project_tag" : null,
  "config_java_service_tag" : "",
  "config_java_service_project_id" : null,
  "config_java_service_project_tag" : "",
  "disabled" : false,
  "config" : {
    "type" : "json",
    "value" : "{}",
    "null" : false
  },
  "config_b2b_document_type_project_mode_id" : "112c1cb8-4b9e-4d1a-a042-0bd031dc7d05",
  "config_imap_project_mode_id" : "112c1cb8-4b9e-4d1a-a042-0bd031dc7d05",
  "config_java_service_project_mode_id" : "112c1cb8-4b9e-4d1a-a042-0bd031dc7d05",
  "config_plug_project_mode_id" : "112c1cb8-4b9e-4d1a-a042-0bd031dc7d05",
  "config_service_project_mode_id" : "112c1cb8-4b9e-4d1a-a042-0bd031dc7d05",
  "endpoint_project_mode_id" : "112c1cb8-4b9e-4d1a-a042-0bd031dc7d05",
  "service_project_mode_id" : "112c1cb8-4b9e-4d1a-a042-0bd031dc7d05",
  "parent_component_config_service_project_mode_id" : "112c1cb8-4b9e-4d1a-a042-0bd031dc7d05",
  "is_audit" : true,
  "keys_with_order" : null
}