{
  "component_config_id" : "fe11c358-2c49-4b89-9c6c-c8a02e658c97",
  "endpoint_config_json" : {
    "type" : "jsonb",
    "value" : "{\"crossRef\": [], \"services\": [], \"multistep\": [], \"operations\": []}",
    "null" : false
  },
  "input_config_json" : {
    "type" : "jsonb",
    "value" : "{\"crossRef\": [], \"services\": [], \"multistep\": [], \"operations\": [{\"map\": {\"id\": \"02bf8a93-82e7-4c79-90fd-05c3fd1c3901\", \"root\": false, \"type\": \"map\", \"cached\": false, \"source\": \"/RabbitMQConsumeOutput/message/payload\", \"target\": \"/Store MessageInput/insert[]/message\", \"mapNull\": false, \"disabled\": false, \"extractXml\": false, \"extractJson\": false, \"targetOrder\": 3.0, \"mapEmptyString\": false, \"sourceJavaType\": \"java.lang.String\", \"targetJavaType\": \"java.lang.String\"}}]}",
    "null" : false
  },
  "output_config_json" : {
    "type" : "jsonb",
    "value" : "{\"crossRef\": [], \"services\": [], \"multistep\": [], \"operations\": [{\"map\": {\"id\": \"183a1dda-3739-4ad7-b747-fa0214dbc158\", \"root\": true, \"type\": \"map\", \"cached\": false, \"source\": \"/Store MessageOutput\", \"target\": \"/Store MessageOutput\", \"mapNull\": false, \"disabled\": false, \"extractXml\": false, \"extractJson\": false, \"targetOrder\": 1.0, \"mapEmptyString\": false}}]}",
    "null" : false
  },
  "component_id" : "01364250-f70e-4936-9c62-7b5d644bf6e6",
  "service_id" : "d5c76f45-44bc-433b-98ce-257b28b689a5",
  "endpoint_id" : "77fe4817-d614-447d-9997-9afb84793fd7",
  "parent_component_config_id" : "2ad0a3fe-4875-4177-8052-d3b77fed647d",
  "component_config_order" : 1.0,
  "action_id" : "f1a01d25-47eb-49de-aa90-5e1987d31cfa",
  "name" : "Datastore",
  "description" : "",
  "override_endpoint" : false,
  "input_structure_json" : {
    "type" : "jsonb",
    "value" : "{\"maps\": [{\"/Store MessageInput/insert[]/message\": [{\"type\": \"list\", \"source\": {\"path\": \"/RabbitMQConsumeOutput/message/payload\", \"title\": \"payload\", \"dataElementType\": \"string\"}, \"target\": {\"path\": \"/Store MessageInput/insert[]/message\", \"order\": 3, \"title\": \"message\", \"dataElementType\": \"string\"}, \"mapCondition\": {\"isConditionSet\": false, \"sourceTreeIndex\": [{\"key\": 1, \"title\": \"RabbitMQConsumeOutput\", \"isLeaf\": false, \"isArray\": false, \"children\": [{\"key\": 2, \"title\": \"message\", \"isLeaf\": false, \"isArray\": false, \"children\": [{\"key\": 3, \"title\": \"payload\", \"isLeaf\": false, \"isArray\": false, \"parentKey\": 2}], \"parentKey\": 1}], \"parentKey\": 0}], \"targetTreeIndex\": [{\"key\": 1, \"title\": \"Store MessageInput\", \"isLeaf\": false, \"isArray\": false, \"children\": [{\"key\": 2, \"title\": \"insert\", \"isLeaf\": false, \"isArray\": true, \"children\": [{\"key\": 3, \"title\": \"message\", \"isLeaf\": false, \"isArray\": false, \"parentKey\": 2}], \"parentKey\": 1, \"arrayIndex\": null}], \"parentKey\": 0}], \"mapConditionFormValue\": {}}}]}], \"mappedNodes\": [\"/Store MessageOutputactionOut\", \"/Store MessageOutputpipeOut\", \"/RabbitMQConsumeOutput/message/payload pipeIn\", \"/Store MessageInput/insert[]/message actionIn\"]}",
    "null" : false
  },
  "output_structure_json" : {
    "type" : "jsonb",
    "value" : "{\"maps\": [{\"/Store MessageOutput\": [{\"type\": \"map\", \"source\": {\"path\": \"/Store MessageOutput\", \"title\": \"Store MessageOutput\", \"dataElementType\": \"document\"}, \"target\": {\"path\": \"/Store MessageOutput\", \"order\": 1, \"title\": \"Store MessageOutput\", \"dataElementType\": \"document\"}, \"mapCondition\": {\"isConditionSet\": false, \"sourceTreeIndex\": [], \"targetTreeIndex\": [], \"mapConditionFormValue\": {}}}]}], \"tracks\": {}, \"transformer\": []}",
    "null" : false
  },
  "endpoint_structure_json" : {
    "type" : "jsonb",
    "value" : "{\"maps\": []}",
    "null" : false
  },
  "is_error" : false,
  "no_of_errors" : 0,
  "action_input_type" : null,
  "config_service_id" : null,
  "config_imap_id" : null,
  "config_b2b_document_type_id" : null,
  "config_document_id" : null,
  "add_variables" : {
    "type" : "jsonb",
    "value" : "[]",
    "null" : false
  },
  "drop_variables" : {
    "type" : "jsonb",
    "value" : "[]",
    "null" : false
  },
  "plug_input_structure" : null,
  "plug_output_structure" : null,
  "config_plug_id" : "51b57f1f-f394-4dca-8988-8a23c16d1551",
  "override_plug" : false,
  "config_java_service_id" : null,
  "service_tag" : "EMPTY",
  "endpoint_tag" : "EMPTY",
  "config_service_tag" : "",
  "config_imap_tag" : "",
  "config_b2b_document_type_tag" : "",
  "active" : true,
  "parent_component_config_service_tag" : "EMPTY",
  "service_project_id" : "5fb86ce7-81de-404e-8114-39e7995ed487",
  "service_project_tag" : "EMPTY",
  "config_service_project_id" : null,
  "config_service_project_tag" : "",
  "config_imap_project_id" : null,
  "config_imap_project_tag" : "",
  "config_b2b_document_type_project_id" : null,
  "config_b2b_document_type_project_tag" : "",
  "endpoint_project_id" : "5fb86ce7-81de-404e-8114-39e7995ed487",
  "endpoint_project_tag" : "EMPTY",
  "config_plug_tag" : "EMPTY",
  "config_plug_project_id" : "5fb86ce7-81de-404e-8114-39e7995ed487",
  "config_plug_project_tag" : "EMPTY",
  "config_java_service_tag" : "",
  "config_java_service_project_id" : null,
  "config_java_service_project_tag" : "",
  "disabled" : false,
  "config" : {
    "type" : "json",
    "value" : "{}",
    "null" : false
  },
  "config_b2b_document_type_project_mode_id" : "112c1cb8-4b9e-4d1a-a042-0bd031dc7d05",
  "config_imap_project_mode_id" : "112c1cb8-4b9e-4d1a-a042-0bd031dc7d05",
  "config_java_service_project_mode_id" : "112c1cb8-4b9e-4d1a-a042-0bd031dc7d05",
  "config_plug_project_mode_id" : "112c1cb8-4b9e-4d1a-a042-0bd031dc7d05",
  "config_service_project_mode_id" : "112c1cb8-4b9e-4d1a-a042-0bd031dc7d05",
  "endpoint_project_mode_id" : "112c1cb8-4b9e-4d1a-a042-0bd031dc7d05",
  "service_project_mode_id" : "112c1cb8-4b9e-4d1a-a042-0bd031dc7d05",
  "parent_component_config_service_project_mode_id" : "112c1cb8-4b9e-4d1a-a042-0bd031dc7d05",
  "is_audit" : true,
  "keys_with_order" : null
}