{
  "component_config_id" : "e023267e-09f0-46c6-8e78-3655e820f875",
  "endpoint_config_json" : {
    "type" : "jsonb",
    "value" : "{\"crossRef\": [], \"services\": [], \"multistep\": [], \"operations\": []}",
    "null" : false
  },
  "input_config_json" : {
    "type" : "jsonb",
    "value" : "{\"crossRef\": [], \"services\": [], \"multistep\": [], \"operations\": [{\"map\": {\"id\": \"4b1e4f13-4b0a-49a9-b3bf-21c50180c0c6\", \"root\": false, \"type\": \"map\", \"cached\": false, \"source\": \"/countryCode\", \"target\": \"/ns7:Envelope/ns7:Body/ns1:FullCountryInfo/ns1:sCountryISOCode\", \"mapNull\": false, \"disabled\": false, \"extractXml\": false, \"extractJson\": false, \"targetOrder\": 12.0, \"mapEmptyString\": false, \"sourceJavaType\": \"java.lang.String\", \"targetJavaType\": \"java.lang.String\"}}]}",
    "null" : false
  },
  "output_config_json" : {
    "type" : "jsonb",
    "value" : "{\"crossRef\": [], \"services\": [], \"multistep\": [], \"operations\": [{\"map\": {\"id\": \"90dbd168-12ec-4b6e-867f-8ca3c0c085fc\", \"root\": true, \"type\": \"map\", \"cached\": false, \"source\": \"/ns7:Envelope\", \"target\": \"/ns7:Envelope\", \"mapNull\": false, \"disabled\": false, \"extractXml\": false, \"extractJson\": false, \"targetOrder\": 1.0, \"mapEmptyString\": false}}]}",
    "null" : false
  },
  "component_id" : "4349e777-eeeb-4049-928a-202184ae37c1",
  "service_id" : "2e2f62dd-46a9-46be-b563-c90efc51c760",
  "endpoint_id" : "abedc842-09c3-4082-addd-e9fc04b65eac",
  "parent_component_config_id" : "2f306c55-11a5-49b5-a6c6-9d1c406c807d",
  "component_config_order" : 0.5,
  "action_id" : "5ea5fc7c-0423-4815-b5bc-fc67c584d1a5",
  "name" : null,
  "description" : "",
  "override_endpoint" : false,
  "input_structure_json" : {
    "type" : "jsonb",
    "value" : "{\"maps\": [{\"/ns7:Envelope/ns7:Body/ns1:FullCountryInfo/ns1:sCountryISOCode\": [{\"type\": \"map\", \"source\": {\"path\": \"/countryCode\", \"title\": \"countryCode\", \"dataElementType\": \"string\"}, \"target\": {\"path\": \"/ns7:Envelope/ns7:Body/ns1:FullCountryInfo/ns1:sCountryISOCode\", \"order\": 12, \"title\": \"ns1:sCountryISOCode\", \"dataElementType\": \"string\"}, \"mapCondition\": {\"isConditionSet\": false, \"sourceTreeIndex\": [], \"targetTreeIndex\": [], \"mapConditionFormValue\": {}}}]}], \"mappedNodes\": [\"/ns7:EnvelopeactionOut\", \"/ns7:EnvelopepipeOut\", \"/countryCode pipeIn\", \"/ns7:Envelope/ns7:Body/ns1:FullCountryInfo/ns1:sCountryISOCode actionIn\"]}",
    "null" : false
  },
  "output_structure_json" : {
    "type" : "jsonb",
    "value" : "{\"maps\": [{\"/ns7:Envelope\": [{\"type\": \"map\", \"source\": {\"path\": \"/ns7:Envelope\", \"title\": \"ns7:Envelope\", \"dataElementType\": \"document\"}, \"target\": {\"path\": \"/ns7:Envelope\", \"order\": 1, \"title\": \"ns7:Envelope\", \"dataElementType\": \"document\"}, \"mapCondition\": {\"isConditionSet\": false, \"sourceTreeIndex\": [], \"targetTreeIndex\": [], \"mapConditionFormValue\": {}}}]}], \"tracks\": {}, \"transformer\": []}",
    "null" : false
  },
  "endpoint_structure_json" : {
    "type" : "jsonb",
    "value" : "{\"maps\": []}",
    "null" : false
  },
  "is_error" : false,
  "no_of_errors" : 0,
  "action_input_type" : null,
  "config_service_id" : null,
  "config_imap_id" : null,
  "config_b2b_document_type_id" : null,
  "config_document_id" : null,
  "add_variables" : {
    "type" : "jsonb",
    "value" : "[]",
    "null" : false
  },
  "drop_variables" : {
    "type" : "jsonb",
    "value" : "[]",
    "null" : false
  },
  "plug_input_structure" : {
    "type" : "jsonb",
    "value" : "[{\"id\": \"e023267e-09f0-46c6-8e78-3655e820f875\", \"key\": \"/ns7:Envelope\", \"type\": \"object\", \"order\": 1.0, \"title\": \"ns7:Envelope\", \"value\": {\"$id\": \"b060a910-18fd-4a5d-b4ab-e7903bcaef48\", \"type\": \"object\", \"prefix\": \"ns7\", \"namespace\": \"http://schemas.xmlsoap.org/soap/envelope/\"}, \"isLeaf\": false, \"children\": [{\"id\": \"e023267e-09f0-46c6-8e78-3655e820f875\", \"key\": \"/ns7:Envelope/ns7:Header\", \"type\": \"object\", \"order\": 2.0, \"title\": \"ns7:Header\", \"value\": {\"$id\": \"5e5ec73d-22d2-4de0-9eae-82648d04a9b0\", \"type\": \"object\", \"prefix\": \"ns7\", \"namespace\": \"http://schemas.xmlsoap.org/soap/envelope/\"}, \"isLeaf\": false, \"children\": [{\"id\": \"e023267e-09f0-46c6-8e78-3655e820f875\", \"key\": \"/ns7:Envelope/ns7:Header/usernameToken\", \"type\": \"object\", \"order\": 3.0, \"title\": \"usernameToken\", \"value\": {\"$id\": \"97c50c15-fb5d-4182-b951-e1614f74cb8d\", \"type\": \"object\", \"namespace\": \"\"}, \"isLeaf\": false, \"children\": [{\"id\": \"e023267e-09f0-46c6-8e78-3655e820f875\", \"key\": \"/ns7:Envelope/ns7:Header/usernameToken/username\", \"type\": \"string\", \"order\": 4.0, \"title\": \"username\", \"value\": {\"$id\": \"5f90db31-c7f5-4ae8-97d8-9e2ddea1f1ee\", \"type\": \"string\", \"namespace\": \"\"}, \"isLeaf\": true, \"children\": [], \"entityType\": \"componentConfig\", \"childrenSet\": false, \"hasChildren\": false, \"dataElementType\": \"string\", \"encryption_required\": false}, {\"id\": \"e023267e-09f0-46c6-8e78-3655e820f875\", \"key\": \"/ns7:Envelope/ns7:Header/usernameToken/password\", \"type\": \"string\", \"order\": 5.0, \"title\": \"password\", \"value\": {\"$id\": \"aa64d987-9ecb-49b9-9ec8-7f20da16798d\", \"type\": \"string\", \"namespace\": \"\"}, \"isLeaf\": true, \"children\": [], \"entityType\": \"componentConfig\", \"childrenSet\": false, \"hasChildren\": false, \"dataElementType\": \"string\", \"encryption_required\": false}, {\"id\": \"e023267e-09f0-46c6-8e78-3655e820f875\", \"key\": \"/ns7:Envelope/ns7:Header/usernameToken/passwordType\", \"type\": \"string\", \"order\": 6.0, \"title\": \"passwordType\", \"value\": {\"$id\": \"b0b88262-6e09-4785-8254-d4e0f19f8018\", \"type\": \"string\", \"namespace\": \"\"}, \"isLeaf\": true, \"children\": [], \"entityType\": \"componentConfig\", \"childrenSet\": false, \"hasChildren\": false, \"dataElementType\": \"string\", \"encryption_required\": false}], \"entityType\": \"componentConfig\", \"childrenSet\": false, \"hasChildren\": true, \"dataElementType\": \"document\", \"encryption_required\": false}, {\"id\": \"e023267e-09f0-46c6-8e78-3655e820f875\", \"key\": \"/ns7:Envelope/ns7:Header/mustUnderstand\", \"type\": \"boolean\", \"order\": 7.0, \"title\": \"mustUnderstand\", \"value\": {\"$id\": \"f3b9800c-0985-42dc-8188-87c69f8f37df\", \"type\": \"boolean\", \"namespace\": \"\"}, \"isLeaf\": true, \"children\": [], \"entityType\": \"componentConfig\", \"childrenSet\": false, \"hasChildren\": false, \"dataElementType\": \"boolean\", \"encryption_required\": false}, {\"id\": \"e023267e-09f0-46c6-8e78-3655e820f875\", \"key\": \"/ns7:Envelope/ns7:Header/includeTimestamp\", \"type\": \"boolean\", \"order\": 8.0, \"title\": \"includeTimestamp\", \"value\": {\"$id\": \"65db7a24-2410-49e8-a101-13bae5228740\", \"type\": \"boolean\", \"namespace\": \"\"}, \"isLeaf\": true, \"children\": [], \"entityType\": \"componentConfig\", \"childrenSet\": false, \"hasChildren\": false, \"dataElementType\": \"boolean\", \"encryption_required\": false}, {\"id\": \"e023267e-09f0-46c6-8e78-3655e820f875\", \"key\": \"/ns7:Envelope/ns7:Header/includeSOAPAction\", \"type\": \"boolean\", \"order\": 9.0, \"title\": \"includeSOAPAction\", \"value\": {\"$id\": \"9d40d854-91fe-4a06-b2d3-d4dce679dfdb\", \"type\": \"boolean\", \"namespace\": \"\"}, \"isLeaf\": true, \"children\": [], \"entityType\": \"componentConfig\", \"childrenSet\": false, \"hasChildren\": false, \"dataElementType\": \"boolean\", \"encryption_required\": false}], \"entityType\": \"componentConfig\", \"childrenSet\": false, \"hasChildren\": true, \"dataElementType\": \"document\", \"encryption_required\": false}, {\"id\": \"e023267e-09f0-46c6-8e78-3655e820f875\", \"key\": \"/ns7:Envelope/ns7:Body\", \"type\": \"object\", \"order\": 10.0, \"title\": \"ns7:Body\", \"value\": {\"$id\": \"607ba5b4-b2a3-492e-9881-b63498c9d01a\", \"type\": \"object\", \"prefix\": \"ns7\", \"namespace\": \"http://schemas.xmlsoap.org/soap/envelope/\"}, \"isLeaf\": false, \"children\": [{\"id\": \"e023267e-09f0-46c6-8e78-3655e820f875\", \"key\": \"/ns7:Envelope/ns7:Body/ns1:FullCountryInfo\", \"type\": \"object\", \"order\": 11.0, \"title\": \"ns1:FullCountryInfo\", \"value\": {\"$id\": \"c51e9942-4a70-4ef4-b054-de6e4a9d4451\", \"type\": \"object\", \"prefix\": \"ns1\", \"namespace\": \"http://www.oorsprong.org/websamples.countryinfo\"}, \"isLeaf\": false, \"children\": [{\"id\": \"e023267e-09f0-46c6-8e78-3655e820f875\", \"key\": \"/ns7:Envelope/ns7:Body/ns1:FullCountryInfo/ns1:sCountryISOCode\", \"type\": \"string\", \"order\": 12.0, \"title\": \"ns1:sCountryISOCode\", \"value\": {\"$id\": \"624d8da5-e266-45f5-ba90-e0c89a0b2810\", \"type\": \"string\", \"prefix\": \"ns1\", \"namespace\": \"http://www.oorsprong.org/websamples.countryinfo\"}, \"isLeaf\": true, \"children\": [], \"entityType\": \"componentConfig\", \"childrenSet\": false, \"hasChildren\": false, \"dataElementType\": \"string\", \"encryption_required\": false}], \"entityType\": \"componentConfig\", \"childrenSet\": false, \"hasChildren\": true, \"dataElementType\": \"document\", \"encryption_required\": false}], \"entityType\": \"componentConfig\", \"childrenSet\": false, \"hasChildren\": true, \"dataElementType\": \"document\", \"encryption_required\": false}], \"entityType\": \"componentConfig\", \"childrenSet\": false, \"hasChildren\": true, \"dataElementType\": \"document\", \"encryption_required\": false}]",
    "null" : false
  },
  "plug_output_structure" : {
    "type" : "jsonb",
    "value" : "[{\"id\": \"e023267e-09f0-46c6-8e78-3655e820f875\", \"key\": \"/ns7:Envelope\", \"type\": \"object\", \"order\": 1.0, \"title\": \"ns7:Envelope\", \"value\": {\"$id\": \"4df8692e-f486-4a3e-b3a6-aeebfd85f9de\", \"type\": \"object\", \"prefix\": \"ns7\", \"namespace\": \"http://schemas.xmlsoap.org/soap/envelope/\"}, \"isLeaf\": false, \"children\": [{\"id\": \"e023267e-09f0-46c6-8e78-3655e820f875\", \"key\": \"/ns7:Envelope/ns7:Body\", \"type\": \"object\", \"order\": 2.0, \"title\": \"ns7:Body\", \"value\": {\"$id\": \"101d4648-c9c1-492f-b99c-bf615fab91ee\", \"type\": \"object\", \"prefix\": \"ns7\", \"namespace\": \"http://schemas.xmlsoap.org/soap/envelope/\"}, \"isLeaf\": false, \"children\": [{\"id\": \"e023267e-09f0-46c6-8e78-3655e820f875\", \"key\": \"/ns7:Envelope/ns7:Body/ns1:FullCountryInfoResponse\", \"type\": \"object\", \"order\": 3.0, \"title\": \"ns1:FullCountryInfoResponse\", \"value\": {\"$id\": \"1d3b9114-8dc4-4f17-8b0c-db85fc013293\", \"type\": \"object\", \"prefix\": \"ns1\", \"namespace\": \"http://www.oorsprong.org/websamples.countryinfo\"}, \"isLeaf\": false, \"children\": [{\"id\": \"e023267e-09f0-46c6-8e78-3655e820f875\", \"key\": \"/ns7:Envelope/ns7:Body/ns1:FullCountryInfoResponse/ns1:FullCountryInfoResult\", \"type\": \"object\", \"order\": 4.0, \"title\": \"ns1:FullCountryInfoResult\", \"value\": {\"$id\": \"691593e3-fcdc-4bef-a431-c1e4e6309e1e\", \"type\": \"object\", \"prefix\": \"ns1\", \"namespace\": \"http://www.oorsprong.org/websamples.countryinfo\"}, \"isLeaf\": false, \"children\": [{\"id\": \"e023267e-09f0-46c6-8e78-3655e820f875\", \"key\": \"/ns7:Envelope/ns7:Body/ns1:FullCountryInfoResponse/ns1:FullCountryInfoResult/ns1:sISOCode\", \"type\": \"string\", \"order\": 5.0, \"title\": \"ns1:sISOCode\", \"value\": {\"$id\": \"370b299c-ddde-4a69-8d9a-d978cbb79ccc\", \"type\": \"string\", \"prefix\": \"ns1\", \"namespace\": \"http://www.oorsprong.org/websamples.countryinfo\"}, \"isLeaf\": true, \"children\": [], \"entityType\": \"componentConfig\", \"childrenSet\": false, \"hasChildren\": false, \"dataElementType\": \"string\", \"encryption_required\": false}, {\"id\": \"e023267e-09f0-46c6-8e78-3655e820f875\", \"key\": \"/ns7:Envelope/ns7:Body/ns1:FullCountryInfoResponse/ns1:FullCountryInfoResult/ns1:sName\", \"type\": \"string\", \"order\": 6.0, \"title\": \"ns1:sName\", \"value\": {\"$id\": \"8036c51c-d490-44cc-901b-3926de6b97c6\", \"type\": \"string\", \"prefix\": \"ns1\", \"namespace\": \"http://www.oorsprong.org/websamples.countryinfo\"}, \"isLeaf\": true, \"children\": [], \"entityType\": \"componentConfig\", \"childrenSet\": false, \"hasChildren\": false, \"dataElementType\": \"string\", \"encryption_required\": false}, {\"id\": \"e023267e-09f0-46c6-8e78-3655e820f875\", \"key\": \"/ns7:Envelope/ns7:Body/ns1:FullCountryInfoResponse/ns1:FullCountryInfoResult/ns1:sCapitalCity\", \"type\": \"string\", \"order\": 7.0, \"title\": \"ns1:sCapitalCity\", \"value\": {\"$id\": \"b69e0f0e-68cb-442c-ac2f-cda5e955f644\", \"type\": \"string\", \"prefix\": \"ns1\", \"namespace\": \"http://www.oorsprong.org/websamples.countryinfo\"}, \"isLeaf\": true, \"children\": [], \"entityType\": \"componentConfig\", \"childrenSet\": false, \"hasChildren\": false, \"dataElementType\": \"string\", \"encryption_required\": false}, {\"id\": \"e023267e-09f0-46c6-8e78-3655e820f875\", \"key\": \"/ns7:Envelope/ns7:Body/ns1:FullCountryInfoResponse/ns1:FullCountryInfoResult/ns1:sPhoneCode\", \"type\": \"string\", \"order\": 8.0, \"title\": \"ns1:sPhoneCode\", \"value\": {\"$id\": \"5caf794c-ae36-4082-8748-b27a1a4c1267\", \"type\": \"string\", \"prefix\": \"ns1\", \"namespace\": \"http://www.oorsprong.org/websamples.countryinfo\"}, \"isLeaf\": true, \"children\": [], \"entityType\": \"componentConfig\", \"childrenSet\": false, \"hasChildren\": false, \"dataElementType\": \"string\", \"encryption_required\": false}, {\"id\": \"e023267e-09f0-46c6-8e78-3655e820f875\", \"key\": \"/ns7:Envelope/ns7:Body/ns1:FullCountryInfoResponse/ns1:FullCountryInfoResult/ns1:sContinentCode\", \"type\": \"string\", \"order\": 9.0, \"title\": \"ns1:sContinentCode\", \"value\": {\"$id\": \"1560f138-c1c5-44d9-8eca-4cac5fdc606d\", \"type\": \"string\", \"prefix\": \"ns1\", \"namespace\": \"http://www.oorsprong.org/websamples.countryinfo\"}, \"isLeaf\": true, \"children\": [], \"entityType\": \"componentConfig\", \"childrenSet\": false, \"hasChildren\": false, \"dataElementType\": \"string\", \"encryption_required\": false}, {\"id\": \"e023267e-09f0-46c6-8e78-3655e820f875\", \"key\": \"/ns7:Envelope/ns7:Body/ns1:FullCountryInfoResponse/ns1:FullCountryInfoResult/ns1:sCurrencyISOCode\", \"type\": \"string\", \"order\": 10.0, \"title\": \"ns1:sCurrencyISOCode\", \"value\": {\"$id\": \"294e8d5b-f193-41c9-be8e-1b0ecc56359e\", \"type\": \"string\", \"prefix\": \"ns1\", \"namespace\": \"http://www.oorsprong.org/websamples.countryinfo\"}, \"isLeaf\": true, \"children\": [], \"entityType\": \"componentConfig\", \"childrenSet\": false, \"hasChildren\": false, \"dataElementType\": \"string\", \"encryption_required\": false}, {\"id\": \"e023267e-09f0-46c6-8e78-3655e820f875\", \"key\": \"/ns7:Envelope/ns7:Body/ns1:FullCountryInfoResponse/ns1:FullCountryInfoResult/ns1:sCountryFlag\", \"type\": \"string\", \"order\": 11.0, \"title\": \"ns1:sCountryFlag\", \"value\": {\"$id\": \"42f2223b-c7dc-4c88-9a76-d5eeb038e6a0\", \"type\": \"string\", \"prefix\": \"ns1\", \"namespace\": \"http://www.oorsprong.org/websamples.countryinfo\"}, \"isLeaf\": true, \"children\": [], \"entityType\": \"componentConfig\", \"childrenSet\": false, \"hasChildren\": false, \"dataElementType\": \"string\", \"encryption_required\": false}, {\"id\": \"e023267e-09f0-46c6-8e78-3655e820f875\", \"key\": \"/ns7:Envelope/ns7:Body/ns1:FullCountryInfoResponse/ns1:FullCountryInfoResult/ns1:Languages\", \"type\": \"object\", \"order\": 12.0, \"title\": \"ns1:Languages\", \"value\": {\"$id\": \"18541981-1c3a-4f9f-b6b8-1c08263e643f\", \"type\": \"object\", \"prefix\": \"ns1\", \"namespace\": \"http://www.oorsprong.org/websamples.countryinfo\"}, \"isLeaf\": false, \"children\": [{\"id\": \"e023267e-09f0-46c6-8e78-3655e820f875\", \"key\": \"/ns7:Envelope/ns7:Body/ns1:FullCountryInfoResponse/ns1:FullCountryInfoResult/ns1:Languages/ns1:tLanguage[]\", \"type\": \"array\", \"order\": 13.0, \"title\": \"ns1:tLanguage\", \"value\": {\"$id\": \"78e23d18-2c14-4f43-826a-42bb74d6e5c5\", \"type\": \"array\", \"prefix\": \"ns1\", \"namespace\": \"http://www.oorsprong.org/websamples.countryinfo\"}, \"isLeaf\": false, \"children\": [{\"id\": \"e023267e-09f0-46c6-8e78-3655e820f875\", \"key\": \"/ns7:Envelope/ns7:Body/ns1:FullCountryInfoResponse/ns1:FullCountryInfoResult/ns1:Languages/ns1:tLanguage[]/ns1:sISOCode\", \"type\": \"string\", \"order\": 14.0, \"title\": \"ns1:sISOCode\", \"value\": {\"$id\": \"281e3083-1fae-4a96-929e-bed88025e28c\", \"type\": \"string\", \"prefix\": \"ns1\", \"namespace\": \"http://www.oorsprong.org/websamples.countryinfo\"}, \"isLeaf\": true, \"children\": [], \"entityType\": \"componentConfig\", \"childrenSet\": false, \"hasChildren\": false, \"dataElementType\": \"string\", \"encryption_required\": false}, {\"id\": \"e023267e-09f0-46c6-8e78-3655e820f875\", \"key\": \"/ns7:Envelope/ns7:Body/ns1:FullCountryInfoResponse/ns1:FullCountryInfoResult/ns1:Languages/ns1:tLanguage[]/ns1:sName\", \"type\": \"string\", \"order\": 15.0, \"title\": \"ns1:sName\", \"value\": {\"$id\": \"abe55454-373f-433c-9ec2-e4b22e41c6f1\", \"type\": \"string\", \"prefix\": \"ns1\", \"namespace\": \"http://www.oorsprong.org/websamples.countryinfo\"}, \"isLeaf\": true, \"children\": [], \"entityType\": \"componentConfig\", \"childrenSet\": false, \"hasChildren\": false, \"dataElementType\": \"string\", \"encryption_required\": false}], \"entityType\": \"componentConfig\", \"childrenSet\": false, \"hasChildren\": true, \"dataElementType\": \"documentArray\", \"encryption_required\": false}], \"entityType\": \"componentConfig\", \"childrenSet\": false, \"hasChildren\": true, \"dataElementType\": \"document\", \"encryption_required\": false}], \"entityType\": \"componentConfig\", \"childrenSet\": false, \"hasChildren\": true, \"dataElementType\": \"document\", \"encryption_required\": false}], \"entityType\": \"componentConfig\", \"childrenSet\": false, \"hasChildren\": true, \"dataElementType\": \"document\", \"encryption_required\": false}, {\"id\": \"e023267e-09f0-46c6-8e78-3655e820f875\", \"key\": \"/ns7:Envelope/ns7:Body/ns7:Fault\", \"type\": \"object\", \"order\": 16.0, \"title\": \"ns7:Fault\", \"value\": {\"$id\": \"d201bffd-aecf-4099-87d3-12df69baac6c\", \"type\": \"object\", \"prefix\": \"ns7\", \"namespace\": \"http://schemas.xmlsoap.org/soap/envelope/\"}, \"isLeaf\": false, \"children\": [{\"id\": \"e023267e-09f0-46c6-8e78-3655e820f875\", \"key\": \"/ns7:Envelope/ns7:Body/ns7:Fault/faultcode\", \"type\": \"string\", \"order\": 17.0, \"title\": \"faultcode\", \"value\": {\"$id\": \"895aec4c-be7e-4345-970b-54da6fee8548\", \"type\": \"string\", \"namespace\": \"\"}, \"isLeaf\": true, \"children\": [], \"entityType\": \"componentConfig\", \"childrenSet\": false, \"hasChildren\": false, \"dataElementType\": \"string\", \"encryption_required\": false}, {\"id\": \"e023267e-09f0-46c6-8e78-3655e820f875\", \"key\": \"/ns7:Envelope/ns7:Body/ns7:Fault/faultstring\", \"type\": \"string\", \"order\": 18.0, \"title\": \"faultstring\", \"value\": {\"$id\": \"8ab88967-a445-42cf-914b-4c8ac680ef66\", \"type\": \"string\", \"namespace\": \"\"}, \"isLeaf\": true, \"children\": [], \"entityType\": \"componentConfig\", \"childrenSet\": false, \"hasChildren\": false, \"dataElementType\": \"string\", \"encryption_required\": false}, {\"id\": \"e023267e-09f0-46c6-8e78-3655e820f875\", \"key\": \"/ns7:Envelope/ns7:Body/ns7:Fault/faultactor\", \"type\": \"string\", \"order\": 19.0, \"title\": \"faultactor\", \"value\": {\"$id\": \"eae223ff-cf67-45a0-be5a-50ac1384be8a\", \"type\": \"string\", \"namespace\": \"\"}, \"isLeaf\": true, \"children\": [], \"entityType\": \"componentConfig\", \"childrenSet\": false, \"hasChildren\": false, \"dataElementType\": \"string\", \"encryption_required\": false}, {\"id\": \"e023267e-09f0-46c6-8e78-3655e820f875\", \"key\": \"/ns7:Envelope/ns7:Body/ns7:Fault/detail\", \"type\": \"object\", \"order\": 20.0, \"title\": \"detail\", \"value\": {\"$id\": \"d3d193d1-6142-43ac-b2f6-bc48ee61a123\", \"type\": \"object\", \"namespace\": \"\"}, \"isLeaf\": false, \"children\": [], \"entityType\": \"componentConfig\", \"childrenSet\": false, \"hasChildren\": true, \"dataElementType\": \"document\", \"encryption_required\": false}], \"entityType\": \"componentConfig\", \"childrenSet\": false, \"hasChildren\": true, \"dataElementType\": \"document\", \"encryption_required\": false}], \"entityType\": \"componentConfig\", \"childrenSet\": false, \"hasChildren\": true, \"dataElementType\": \"document\", \"encryption_required\": false}], \"entityType\": \"componentConfig\", \"childrenSet\": false, \"hasChildren\": true, \"dataElementType\": \"document\", \"encryption_required\": false}]",
    "null" : false
  },
  "config_plug_id" : null,
  "override_plug" : false,
  "config_java_service_id" : null,
  "service_tag" : "EMPTY",
  "endpoint_tag" : "EMPTY",
  "config_service_tag" : "",
  "config_imap_tag" : "",
  "config_b2b_document_type_tag" : "",
  "active" : true,
  "parent_component_config_service_tag" : "EMPTY",
  "service_project_id" : "5fb86ce7-81de-404e-8114-39e7995ed487",
  "service_project_tag" : "EMPTY",
  "config_service_project_id" : null,
  "config_service_project_tag" : "",
  "config_imap_project_id" : null,
  "config_imap_project_tag" : "",
  "config_b2b_document_type_project_id" : null,
  "config_b2b_document_type_project_tag" : "",
  "endpoint_project_id" : "5fb86ce7-81de-404e-8114-39e7995ed487",
  "endpoint_project_tag" : "EMPTY",
  "config_plug_tag" : null,
  "config_plug_project_id" : null,
  "config_plug_project_tag" : null,
  "config_java_service_tag" : "",
  "config_java_service_project_id" : null,
  "config_java_service_project_tag" : "",
  "disabled" : false,
  "config" : {
    "type" : "json",
    "value" : "{\"localPart\":\"CountryInfoServiceSoapBinding\",\"operation\":\"FullCountryInfo\",\"namespace\":\"http://www.oorsprong.org/websamples.countryinfo\",\"outputSchema\":\"{\\\"name\\\":\\\"Envelope\\\",\\\"key\\\":\\\"/Envelope\\\",\\\"namespace\\\":\\\"http://schemas.xmlsoap.org/soap/envelope/\\\",\\\"type\\\":\\\"document\\\",\\\"children\\\":[{\\\"name\\\":\\\"Body\\\",\\\"key\\\":\\\"/Envelope/Body\\\",\\\"namespace\\\":\\\"http://schemas.xmlsoap.org/soap/envelope/\\\",\\\"type\\\":\\\"document\\\",\\\"children\\\":[{\\\"name\\\":\\\"FullCountryInfoResponse\\\",\\\"key\\\":\\\"/Envelope/Body/FullCountryInfoResponse\\\",\\\"namespace\\\":\\\"http://www.oorsprong.org/websamples.countryinfo\\\",\\\"type\\\":\\\"document\\\",\\\"children\\\":[{\\\"name\\\":\\\"FullCountryInfoResult\\\",\\\"key\\\":\\\"/Envelope/Body/FullCountryInfoResponse/FullCountryInfoResult\\\",\\\"namespace\\\":\\\"http://www.oorsprong.org/websamples.countryinfo\\\",\\\"type\\\":\\\"document\\\",\\\"children\\\":[{\\\"name\\\":\\\"sISOCode\\\",\\\"key\\\":\\\"/Envelope/Body/FullCountryInfoResponse/FullCountryInfoResult/sISOCode\\\",\\\"namespace\\\":\\\"http://www.oorsprong.org/websamples.countryinfo\\\",\\\"type\\\":\\\"string\\\",\\\"children\\\":[]},{\\\"name\\\":\\\"sName\\\",\\\"key\\\":\\\"/Envelope/Body/FullCountryInfoResponse/FullCountryInfoResult/sName\\\",\\\"namespace\\\":\\\"http://www.oorsprong.org/websamples.countryinfo\\\",\\\"type\\\":\\\"string\\\",\\\"children\\\":[]},{\\\"name\\\":\\\"sCapitalCity\\\",\\\"key\\\":\\\"/Envelope/Body/FullCountryInfoResponse/FullCountryInfoResult/sCapitalCity\\\",\\\"namespace\\\":\\\"http://www.oorsprong.org/websamples.countryinfo\\\",\\\"type\\\":\\\"string\\\",\\\"children\\\":[]},{\\\"name\\\":\\\"sPhoneCode\\\",\\\"key\\\":\\\"/Envelope/Body/FullCountryInfoResponse/FullCountryInfoResult/sPhoneCode\\\",\\\"namespace\\\":\\\"http://www.oorsprong.org/websamples.countryinfo\\\",\\\"type\\\":\\\"string\\\",\\\"children\\\":[]},{\\\"name\\\":\\\"sContinentCode\\\",\\\"key\\\":\\\"/Envelope/Body/FullCountryInfoResponse/FullCountryInfoResult/sContinentCode\\\",\\\"namespace\\\":\\\"http://www.oorsprong.org/websamples.countryinfo\\\",\\\"type\\\":\\\"string\\\",\\\"children\\\":[]},{\\\"name\\\":\\\"sCurrencyISOCode\\\",\\\"key\\\":\\\"/Envelope/Body/FullCountryInfoResponse/FullCountryInfoResult/sCurrencyISOCode\\\",\\\"namespace\\\":\\\"http://www.oorsprong.org/websamples.countryinfo\\\",\\\"type\\\":\\\"string\\\",\\\"children\\\":[]},{\\\"name\\\":\\\"sCountryFlag\\\",\\\"key\\\":\\\"/Envelope/Body/FullCountryInfoResponse/FullCountryInfoResult/sCountryFlag\\\",\\\"namespace\\\":\\\"http://www.oorsprong.org/websamples.countryinfo\\\",\\\"type\\\":\\\"string\\\",\\\"children\\\":[]},{\\\"name\\\":\\\"Languages\\\",\\\"key\\\":\\\"/Envelope/Body/FullCountryInfoResponse/FullCountryInfoResult/Languages\\\",\\\"namespace\\\":\\\"http://www.oorsprong.org/websamples.countryinfo\\\",\\\"type\\\":\\\"document\\\",\\\"children\\\":[{\\\"name\\\":\\\"tLanguage\\\",\\\"key\\\":\\\"/Envelope/Body/FullCountryInfoResponse/FullCountryInfoResult/Languages/tLanguage\\\",\\\"namespace\\\":\\\"http://www.oorsprong.org/websamples.countryinfo\\\",\\\"type\\\":\\\"documentArray\\\",\\\"children\\\":[{\\\"name\\\":\\\"sISOCode\\\",\\\"key\\\":\\\"/Envelope/Body/FullCountryInfoResponse/FullCountryInfoResult/Languages/tLanguage/sISOCode\\\",\\\"namespace\\\":\\\"http://www.oorsprong.org/websamples.countryinfo\\\",\\\"type\\\":\\\"string\\\",\\\"children\\\":[]},{\\\"name\\\":\\\"sName\\\",\\\"key\\\":\\\"/Envelope/Body/FullCountryInfoResponse/FullCountryInfoResult/Languages/tLanguage/sName\\\",\\\"namespace\\\":\\\"http://www.oorsprong.org/websamples.countryinfo\\\",\\\"type\\\":\\\"string\\\",\\\"children\\\":[]}]}]}]}]},{\\\"name\\\":\\\"Fault\\\",\\\"key\\\":\\\"/Envelope/Body/Fault\\\",\\\"namespace\\\":\\\"http://schemas.xmlsoap.org/soap/envelope/\\\",\\\"type\\\":\\\"document\\\",\\\"children\\\":[{\\\"name\\\":\\\"faultcode\\\",\\\"key\\\":\\\"/Envelope/Body/Fault/faultcode\\\",\\\"namespace\\\":\\\"\\\",\\\"type\\\":\\\"string\\\",\\\"children\\\":[]},{\\\"name\\\":\\\"faultstring\\\",\\\"key\\\":\\\"/Envelope/Body/Fault/faultstring\\\",\\\"namespace\\\":\\\"\\\",\\\"type\\\":\\\"string\\\",\\\"children\\\":[]},{\\\"name\\\":\\\"faultactor\\\",\\\"key\\\":\\\"/Envelope/Body/Fault/faultactor\\\",\\\"namespace\\\":\\\"\\\",\\\"type\\\":\\\"string\\\",\\\"children\\\":[]},{\\\"name\\\":\\\"detail\\\",\\\"key\\\":\\\"/Envelope/Body/Fault/detail\\\",\\\"namespace\\\":\\\"\\\",\\\"type\\\":\\\"document\\\",\\\"children\\\":[]}]}]}]}\",\"inputEnvelope\":\"<soapenv:Envelope xmlns:soapenv=\\\"http://schemas.xmlsoap.org/soap/envelope/\\\" xmlns:web=\\\"http://www.oorsprong.org/websamples.countryinfo\\\">\\n   <soapenv:Body>\\n      <web:FullCountryInfo>\\n         <web:sCountryISOCode></web:sCountryISOCode>\\n      </web:FullCountryInfo>\\n   </soapenv:Body>\\n</soapenv:Envelope>\"}",
    "null" : false
  },
  "config_b2b_document_type_project_mode_id" : "112c1cb8-4b9e-4d1a-a042-0bd031dc7d05",
  "config_imap_project_mode_id" : "112c1cb8-4b9e-4d1a-a042-0bd031dc7d05",
  "config_java_service_project_mode_id" : "112c1cb8-4b9e-4d1a-a042-0bd031dc7d05",
  "config_plug_project_mode_id" : "112c1cb8-4b9e-4d1a-a042-0bd031dc7d05",
  "config_service_project_mode_id" : "112c1cb8-4b9e-4d1a-a042-0bd031dc7d05",
  "endpoint_project_mode_id" : "112c1cb8-4b9e-4d1a-a042-0bd031dc7d05",
  "service_project_mode_id" : "112c1cb8-4b9e-4d1a-a042-0bd031dc7d05",
  "parent_component_config_service_project_mode_id" : "112c1cb8-4b9e-4d1a-a042-0bd031dc7d05",
  "is_audit" : true,
  "keys_with_order" : {
    "type" : "json",
    "value" : "{\"/ns7:Envelope\":1.0,\"/ns7:Envelope/ns7:Header\":2.0,\"/ns7:Envelope/ns7:Header/usernameToken\":3.0,\"/ns7:Envelope/ns7:Header/usernameToken/username\":4.0,\"/ns7:Envelope/ns7:Header/usernameToken/password\":5.0,\"/ns7:Envelope/ns7:Header/usernameToken/passwordType\":6.0,\"/ns7:Envelope/ns7:Header/mustUnderstand\":7.0,\"/ns7:Envelope/ns7:Header/includeTimestamp\":8.0,\"/ns7:Envelope/ns7:Header/includeSOAPAction\":9.0,\"/ns7:Envelope/ns7:Body\":10.0,\"/ns7:Envelope/ns7:Body/ns1:FullCountryInfo\":11.0,\"/ns7:Envelope/ns7:Body/ns1:FullCountryInfo/ns1:sCountryISOCode\":12.0}",
    "null" : false
  }
}