{
  "component_config_id" : "eb52e179-4fa9-4c39-a122-a51042c48afd",
  "endpoint_config_json" : {
    "type" : "jsonb",
    "value" : "{\"crossRef\": [], \"services\": [], \"multistep\": [], \"operations\": []}",
    "null" : false
  },
  "input_config_json" : {
    "type" : "jsonb",
    "value" : "{\"crossRef\": [], \"services\": [], \"multistep\": [], \"operations\": [{\"map\": {\"id\": \"ed4e3325-51ab-42f0-83cc-726582659176\", \"root\": false, \"type\": \"map\", \"cached\": false, \"source\": \"/get-invoices-by-stateAPIServerRequest/queryParams/state\", \"target\": \"/GetInvoicesByStateInput/where/where_invoice_status\", \"mapNull\": false, \"disabled\": false, \"extractXml\": false, \"extractJson\": false, \"targetOrder\": 3.0, \"mapEmptyString\": false, \"sourceJavaType\": \"java.lang.String\", \"targetJavaType\": \"java.lang.String\"}}]}",
    "null" : false
  },
  "output_config_json" : {
    "type" : "jsonb",
    "value" : "{\"crossRef\": [], \"services\": [], \"multistep\": [], \"operations\": [{\"map\": {\"id\": \"22c595cf-65c5-4873-833f-12e29a7cc48f\", \"root\": true, \"type\": \"map\", \"cached\": false, \"source\": \"/GetInvoicesByStateOutput\", \"target\": \"/GetInvoicesByStateOutput\", \"mapNull\": false, \"disabled\": false, \"extractXml\": false, \"extractJson\": false, \"targetOrder\": 1.0, \"mapEmptyString\": false}}, {\"map\": {\"id\": \"020cf526-4e00-4f58-9cc4-a59f1e269ad6\", \"root\": false, \"type\": \"setValue\", \"cached\": false, \"target\": \"/status\", \"mapNull\": false, \"disabled\": false, \"extractXml\": false, \"extractJson\": false, \"targetOrder\": 1.0, \"targetValue\": \"200\", \"mapEmptyString\": false, \"targetJavaType\": \"java.lang.String\", \"variableSubstitution\": false}}, {\"map\": {\"id\": \"cde2f992-a42b-4354-9192-e450df7b4d11\", \"root\": false, \"type\": \"setValue\", \"cached\": false, \"target\": \"/get-invoices-by-stateAPIServerResponse/200/grandTotal\", \"mapNull\": false, \"disabled\": false, \"extractXml\": false, \"extractJson\": false, \"targetOrder\": 24.0, \"targetValue\": \"0\", \"mapEmptyString\": false, \"targetJavaType\": \"java.lang.Float\", \"variableSubstitution\": false}}, {\"map\": {\"id\": \"d856bd50-cdc1-4492-962b-e69db1de42f4\", \"root\": false, \"type\": \"setValue\", \"cached\": false, \"target\": \"/get-invoices-by-stateAPIServerResponse/200/responseHeaders/Content-Type\", \"mapNull\": false, \"disabled\": false, \"extractXml\": false, \"extractJson\": false, \"targetOrder\": 37.0, \"targetValue\": \"application/json\", \"mapEmptyString\": false, \"targetJavaType\": \"java.lang.String\", \"variableSubstitution\": false}}]}",
    "null" : false
  },
  "component_id" : "dc16ccf6-67f4-4135-95ca-42e055af53c4",
  "service_id" : "fdfa829d-5a28-4903-8af0-6ead424826e7",
  "endpoint_id" : "e4558371-32ff-478a-859e-fa78f22cca0b",
  "parent_component_config_id" : "08299427-2d55-425e-9b01-7e0d98512011",
  "component_config_order" : 0.5,
  "action_id" : "0a8b5a47-8cb0-4eb5-8b73-7e811ba14a57",
  "name" : "",
  "description" : "",
  "override_endpoint" : false,
  "input_structure_json" : {
    "type" : "jsonb",
    "value" : "{\"maps\": [{\"/GetInvoicesByStateInput/where/where_invoice_status\": [{\"type\": \"map\", \"source\": {\"path\": \"/get-invoices-by-stateAPIServerRequest/queryParams/state\", \"title\": \"state\", \"dataElementType\": \"string\"}, \"target\": {\"path\": \"/GetInvoicesByStateInput/where/where_invoice_status\", \"order\": 3, \"title\": \"invoice_status\", \"dataElementType\": \"string\"}, \"mapCondition\": {\"isConditionSet\": false, \"sourceTreeIndex\": [], \"targetTreeIndex\": [], \"mapConditionFormValue\": {}}}]}], \"mappedNodes\": [\"/GetInvoicesByStateOutputactionOut\", \"/GetInvoicesByStateOutputpipeOut\", \"/get-invoices-by-stateAPIServerRequest/queryParams/state pipeIn\", \"/GetInvoicesByStateInput/where/where_invoice_status actionIn\", \"/statuspipeOut\", \"/get-invoices-by-stateAPIServerResponse/200/grandTotalpipeOut\", \"/get-invoices-by-stateAPIServerResponse/200pipeOut\", \"/get-invoices-by-stateAPIServerResponsepipeOut\", \"/get-invoices-by-stateAPIServerResponse/200/responseHeaders/Content-TypepipeOut\", \"/get-invoices-by-stateAPIServerResponse/200/responseHeaderspipeOut\", \"/get-invoices-by-stateAPIServerResponse/200pipeOut\", \"/get-invoices-by-stateAPIServerResponsepipeOut\"]}",
    "null" : false
  },
  "output_structure_json" : {
    "type" : "jsonb",
    "value" : "{\"maps\": [{\"/GetInvoicesByStateOutput\": [{\"type\": \"map\", \"source\": {\"path\": \"/GetInvoicesByStateOutput\", \"title\": \"GetInvoicesByStateOutput\", \"dataElementType\": \"document\"}, \"target\": {\"path\": \"/GetInvoicesByStateOutput\", \"order\": 1, \"title\": \"GetInvoicesByStateOutput\", \"dataElementType\": \"document\"}, \"mapCondition\": {\"isConditionSet\": false, \"sourceTreeIndex\": [], \"targetTreeIndex\": [], \"mapConditionFormValue\": {}}}]}, {\"/status\": [{\"type\": \"setValue\", \"order\": 1, \"target\": {\"path\": \"/status\", \"order\": 1, \"title\": \"status\", \"dataElementType\": \"string\"}, \"values\": [{\"id\": \"3deed96d-d99d-4fa5-ae86-91b07f27d92a\", \"key\": \"/status\", \"type\": \"string\", \"order\": 1, \"title\": \"status\", \"setValue\": null, \"uiElement\": \"200\", \"isSetValue\": false, \"childrenSet\": false, \"hasChildren\": false, \"dataElementType\": \"string\", \"encryption_required\": false}], \"mapCondition\": {\"isConditionSet\": false, \"sourceTreeIndex\": [], \"targetTreeIndex\": [], \"mapConditionFormValue\": {}}, \"dataElementType\": \"string\", \"variableSubstitution\": false, \"overwritePipelineValue\": false}]}, {\"/get-invoices-by-stateAPIServerResponse/200/grandTotal\": [{\"type\": \"setValue\", \"order\": 24, \"target\": {\"path\": \"/get-invoices-by-stateAPIServerResponse/200/grandTotal\", \"order\": 24, \"title\": \"grandTotal\", \"dataElementType\": \"number\"}, \"values\": [{\"id\": \"842590bc-313d-42bf-82c0-92dfb276be65\", \"key\": \"/get-invoices-by-stateAPIServerResponse/200/grandTotal\", \"type\": \"number\", \"order\": 24, \"title\": \"grandTotal\", \"isLeaf\": true, \"setValue\": null, \"uiElement\": \"0\", \"isSetValue\": false, \"childrenSet\": false, \"hasChildren\": false, \"dataElementType\": \"number\", \"encryption_required\": false}], \"mapCondition\": {\"isConditionSet\": false, \"sourceTreeIndex\": [], \"targetTreeIndex\": [], \"mapConditionFormValue\": {}}, \"dataElementType\": \"number\", \"variableSubstitution\": false, \"overwritePipelineValue\": false}]}, {\"/get-invoices-by-stateAPIServerResponse/200/responseHeaders/Content-Type\": [{\"type\": \"setValue\", \"order\": 37, \"target\": {\"path\": \"/get-invoices-by-stateAPIServerResponse/200/responseHeaders/Content-Type\", \"order\": 37, \"title\": \"Content-Type\", \"dataElementType\": \"string\"}, \"values\": [{\"id\": \"d85efdcc-c8e0-4b93-b0cd-267163a38903\", \"key\": \"/get-invoices-by-stateAPIServerResponse/200/responseHeaders/Content-Type\", \"type\": \"string\", \"order\": 37, \"title\": \"Content-Type\", \"isLeaf\": true, \"setValue\": null, \"uiElement\": \"application/json\", \"isSetValue\": false, \"childrenSet\": false, \"hasChildren\": false, \"dataElementType\": \"string\", \"encryption_required\": false}], \"mapCondition\": {\"isConditionSet\": false, \"sourceTreeIndex\": [], \"targetTreeIndex\": [], \"mapConditionFormValue\": {}}, \"dataElementType\": \"string\", \"variableSubstitution\": false, \"overwritePipelineValue\": false}]}], \"tracks\": {}, \"transformer\": []}",
    "null" : false
  },
  "endpoint_structure_json" : {
    "type" : "jsonb",
    "value" : "{\"maps\": []}",
    "null" : false
  },
  "is_error" : false,
  "no_of_errors" : 0,
  "action_input_type" : null,
  "config_service_id" : null,
  "config_imap_id" : null,
  "config_b2b_document_type_id" : null,
  "config_document_id" : null,
  "add_variables" : {
    "type" : "jsonb",
    "value" : "[]",
    "null" : false
  },
  "drop_variables" : {
    "type" : "jsonb",
    "value" : "[]",
    "null" : false
  },
  "plug_input_structure" : null,
  "plug_output_structure" : null,
  "config_plug_id" : "376cd1bb-3590-4675-813f-890238ed0d65",
  "override_plug" : false,
  "config_java_service_id" : null,
  "service_tag" : "EMPTY",
  "endpoint_tag" : null,
  "config_service_tag" : "",
  "config_imap_tag" : "",
  "config_b2b_document_type_tag" : "",
  "active" : true,
  "parent_component_config_service_tag" : "EMPTY",
  "service_project_id" : "5fb86ce7-81de-404e-8114-39e7995ed487",
  "service_project_tag" : "EMPTY",
  "config_service_project_id" : null,
  "config_service_project_tag" : "",
  "config_imap_project_id" : null,
  "config_imap_project_tag" : "",
  "config_b2b_document_type_project_id" : null,
  "config_b2b_document_type_project_tag" : "",
  "endpoint_project_id" : "5fb86ce7-81de-404e-8114-39e7995ed487",
  "endpoint_project_tag" : null,
  "config_plug_tag" : "EMPTY",
  "config_plug_project_id" : "5fb86ce7-81de-404e-8114-39e7995ed487",
  "config_plug_project_tag" : "EMPTY",
  "config_java_service_tag" : "",
  "config_java_service_project_id" : null,
  "config_java_service_project_tag" : "",
  "disabled" : false,
  "config" : {
    "type" : "json",
    "value" : "{\"objectId\":null,\"version\":null,\"objectApiId\":null}",
    "null" : false
  },
  "config_b2b_document_type_project_mode_id" : "112c1cb8-4b9e-4d1a-a042-0bd031dc7d05",
  "config_imap_project_mode_id" : "112c1cb8-4b9e-4d1a-a042-0bd031dc7d05",
  "config_java_service_project_mode_id" : "112c1cb8-4b9e-4d1a-a042-0bd031dc7d05",
  "config_plug_project_mode_id" : "112c1cb8-4b9e-4d1a-a042-0bd031dc7d05",
  "config_service_project_mode_id" : "112c1cb8-4b9e-4d1a-a042-0bd031dc7d05",
  "endpoint_project_mode_id" : "112c1cb8-4b9e-4d1a-a042-0bd031dc7d05",
  "service_project_mode_id" : "112c1cb8-4b9e-4d1a-a042-0bd031dc7d05",
  "parent_component_config_service_project_mode_id" : "112c1cb8-4b9e-4d1a-a042-0bd031dc7d05",
  "is_audit" : true,
  "keys_with_order" : null
}