{
  "component_config_id" : "194d6923-7d2e-476f-97bc-615ca86ba772",
  "endpoint_config_json" : {
    "type" : "jsonb",
    "value" : "{\"crossRef\": [], \"services\": [], \"multistep\": [], \"operations\": []}",
    "null" : false
  },
  "input_config_json" : {
    "type" : "jsonb",
    "value" : "{\"crossRef\": [], \"services\": [], \"multistep\": [], \"operations\": []}",
    "null" : false
  },
  "output_config_json" : {
    "type" : "jsonb",
    "value" : "{\"crossRef\": [], \"services\": [], \"multistep\": [], \"operations\": [{\"map\": {\"id\": \"c3f540cc-b982-4f76-aa60-0663e2f16576\", \"root\": true, \"type\": \"map\", \"cached\": false, \"source\": \"/HTTPSServerPostOutput/body\", \"target\": \"/ShopifyPayload\", \"mapNull\": false, \"disabled\": false, \"extractXml\": false, \"extractJson\": true, \"targetOrder\": 1.0, \"mapEmptyString\": false, \"sourceJavaType\": \"java.lang.String\"}}]}",
    "null" : false
  },
  "component_id" : "8ac5fe03-27a2-4e6a-a449-6a8893818223",
  "service_id" : "da756261-7ec8-4360-9a19-4723ca41e6c9",
  "endpoint_id" : null,
  "parent_component_config_id" : null,
  "component_config_order" : 2.0,
  "action_id" : "06843b78-eab0-45da-afab-8c8277d7553f",
  "name" : "Extract Order Info",
  "description" : "",
  "override_endpoint" : false,
  "input_structure_json" : {
    "type" : "jsonb",
    "value" : "{\"maps\": [], \"mappedNodes\": [\"/HTTPSServerPostOutput/body pipeIn\", \"/ShopifyPayloadpipeOut\"]}",
    "null" : false
  },
  "output_structure_json" : {
    "type" : "jsonb",
    "value" : "{\"maps\": [{\"/ShopifyPayload\": [{\"type\": \"map\", \"source\": {\"path\": \"/HTTPSServerPostOutput/body\", \"title\": \"body\", \"dataElementType\": \"string\"}, \"target\": {\"path\": \"/ShopifyPayload\", \"order\": 1, \"title\": \"ShopifyPayload\", \"dataElementType\": \"document\"}, \"extractJson\": true, \"mapCondition\": {\"isConditionSet\": false, \"sourceTreeIndex\": [], \"targetTreeIndex\": [], \"mapConditionFormValue\": {}}}]}], \"tracks\": {}, \"transformer\": []}",
    "null" : false
  },
  "endpoint_structure_json" : {
    "type" : "jsonb",
    "value" : "{\"maps\": []}",
    "null" : false
  },
  "is_error" : false,
  "no_of_errors" : 0,
  "action_input_type" : null,
  "config_service_id" : null,
  "config_imap_id" : null,
  "config_b2b_document_type_id" : null,
  "config_document_id" : null,
  "add_variables" : {
    "type" : "jsonb",
    "value" : "[{\"id\": \"0194b3cb-0b02-40b8-8b8c-984a0876f145\", \"key\": \"/ShopifyPayload\", \"type\": \"node\", \"order\": 1, \"title\": \"ShopifyPayload\", \"value\": {}, \"children\": [{\"id\": \"2f541eee-ef00-4233-aea0-9f43fb27ddc9\", \"key\": \"/ShopifyPayload/name\", \"type\": \"node\", \"order\": 1, \"title\": \"name\", \"value\": {\"type\": \"string\"}, \"isLeaf\": true, \"editAllow\": true, \"extractXml\": false, \"childrenSet\": false, \"extractJson\": true, \"hasChildren\": false, \"dataElementType\": \"string\", \"componentConfigId\": \"194d6923-7d2e-476f-97bc-615ca86ba772\", \"encryption_required\": false}, {\"id\": \"fec6e2a7-0af7-46eb-af76-8f5a1710d01a\", \"key\": \"/ShopifyPayload/products[]\", \"type\": \"node\", \"order\": 2, \"title\": \"products\", \"value\": {\"type\": \"array\"}, \"isLeaf\": false, \"children\": [{\"id\": \"f596ae62-1e8e-46dd-bc80-4b329fa52e1b\", \"key\": \"/ShopifyPayload/products[]/description\", \"type\": \"node\", \"order\": 3, \"title\": \"description\", \"value\": {\"type\": \"string\"}, \"isLeaf\": true, \"editAllow\": true, \"extractXml\": false, \"childrenSet\": false, \"extractJson\": true, \"hasChildren\": false, \"dataElementType\": \"string\", \"componentConfigId\": \"194d6923-7d2e-476f-97bc-615ca86ba772\", \"encryption_required\": false}], \"editAllow\": true, \"extractXml\": false, \"childrenSet\": false, \"extractJson\": true, \"hasChildren\": false, \"dataElementType\": \"documentArray\", \"componentConfigId\": \"194d6923-7d2e-476f-97bc-615ca86ba772\", \"encryption_required\": false}, {\"id\": \"4eab48a9-12c5-4e30-944b-c920262927ac\", \"key\": \"/ShopifyPayload/address\", \"type\": \"node\", \"order\": 4, \"title\": \"address\", \"value\": {\"type\": \"object\"}, \"isLeaf\": false, \"children\": [{\"id\": \"04d1b10a-86e6-44b2-9227-2f01969e4baa\", \"key\": \"/ShopifyPayload/address/address1\", \"type\": \"node\", \"order\": 5, \"title\": \"address1\", \"value\": {\"type\": \"string\"}, \"isLeaf\": true, \"editAllow\": true, \"extractXml\": false, \"childrenSet\": false, \"extractJson\": true, \"hasChildren\": false, \"dataElementType\": \"string\", \"componentConfigId\": \"194d6923-7d2e-476f-97bc-615ca86ba772\", \"encryption_required\": false}, {\"id\": \"e0775e51-3923-42d4-acbe-3f3cea7a7e39\", \"key\": \"/ShopifyPayload/address/address2\", \"type\": \"node\", \"order\": 6, \"title\": \"address2\", \"value\": {\"type\": \"string\"}, \"isLeaf\": true, \"editAllow\": true, \"extractXml\": false, \"childrenSet\": false, \"extractJson\": true, \"hasChildren\": false, \"dataElementType\": \"string\", \"componentConfigId\": \"194d6923-7d2e-476f-97bc-615ca86ba772\", \"encryption_required\": false}, {\"id\": \"b402e0c3-1e50-4490-a174-d6e82f9066bc\", \"key\": \"/ShopifyPayload/address/city\", \"type\": \"node\", \"order\": 7, \"title\": \"city\", \"value\": {\"type\": \"string\"}, \"isLeaf\": true, \"editAllow\": true, \"extractXml\": false, \"childrenSet\": false, \"extractJson\": true, \"hasChildren\": false, \"dataElementType\": \"string\", \"componentConfigId\": \"194d6923-7d2e-476f-97bc-615ca86ba772\", \"encryption_required\": false}, {\"id\": \"3e198c14-108b-41c5-a43b-bce1ba834785\", \"key\": \"/ShopifyPayload/address/province\", \"type\": \"node\", \"order\": 8, \"title\": \"province\", \"value\": {\"type\": \"string\"}, \"isLeaf\": true, \"editAllow\": true, \"extractXml\": false, \"childrenSet\": false, \"extractJson\": true, \"hasChildren\": false, \"dataElementType\": \"string\", \"componentConfigId\": \"194d6923-7d2e-476f-97bc-615ca86ba772\", \"encryption_required\": false}, {\"id\": \"3806f023-eace-41d4-90d1-b617cba4eb87\", \"key\": \"/ShopifyPayload/address/zip\", \"type\": \"node\", \"order\": 9, \"title\": \"zip\", \"value\": {\"type\": \"string\"}, \"isLeaf\": true, \"editAllow\": true, \"extractXml\": false, \"childrenSet\": false, \"extractJson\": true, \"hasChildren\": false, \"dataElementType\": \"string\", \"componentConfigId\": \"194d6923-7d2e-476f-97bc-615ca86ba772\", \"encryption_required\": false}], \"editAllow\": true, \"extractXml\": false, \"childrenSet\": false, \"extractJson\": true, \"hasChildren\": false, \"dataElementType\": \"document\", \"componentConfigId\": \"194d6923-7d2e-476f-97bc-615ca86ba772\", \"encryption_required\": false}, {\"id\": \"67a73076-8146-4cbf-87a3-65580f891abf\", \"key\": \"/ShopifyPayload/email\", \"type\": \"node\", \"order\": 10, \"title\": \"email\", \"value\": {\"type\": \"string\"}, \"isLeaf\": true, \"editAllow\": true, \"extractXml\": false, \"childrenSet\": false, \"extractJson\": true, \"hasChildren\": false, \"dataElementType\": \"string\", \"componentConfigId\": \"194d6923-7d2e-476f-97bc-615ca86ba772\", \"encryption_required\": false}, {\"id\": \"d8fe9028-8c95-4ee1-bc09-46ddcb1328cd\", \"key\": \"/ShopifyPayload/orderId\", \"type\": \"node\", \"order\": 11, \"title\": \"orderId\", \"value\": {\"type\": \"string\"}, \"isLeaf\": true, \"editAllow\": true, \"extractXml\": false, \"childrenSet\": false, \"extractJson\": true, \"hasChildren\": false, \"dataElementType\": \"string\", \"componentConfigId\": \"194d6923-7d2e-476f-97bc-615ca86ba772\", \"encryption_required\": false}], \"editAllow\": true, \"extractXml\": false, \"extractJson\": true, \"componentName\": \"Extract Order Info\", \"dataElementType\": \"document\", \"componentConfigId\": \"194d6923-7d2e-476f-97bc-615ca86ba772\", \"componentConfigName\": \"Map\"}]",
    "null" : false
  },
  "drop_variables" : {
    "type" : "jsonb",
    "value" : "[]",
    "null" : false
  },
  "plug_input_structure" : null,
  "plug_output_structure" : null,
  "config_plug_id" : null,
  "override_plug" : false,
  "config_java_service_id" : null,
  "service_tag" : "EMPTY",
  "endpoint_tag" : null,
  "config_service_tag" : "",
  "config_imap_tag" : "",
  "config_b2b_document_type_tag" : "",
  "active" : true,
  "parent_component_config_service_tag" : "EMPTY",
  "service_project_id" : "5fb86ce7-81de-404e-8114-39e7995ed487",
  "service_project_tag" : "EMPTY",
  "config_service_project_id" : null,
  "config_service_project_tag" : "",
  "config_imap_project_id" : null,
  "config_imap_project_tag" : "",
  "config_b2b_document_type_project_id" : null,
  "config_b2b_document_type_project_tag" : "",
  "endpoint_project_id" : null,
  "endpoint_project_tag" : null,
  "config_plug_tag" : null,
  "config_plug_project_id" : null,
  "config_plug_project_tag" : null,
  "config_java_service_tag" : "",
  "config_java_service_project_id" : null,
  "config_java_service_project_tag" : "",
  "disabled" : false,
  "config" : null,
  "config_b2b_document_type_project_mode_id" : "112c1cb8-4b9e-4d1a-a042-0bd031dc7d05",
  "config_imap_project_mode_id" : "112c1cb8-4b9e-4d1a-a042-0bd031dc7d05",
  "config_java_service_project_mode_id" : "112c1cb8-4b9e-4d1a-a042-0bd031dc7d05",
  "config_plug_project_mode_id" : "112c1cb8-4b9e-4d1a-a042-0bd031dc7d05",
  "config_service_project_mode_id" : "112c1cb8-4b9e-4d1a-a042-0bd031dc7d05",
  "endpoint_project_mode_id" : "112c1cb8-4b9e-4d1a-a042-0bd031dc7d05",
  "service_project_mode_id" : "112c1cb8-4b9e-4d1a-a042-0bd031dc7d05",
  "parent_component_config_service_project_mode_id" : "112c1cb8-4b9e-4d1a-a042-0bd031dc7d05",
  "is_audit" : true,
  "keys_with_order" : null
}