{
  "component_config_id" : "e9e03900-78db-40ba-b4c8-c65deb2f310d",
  "endpoint_config_json" : {
    "type" : "jsonb",
    "value" : "{\"crossRef\": [], \"services\": [], \"multistep\": [], \"operations\": []}",
    "null" : false
  },
  "input_config_json" : {
    "type" : "jsonb",
    "value" : "{\"crossRef\": [], \"services\": [], \"multistep\": [], \"operations\": [{\"map\": {\"id\": \"55a7193a-ba4e-47bf-9353-1c10a8d2d504\", \"root\": false, \"type\": \"map\", \"cached\": false, \"source\": \"/Mavericks SFDC PushOutput/sobject/Id\", \"target\": \"/Mavericks SFDC Get Contact by IDInput/where/where_Id\", \"mapNull\": false, \"disabled\": false, \"extractXml\": false, \"extractJson\": false, \"targetOrder\": 3.0, \"mapEmptyString\": false, \"sourceJavaType\": \"java.lang.String\", \"targetJavaType\": \"java.lang.String\"}}]}",
    "null" : false
  },
  "output_config_json" : {
    "type" : "jsonb",
    "value" : "{\"crossRef\": [], \"services\": [], \"multistep\": [], \"operations\": [{\"map\": {\"id\": \"434aa219-df5a-423b-8ebf-c8ed28a3926e\", \"root\": true, \"type\": \"map\", \"cached\": false, \"source\": \"/Mavericks SFDC Get Contact by IDOutput\", \"target\": \"/Mavericks SFDC Get Contact by IDOutput\", \"mapNull\": false, \"disabled\": false, \"extractXml\": false, \"extractJson\": false, \"targetOrder\": 1.0, \"mapEmptyString\": false}}]}",
    "null" : false
  },
  "component_id" : "f9e692b6-2d3f-4aa8-be08-38ccc97babd0",
  "service_id" : "028a0ca8-b06d-4750-9508-053cd756475c",
  "endpoint_id" : "a9d00d89-58ae-4ce4-b267-8d5b02489e64",
  "parent_component_config_id" : null,
  "component_config_order" : 2.0,
  "action_id" : "33fcf5be-a5ef-444a-af71-5cb5d0eaec92",
  "name" : "Fetch Contact from Push",
  "description" : "",
  "override_endpoint" : false,
  "input_structure_json" : {
    "type" : "jsonb",
    "value" : "{\"maps\": [{\"/Mavericks SFDC Get Contact by IDInput/where/where_Id\": [{\"type\": \"map\", \"source\": {\"path\": \"/Mavericks SFDC PushOutput/sobject/Id\", \"title\": \"Id\", \"dataElementType\": \"string\"}, \"target\": {\"path\": \"/Mavericks SFDC Get Contact by IDInput/where/where_Id\", \"order\": 3, \"title\": \"Id\", \"dataElementType\": \"string\"}, \"mapCondition\": {\"isConditionSet\": false, \"sourceTreeIndex\": [], \"targetTreeIndex\": [], \"mapConditionFormValue\": {}}}]}], \"mappedNodes\": [\"/Mavericks SFDC Get Contact by IDOutputactionOut\", \"/Mavericks SFDC Get Contact by IDOutputpipeOut\", \"/Mavericks SFDC PushOutput/sobject/Id pipeIn\", \"/Mavericks SFDC Get Contact by IDInput/where/where_Id actionIn\"]}",
    "null" : false
  },
  "output_structure_json" : {
    "type" : "jsonb",
    "value" : "{\"maps\": [{\"/Mavericks SFDC Get Contact by IDOutput\": [{\"type\": \"map\", \"source\": {\"path\": \"/Mavericks SFDC Get Contact by IDOutput\", \"title\": \"Mavericks SFDC Get Contact by IDOutput\", \"dataElementType\": \"document\"}, \"target\": {\"path\": \"/Mavericks SFDC Get Contact by IDOutput\", \"order\": 1, \"title\": \"Mavericks SFDC Get Contact by IDOutput\", \"dataElementType\": \"document\"}, \"mapCondition\": {\"isConditionSet\": false, \"sourceTreeIndex\": [], \"targetTreeIndex\": [], \"mapConditionFormValue\": {}}}]}], \"tracks\": {}, \"transformer\": []}",
    "null" : false
  },
  "endpoint_structure_json" : {
    "type" : "jsonb",
    "value" : "{\"maps\": []}",
    "null" : false
  },
  "is_error" : false,
  "no_of_errors" : 0,
  "action_input_type" : null,
  "config_service_id" : null,
  "config_imap_id" : null,
  "config_b2b_document_type_id" : null,
  "config_document_id" : null,
  "add_variables" : {
    "type" : "jsonb",
    "value" : "[]",
    "null" : false
  },
  "drop_variables" : {
    "type" : "jsonb",
    "value" : "[]",
    "null" : false
  },
  "plug_input_structure" : null,
  "plug_output_structure" : null,
  "config_plug_id" : "3cb8ff5b-ec8c-4ce6-9473-48676cdeca05",
  "override_plug" : false,
  "config_java_service_id" : null,
  "service_tag" : "EMPTY",
  "endpoint_tag" : "EMPTY",
  "config_service_tag" : "",
  "config_imap_tag" : "",
  "config_b2b_document_type_tag" : "",
  "active" : true,
  "parent_component_config_service_tag" : "EMPTY",
  "service_project_id" : "5fb86ce7-81de-404e-8114-39e7995ed487",
  "service_project_tag" : "EMPTY",
  "config_service_project_id" : null,
  "config_service_project_tag" : "",
  "config_imap_project_id" : null,
  "config_imap_project_tag" : "",
  "config_b2b_document_type_project_id" : null,
  "config_b2b_document_type_project_tag" : "",
  "endpoint_project_id" : "5fb86ce7-81de-404e-8114-39e7995ed487",
  "endpoint_project_tag" : "EMPTY",
  "config_plug_tag" : "EMPTY",
  "config_plug_project_id" : "5fb86ce7-81de-404e-8114-39e7995ed487",
  "config_plug_project_tag" : "EMPTY",
  "config_java_service_tag" : "",
  "config_java_service_project_id" : null,
  "config_java_service_project_tag" : "",
  "disabled" : false,
  "config" : {
    "type" : "json",
    "value" : "{\"objectId\":null,\"version\":null,\"objectApiId\":null}",
    "null" : false
  },
  "config_b2b_document_type_project_mode_id" : "112c1cb8-4b9e-4d1a-a042-0bd031dc7d05",
  "config_imap_project_mode_id" : "112c1cb8-4b9e-4d1a-a042-0bd031dc7d05",
  "config_java_service_project_mode_id" : "112c1cb8-4b9e-4d1a-a042-0bd031dc7d05",
  "config_plug_project_mode_id" : "112c1cb8-4b9e-4d1a-a042-0bd031dc7d05",
  "config_service_project_mode_id" : "112c1cb8-4b9e-4d1a-a042-0bd031dc7d05",
  "endpoint_project_mode_id" : "112c1cb8-4b9e-4d1a-a042-0bd031dc7d05",
  "service_project_mode_id" : "112c1cb8-4b9e-4d1a-a042-0bd031dc7d05",
  "parent_component_config_service_project_mode_id" : "112c1cb8-4b9e-4d1a-a042-0bd031dc7d05",
  "is_audit" : true,
  "keys_with_order" : null
}