{
  "component_config_id" : "aa3e705d-cc65-4d7b-a9e7-b9aeae265c99",
  "endpoint_config_json" : {
    "type" : "jsonb",
    "value" : "{\"crossRef\": [], \"services\": [], \"multistep\": [], \"operations\": []}",
    "null" : false
  },
  "input_config_json" : {
    "type" : "jsonb",
    "value" : "{\"crossRef\": [], \"services\": [], \"multistep\": [], \"operations\": []}",
    "null" : false
  },
  "output_config_json" : {
    "type" : "jsonb",
    "value" : "{\"crossRef\": [], \"services\": [], \"multistep\": [], \"operations\": [{\"transformer\": {\"id\": \"1100bcf8-974c-4fd1-a850-8c0fd371ac0c\", \"name\": \"STRING_SPLIT\", \"type\": \"String\", \"query\": null, \"inputs\": [{\"id\": \"cc1edd90-eb72-4c9d-ae4c-667c36b95073\", \"root\": false, \"type\": \"map\", \"cached\": false, \"source\": \"/ShopifyPayload/name\", \"target\": \"/STRING_SPLIT_INPUT/inputString\", \"mapNull\": false, \"disabled\": false, \"extractXml\": false, \"extractJson\": false, \"mapEmptyString\": false, \"sourceJavaType\": \"java.lang.String\", \"targetJavaType\": \"java.lang.String\"}, {\"id\": \"78f68390-b582-4287-b7a7-13af3f8c00e6\", \"root\": false, \"type\": \"setValue\", \"cached\": false, \"target\": \"/STRING_SPLIT_INPUT/token\", \"mapNull\": false, \"disabled\": false, \"extractXml\": false, \"extractJson\": false, \"targetValue\": \" \", \"mapEmptyString\": false, \"targetJavaType\": \"java.lang.String\", \"variableSubstitution\": false}], \"outputs\": [{\"id\": \"89cab398-5d97-433d-b315-1c421e95f0fb\", \"root\": false, \"type\": \"map\", \"cached\": false, \"source\": \"/STRING_SPLIT_OUTPUT/output/@{1}\", \"target\": \"/Order/lastName\", \"mapNull\": false, \"disabled\": false, \"extractXml\": false, \"extractJson\": true, \"targetOrder\": 2.0, \"mapEmptyString\": false, \"sourceJavaType\": \"java.lang.String\", \"targetJavaType\": \"java.lang.String\"}, {\"id\": \"242f73b0-95e5-4d79-ad0d-dff488d27e5c\", \"root\": false, \"type\": \"map\", \"cached\": false, \"source\": \"/STRING_SPLIT_OUTPUT/output/@{0}\", \"target\": \"/Order/firstName\", \"mapNull\": false, \"disabled\": false, \"extractXml\": false, \"extractJson\": true, \"targetOrder\": 1.0, \"mapEmptyString\": false, \"sourceJavaType\": \"java.lang.String\", \"targetJavaType\": \"java.lang.String\"}], \"tableId\": null, \"configId\": null, \"disabled\": false, \"serviceId\": null, \"expression\": null}}, {\"transformer\": {\"id\": \"db3911de-2790-4414-9458-3c579a525bdb\", \"name\": \"STRING_SPLIT\", \"type\": \"String\", \"query\": null, \"inputs\": [{\"id\": \"04fe6e18-c8c8-4478-80d6-e295e2ea7ca6\", \"root\": false, \"type\": \"map\", \"cached\": false, \"source\": \"/ShopifyPayload/orderId\", \"target\": \"/STRING_SPLIT_INPUT/inputString\", \"mapNull\": false, \"disabled\": false, \"extractXml\": false, \"extractJson\": false, \"mapEmptyString\": false, \"sourceJavaType\": \"java.lang.String\", \"targetJavaType\": \"java.lang.String\"}, {\"id\": \"8af15f1c-0aa0-47ba-bc7a-3e3c17c338af\", \"root\": false, \"type\": \"setValue\", \"cached\": false, \"target\": \"/STRING_SPLIT_INPUT/token\", \"mapNull\": false, \"disabled\": false, \"extractXml\": false, \"extractJson\": false, \"targetValue\": \"/\", \"mapEmptyString\": false, \"targetJavaType\": \"java.lang.String\", \"variableSubstitution\": false}], \"outputs\": [{\"id\": \"0b301953-2ca8-49c6-a0d6-a0708a371a10\", \"root\": false, \"type\": \"list\", \"cached\": false, \"source\": \"/STRING_SPLIT_OUTPUT/output[]\", \"target\": \"/Order/orderId\", \"mapNull\": false, \"disabled\": false, \"extractXml\": false, \"extractJson\": true, \"targetOrder\": 12.0, \"mapEmptyString\": false, \"sourceJavaType\": \"java.lang.String\", \"targetJavaType\": \"java.lang.String\"}], \"tableId\": null, \"configId\": null, \"disabled\": false, \"serviceId\": null, \"expression\": null}}, {\"map\": {\"id\": \"1bc9282e-847e-4b35-9359-d1e36fe38d42\", \"root\": true, \"type\": \"list\", \"cached\": false, \"source\": \"/ShopifyPayload/products[]\", \"target\": \"/Order/products[]\", \"mapNull\": false, \"disabled\": false, \"extractXml\": false, \"extractJson\": true, \"targetOrder\": 3.0, \"mapEmptyString\": false}}, {\"map\": {\"id\": \"aae6d128-6051-4864-9333-01b021b3e16c\", \"root\": true, \"type\": \"map\", \"cached\": false, \"source\": \"/ShopifyPayload/address\", \"target\": \"/Order/address\", \"mapNull\": false, \"disabled\": false, \"extractXml\": false, \"extractJson\": true, \"targetOrder\": 5.0, \"mapEmptyString\": false}}, {\"map\": {\"id\": \"4c28bb46-a9b6-4993-a851-9c7d75a6f507\", \"root\": false, \"type\": \"map\", \"cached\": false, \"source\": \"/ShopifyPayload/email\", \"target\": \"/Order/email\", \"mapNull\": false, \"disabled\": false, \"extractXml\": false, \"extractJson\": true, \"targetOrder\": 11.0, \"mapEmptyString\": false, \"sourceJavaType\": \"java.lang.String\", \"targetJavaType\": \"java.lang.String\"}}]}",
    "null" : false
  },
  "component_id" : "8ac5fe03-27a2-4e6a-a449-6a8893818223",
  "service_id" : "da756261-7ec8-4360-9a19-4723ca41e6c9",
  "endpoint_id" : null,
  "parent_component_config_id" : null,
  "component_config_order" : 3.0,
  "action_id" : "06843b78-eab0-45da-afab-8c8277d7553f",
  "name" : "Format Order",
  "description" : "",
  "override_endpoint" : false,
  "input_structure_json" : {
    "type" : "jsonb",
    "value" : "{\"maps\": [], \"mappedNodes\": [\"/ShopifyPayload/name pipeIn\", \"/STRING_SPLIT_INPUT/inputString0\", \"/STRING_SPLIT_INPUT/token\", \"/STRING_SPLIT_INPUT\", \"/STRING_SPLIT_OUTPUT/output[]0\", \"/Order/firstNamepipeOut\", \"/STRING_SPLIT_OUTPUT/output[]0\", \"/Order/lastNamepipeOut\", \"/ShopifyPayload/orderId pipeIn\", \"/STRING_SPLIT_INPUT/inputString1\", \"/STRING_SPLIT_INPUT/token\", \"/STRING_SPLIT_INPUT\", \"/STRING_SPLIT_OUTPUT/output[]1\", \"/Order/orderIdpipeOut\", \"/ShopifyPayload/products[] pipeIn\", \"/Order/products[]pipeOut\", \"/ShopifyPayload/address pipeIn\", \"/Order/addresspipeOut\", \"/ShopifyPayload/email pipeIn\", \"/Order/emailpipeOut\"]}",
    "null" : false
  },
  "output_structure_json" : {
    "type" : "jsonb",
    "value" : "{\"maps\": [{\"/Order/products[]\": [{\"type\": \"list\", \"source\": {\"path\": \"/ShopifyPayload/products[]\", \"title\": \"products\", \"dataElementType\": \"documentArray\"}, \"target\": {\"path\": \"/Order/products[]\", \"order\": 3, \"title\": \"products\", \"dataElementType\": \"documentArray\"}, \"extractJson\": true, \"mapCondition\": {\"isConditionSet\": false, \"sourceTreeIndex\": [{\"key\": 1, \"title\": \"ShopifyPayload\", \"isLeaf\": false, \"isArray\": false, \"children\": [{\"key\": 2, \"title\": \"products[]\", \"isLeaf\": false, \"isArray\": true, \"parentKey\": 1, \"arrayIndex\": null}], \"parentKey\": 0}], \"targetTreeIndex\": [{\"key\": 1, \"title\": \"Order\", \"isLeaf\": false, \"isArray\": false, \"children\": [{\"key\": 2, \"title\": \"products[]\", \"isLeaf\": false, \"isArray\": true, \"parentKey\": 1, \"arrayIndex\": null}], \"parentKey\": 0}], \"mapConditionFormValue\": {}}}]}, {\"/Order/address\": [{\"type\": \"map\", \"source\": {\"path\": \"/ShopifyPayload/address\", \"title\": \"address\", \"dataElementType\": \"document\"}, \"target\": {\"path\": \"/Order/address\", \"order\": 5, \"title\": \"address\", \"dataElementType\": \"document\"}, \"extractJson\": true, \"mapCondition\": {\"isConditionSet\": false, \"sourceTreeIndex\": [], \"targetTreeIndex\": [], \"mapConditionFormValue\": {}}}]}, {\"/Order/email\": [{\"type\": \"map\", \"source\": {\"path\": \"/ShopifyPayload/email\", \"title\": \"email\", \"dataElementType\": \"string\"}, \"target\": {\"path\": \"/Order/email\", \"order\": 11, \"title\": \"email\", \"dataElementType\": \"string\"}, \"extractJson\": true, \"mapCondition\": {\"isConditionSet\": false, \"sourceTreeIndex\": [], \"targetTreeIndex\": [], \"mapConditionFormValue\": {}}}]}], \"tracks\": {}, \"transformer\": [{\"inputs\": {\"/STRING_SPLIT_INPUT/token\": [{\"type\": \"setValue\", \"target\": {\"path\": \"/STRING_SPLIT_INPUT/token\", \"order\": \"\", \"title\": \"token\", \"dataElementType\": \"string\"}, \"values\": [{\"id\": \"3edeccc6-297c-4df7-9e07-729d4de033ad\", \"key\": \"/STRING_SPLIT_INPUT/token\", \"type\": \"string\", \"title\": \"token\", \"isLeaf\": true, \"secret\": false, \"children\": [], \"setValue\": null, \"uiElement\": \" \", \"isSetValue\": false, \"dataElementType\": \"string\"}], \"mapCondition\": {\"isConditionSet\": false, \"sourceTreeIndex\": [], \"targetTreeIndex\": [], \"mapConditionFormValue\": {}}, \"variableSubstitution\": false, \"overwritePipelineValue\": false}], \"/STRING_SPLIT_INPUT/inputString\": [{\"type\": \"map\", \"source\": {\"path\": \"/ShopifyPayload/name\", \"title\": \"name\", \"dataElementType\": \"string\"}, \"target\": {\"path\": \"/STRING_SPLIT_INPUT/inputString\", \"title\": \"inputString\", \"dataElementType\": \"string\"}, \"mapCondition\": {\"isConditionSet\": false, \"sourceTreeIndex\": [], \"targetTreeIndex\": [], \"mapConditionFormValue\": {}}}]}, \"outputs\": {\"/Order/lastName\": [{\"type\": \"list\", \"source\": {\"path\": \"/STRING_SPLIT_OUTPUT/output[]\", \"title\": \"output\", \"dataElementType\": \"stringArray\"}, \"target\": {\"path\": \"/Order/lastName\", \"order\": 2, \"title\": \"lastName\", \"dataElementType\": \"string\"}, \"extractJson\": true, \"mapCondition\": {\"defaultValue\": null, \"isConditionSet\": false, \"sourceTreeIndex\": [{\"key\": 1, \"title\": \"STRING_SPLIT_OUTPUT\", \"isLeaf\": false, \"isArray\": false, \"children\": [{\"key\": 2, \"title\": \"output\", \"isLeaf\": false, \"isArray\": true, \"expanded\": true, \"selected\": true, \"parentKey\": 1, \"arrayIndex\": 1}], \"expanded\": true, \"parentKey\": 0}], \"targetTreeIndex\": [{\"key\": 1, \"title\": \"Order\", \"isLeaf\": false, \"isArray\": false, \"children\": [{\"key\": 2, \"title\": \"lastName\", \"isLeaf\": false, \"isArray\": false, \"expanded\": true, \"parentKey\": 1}], \"expanded\": true, \"parentKey\": 0}], \"mapConditionFormValue\": {\"fields\": []}}}], \"/Order/firstName\": [{\"type\": \"list\", \"source\": {\"path\": \"/STRING_SPLIT_OUTPUT/output[]\", \"title\": \"output\", \"dataElementType\": \"stringArray\"}, \"target\": {\"path\": \"/Order/firstName\", \"order\": 1, \"title\": \"firstName\", \"dataElementType\": \"string\"}, \"extractJson\": true, \"mapCondition\": {\"defaultValue\": null, \"isConditionSet\": false, \"sourceTreeIndex\": [{\"key\": 1, \"title\": \"STRING_SPLIT_OUTPUT\", \"isLeaf\": false, \"isArray\": false, \"children\": [{\"key\": 2, \"title\": \"output\", \"isLeaf\": false, \"isArray\": true, \"expanded\": true, \"selected\": true, \"parentKey\": 1, \"arrayIndex\": 0}], \"expanded\": true, \"parentKey\": 0}], \"targetTreeIndex\": [{\"key\": 1, \"title\": \"Order\", \"isLeaf\": false, \"isArray\": false, \"children\": [{\"key\": 2, \"title\": \"firstName\", \"isLeaf\": false, \"isArray\": false, \"expanded\": true, \"parentKey\": 1}], \"expanded\": true, \"parentKey\": 0}], \"mapConditionFormValue\": {\"fields\": []}}}]}, \"functionInfo\": {\"id\": \"7d6add5c-9226-4b5b-a58a-d669986db589\", \"name\": \"Split\", \"category\": {\"id\": \"7e335ebf-c122-41de-a87f-8e4cb8f39ff6\"}, \"internalName\": \"STRING_SPLIT\"}}, {\"inputs\": {\"/STRING_SPLIT_INPUT/token\": [{\"type\": \"setValue\", \"target\": {\"path\": \"/STRING_SPLIT_INPUT/token\", \"order\": \"\", \"title\": \"token\", \"dataElementType\": \"string\"}, \"values\": [{\"id\": \"cb400a37-b7fb-4993-96ab-d35fa8cd6dcd\", \"key\": \"/STRING_SPLIT_INPUT/token\", \"type\": \"string\", \"title\": \"token\", \"isLeaf\": true, \"secret\": false, \"children\": [], \"setValue\": null, \"uiElement\": \"/\", \"isSetValue\": false, \"dataElementType\": \"string\"}], \"mapCondition\": {\"isConditionSet\": false, \"sourceTreeIndex\": [], \"targetTreeIndex\": [], \"mapConditionFormValue\": {}}, \"variableSubstitution\": false, \"overwritePipelineValue\": false}], \"/STRING_SPLIT_INPUT/inputString\": [{\"type\": \"map\", \"source\": {\"path\": \"/ShopifyPayload/orderId\", \"title\": \"orderId\", \"dataElementType\": \"string\"}, \"target\": {\"path\": \"/STRING_SPLIT_INPUT/inputString\", \"title\": \"inputString\", \"dataElementType\": \"string\"}, \"mapCondition\": {\"isConditionSet\": false, \"sourceTreeIndex\": [], \"targetTreeIndex\": [], \"mapConditionFormValue\": {}}}]}, \"outputs\": {\"/Order/orderId\": [{\"type\": \"list\", \"source\": {\"path\": \"/STRING_SPLIT_OUTPUT/output[]\", \"title\": \"output\", \"dataElementType\": \"stringArray\"}, \"target\": {\"path\": \"/Order/orderId\", \"order\": 12, \"title\": \"orderId\", \"dataElementType\": \"string\"}, \"extractJson\": true, \"mapCondition\": {\"isConditionSet\": false, \"sourceTreeIndex\": [{\"key\": 1, \"title\": \"STRING_SPLIT_OUTPUT\", \"isLeaf\": false, \"isArray\": false, \"children\": [{\"key\": 2, \"title\": \"output\", \"isLeaf\": false, \"isArray\": true, \"parentKey\": 1, \"arrayIndex\": null}], \"parentKey\": 0}], \"targetTreeIndex\": [{\"key\": 1, \"title\": \"Order\", \"isLeaf\": false, \"isArray\": false, \"children\": [{\"key\": 2, \"title\": \"orderId\", \"isLeaf\": false, \"isArray\": false, \"parentKey\": 1}], \"parentKey\": 0}], \"mapConditionFormValue\": {}}}]}, \"functionInfo\": {\"id\": \"7d6add5c-9226-4b5b-a58a-d669986db589\", \"name\": \"Split\", \"category\": {\"id\": \"7e335ebf-c122-41de-a87f-8e4cb8f39ff6\"}, \"internalName\": \"STRING_SPLIT\"}}]}",
    "null" : false
  },
  "endpoint_structure_json" : {
    "type" : "jsonb",
    "value" : "{\"maps\": []}",
    "null" : false
  },
  "is_error" : false,
  "no_of_errors" : 0,
  "action_input_type" : null,
  "config_service_id" : null,
  "config_imap_id" : null,
  "config_b2b_document_type_id" : null,
  "config_document_id" : null,
  "add_variables" : {
    "type" : "jsonb",
    "value" : "[{\"id\": \"9a25f483-79de-4f67-86d3-cf8b7578385e\", \"key\": \"/Order\", \"type\": \"node\", \"order\": 1, \"title\": \"Order\", \"value\": {}, \"children\": [{\"id\": \"cc4fd362-1fbf-478c-a71c-4119b633d409\", \"key\": \"/Order/firstName\", \"type\": \"node\", \"order\": 1, \"title\": \"firstName\", \"value\": {\"type\": \"string\"}, \"isLeaf\": true, \"editAllow\": true, \"extractXml\": false, \"childrenSet\": false, \"extractJson\": true, \"hasChildren\": false, \"dataElementType\": \"string\", \"componentConfigId\": \"aa3e705d-cc65-4d7b-a9e7-b9aeae265c99\", \"encryption_required\": false}, {\"id\": \"332af283-b6d6-4a72-bfd3-6c0563668f0d\", \"key\": \"/Order/lastName\", \"type\": \"node\", \"order\": 2, \"title\": \"lastName\", \"value\": {\"type\": \"string\"}, \"isLeaf\": true, \"editAllow\": true, \"extractXml\": false, \"childrenSet\": false, \"extractJson\": true, \"hasChildren\": false, \"dataElementType\": \"string\", \"componentConfigId\": \"aa3e705d-cc65-4d7b-a9e7-b9aeae265c99\", \"encryption_required\": false}, {\"id\": \"20522cff-234f-4270-a957-b01af138afa4\", \"key\": \"/Order/products[]\", \"type\": \"node\", \"order\": 3, \"title\": \"products\", \"value\": {\"type\": \"array\"}, \"isLeaf\": false, \"children\": [{\"id\": \"92d48b8a-f4d5-4458-b80d-6e3736ce5415\", \"key\": \"/Order/products[]/description\", \"type\": \"node\", \"order\": 4, \"title\": \"description\", \"value\": {\"type\": \"string\"}, \"isLeaf\": true, \"editAllow\": true, \"extractXml\": false, \"childrenSet\": false, \"extractJson\": true, \"hasChildren\": false, \"dataElementType\": \"string\", \"componentConfigId\": \"aa3e705d-cc65-4d7b-a9e7-b9aeae265c99\", \"encryption_required\": false}], \"editAllow\": true, \"extractXml\": false, \"childrenSet\": false, \"extractJson\": true, \"hasChildren\": false, \"dataElementType\": \"documentArray\", \"componentConfigId\": \"aa3e705d-cc65-4d7b-a9e7-b9aeae265c99\", \"encryption_required\": false}, {\"id\": \"613fd747-3e9f-4d97-a5ca-c18cece5509e\", \"key\": \"/Order/address\", \"type\": \"node\", \"order\": 5, \"title\": \"address\", \"value\": {\"type\": \"object\"}, \"isLeaf\": false, \"children\": [{\"id\": \"4ce9f4c4-63e6-4396-92c7-0142e4d8ec25\", \"key\": \"/Order/address/address1\", \"type\": \"node\", \"order\": 6, \"title\": \"address1\", \"value\": {\"type\": \"string\"}, \"isLeaf\": true, \"editAllow\": true, \"extractXml\": false, \"childrenSet\": false, \"extractJson\": true, \"hasChildren\": false, \"dataElementType\": \"string\", \"componentConfigId\": \"aa3e705d-cc65-4d7b-a9e7-b9aeae265c99\", \"encryption_required\": false}, {\"id\": \"069c3106-3888-4715-ba72-a0867a5a815b\", \"key\": \"/Order/address/address2\", \"type\": \"node\", \"order\": 7, \"title\": \"address2\", \"value\": {\"type\": \"string\"}, \"isLeaf\": true, \"editAllow\": true, \"extractXml\": false, \"childrenSet\": false, \"extractJson\": true, \"hasChildren\": false, \"dataElementType\": \"string\", \"componentConfigId\": \"aa3e705d-cc65-4d7b-a9e7-b9aeae265c99\", \"encryption_required\": false}, {\"id\": \"fcf624af-0f38-4858-8aba-a1f5107d290c\", \"key\": \"/Order/address/city\", \"type\": \"node\", \"order\": 8, \"title\": \"city\", \"value\": {\"type\": \"string\"}, \"isLeaf\": true, \"editAllow\": true, \"extractXml\": false, \"childrenSet\": false, \"extractJson\": true, \"hasChildren\": false, \"dataElementType\": \"string\", \"componentConfigId\": \"aa3e705d-cc65-4d7b-a9e7-b9aeae265c99\", \"encryption_required\": false}, {\"id\": \"66779dbf-3c83-4202-83e6-401bcd4619ad\", \"key\": \"/Order/address/province\", \"type\": \"node\", \"order\": 9, \"title\": \"province\", \"value\": {\"type\": \"string\"}, \"isLeaf\": true, \"editAllow\": true, \"extractXml\": false, \"childrenSet\": false, \"extractJson\": true, \"hasChildren\": false, \"dataElementType\": \"string\", \"componentConfigId\": \"aa3e705d-cc65-4d7b-a9e7-b9aeae265c99\", \"encryption_required\": false}, {\"id\": \"58fd2100-7e1f-4dcf-9995-122c9dbefcfa\", \"key\": \"/Order/address/zip\", \"type\": \"node\", \"order\": 10, \"title\": \"zip\", \"value\": {\"type\": \"string\"}, \"isLeaf\": true, \"editAllow\": true, \"extractXml\": false, \"childrenSet\": false, \"extractJson\": true, \"hasChildren\": false, \"dataElementType\": \"string\", \"componentConfigId\": \"aa3e705d-cc65-4d7b-a9e7-b9aeae265c99\", \"encryption_required\": false}], \"editAllow\": true, \"extractXml\": false, \"childrenSet\": false, \"extractJson\": true, \"hasChildren\": false, \"dataElementType\": \"document\", \"componentConfigId\": \"aa3e705d-cc65-4d7b-a9e7-b9aeae265c99\", \"encryption_required\": false}, {\"id\": \"f5f3cb79-1c37-4df7-80f7-5ee0ab62a1cf\", \"key\": \"/Order/email\", \"type\": \"node\", \"order\": 11, \"title\": \"email\", \"value\": {\"type\": \"string\"}, \"isLeaf\": true, \"editAllow\": true, \"extractXml\": false, \"childrenSet\": false, \"extractJson\": true, \"hasChildren\": false, \"dataElementType\": \"string\", \"componentConfigId\": \"aa3e705d-cc65-4d7b-a9e7-b9aeae265c99\", \"encryption_required\": false}, {\"id\": \"11c67f43-49b6-46b4-8ee7-e53be75a8f28\", \"key\": \"/Order/orderId\", \"type\": \"node\", \"order\": 12, \"title\": \"orderId\", \"value\": {\"type\": \"string\"}, \"isLeaf\": true, \"editAllow\": true, \"extractXml\": false, \"childrenSet\": false, \"extractJson\": true, \"hasChildren\": false, \"dataElementType\": \"string\", \"componentConfigId\": \"aa3e705d-cc65-4d7b-a9e7-b9aeae265c99\", \"encryption_required\": false}], \"editAllow\": true, \"extractXml\": false, \"extractJson\": true, \"componentName\": \"Format Order\", \"dataElementType\": \"document\", \"componentConfigId\": \"aa3e705d-cc65-4d7b-a9e7-b9aeae265c99\", \"componentConfigName\": \"Map\"}]",
    "null" : false
  },
  "drop_variables" : {
    "type" : "jsonb",
    "value" : "[]",
    "null" : false
  },
  "plug_input_structure" : null,
  "plug_output_structure" : null,
  "config_plug_id" : null,
  "override_plug" : false,
  "config_java_service_id" : null,
  "service_tag" : "EMPTY",
  "endpoint_tag" : null,
  "config_service_tag" : "",
  "config_imap_tag" : "",
  "config_b2b_document_type_tag" : "",
  "active" : true,
  "parent_component_config_service_tag" : "EMPTY",
  "service_project_id" : "5fb86ce7-81de-404e-8114-39e7995ed487",
  "service_project_tag" : "EMPTY",
  "config_service_project_id" : null,
  "config_service_project_tag" : "",
  "config_imap_project_id" : null,
  "config_imap_project_tag" : "",
  "config_b2b_document_type_project_id" : null,
  "config_b2b_document_type_project_tag" : "",
  "endpoint_project_id" : null,
  "endpoint_project_tag" : null,
  "config_plug_tag" : null,
  "config_plug_project_id" : null,
  "config_plug_project_tag" : null,
  "config_java_service_tag" : "",
  "config_java_service_project_id" : null,
  "config_java_service_project_tag" : "",
  "disabled" : false,
  "config" : null,
  "config_b2b_document_type_project_mode_id" : "112c1cb8-4b9e-4d1a-a042-0bd031dc7d05",
  "config_imap_project_mode_id" : "112c1cb8-4b9e-4d1a-a042-0bd031dc7d05",
  "config_java_service_project_mode_id" : "112c1cb8-4b9e-4d1a-a042-0bd031dc7d05",
  "config_plug_project_mode_id" : "112c1cb8-4b9e-4d1a-a042-0bd031dc7d05",
  "config_service_project_mode_id" : "112c1cb8-4b9e-4d1a-a042-0bd031dc7d05",
  "endpoint_project_mode_id" : "112c1cb8-4b9e-4d1a-a042-0bd031dc7d05",
  "service_project_mode_id" : "112c1cb8-4b9e-4d1a-a042-0bd031dc7d05",
  "parent_component_config_service_project_mode_id" : "112c1cb8-4b9e-4d1a-a042-0bd031dc7d05",
  "is_audit" : true,
  "keys_with_order" : null
}