{
  "component_config_id" : "aef1e32a-b0f8-4baa-958a-11b7c13f5891",
  "endpoint_config_json" : null,
  "input_config_json" : {
    "type" : "jsonb",
    "value" : "{\"RabbitMQConsumeInput\": {\"general\": {\"queue\": \"demoQueue\", \"ackMode\": \"IMMEDIATE\", \"exclusive\": null, \"concurrency\": \"1\", \"consumerTag\": null, \"prefetchSize\": \"0\", \"prefetchCount\": \"0\"}}}",
    "null" : false
  },
  "output_config_json" : {
    "type" : "jsonb",
    "value" : "{\"crossRef\": [], \"services\": [], \"multistep\": [], \"operations\": [{\"map\": {\"id\": \"33ff0570-9b18-4d49-9ba3-babc17d15b2e\", \"root\": true, \"type\": \"map\", \"cached\": false, \"source\": \"/RabbitMQConsumeOutput\", \"target\": \"/RabbitMQConsumeOutput\", \"mapNull\": false, \"disabled\": false, \"extractXml\": false, \"extractJson\": false, \"mapEmptyString\": false}}]}",
    "null" : false
  },
  "component_id" : "c6c3ef67-4aae-4877-83b5-b6d56e24f25a",
  "service_id" : "d5c76f45-44bc-433b-98ce-257b28b689a5",
  "endpoint_id" : "c1e63a76-51e8-48d0-aaec-3252971afd8b",
  "parent_component_config_id" : null,
  "component_config_order" : 1.0,
  "action_id" : "9b99bd5b-418a-459f-835a-9e8df3038186",
  "name" : "Listen on queue",
  "description" : "",
  "override_endpoint" : false,
  "input_structure_json" : {
    "type" : "jsonb",
    "value" : "{\"RabbitMQConsumeInput\": {\"general\": {\"queue\": \"demoQueue\", \"ackMode\": \"IMMEDIATE\", \"exclusive\": null, \"concurrency\": \"1\", \"consumerTag\": null, \"prefetchSize\": \"0\", \"prefetchCount\": \"0\"}}}",
    "null" : false
  },
  "output_structure_json" : {
    "type" : "jsonb",
    "value" : "{\"maps\": [{\"/RabbitMQConsumeOutput\": [{\"type\": \"map\", \"source\": {\"path\": \"/RabbitMQConsumeOutput\", \"title\": \"RabbitMQConsumeOutput\", \"dataElementType\": \"document\"}, \"target\": {\"path\": \"/RabbitMQConsumeOutput\", \"alias\": null, \"order\": null, \"title\": \"RabbitMQConsumeOutput\", \"dataElementType\": \"document\"}, \"mapCondition\": {\"mapNull\": null, \"defaultValue\": null, \"isConditionSet\": false, \"mapEmptyString\": null, \"sourceTreeIndex\": [], \"targetTreeIndex\": [], \"mapConditionFormValue\": {\"fields\": null}}}]}]}",
    "null" : false
  },
  "endpoint_structure_json" : null,
  "is_error" : false,
  "no_of_errors" : null,
  "action_input_type" : null,
  "config_service_id" : null,
  "config_imap_id" : null,
  "config_b2b_document_type_id" : null,
  "config_document_id" : null,
  "add_variables" : null,
  "drop_variables" : null,
  "plug_input_structure" : null,
  "plug_output_structure" : null,
  "config_plug_id" : null,
  "override_plug" : false,
  "config_java_service_id" : null,
  "service_tag" : "EMPTY",
  "endpoint_tag" : "EMPTY",
  "config_service_tag" : null,
  "config_imap_tag" : null,
  "config_b2b_document_type_tag" : null,
  "active" : true,
  "parent_component_config_service_tag" : "EMPTY",
  "service_project_id" : "5fb86ce7-81de-404e-8114-39e7995ed487",
  "service_project_tag" : "EMPTY",
  "config_service_project_id" : null,
  "config_service_project_tag" : null,
  "config_imap_project_id" : null,
  "config_imap_project_tag" : null,
  "config_b2b_document_type_project_id" : null,
  "config_b2b_document_type_project_tag" : null,
  "endpoint_project_id" : "5fb86ce7-81de-404e-8114-39e7995ed487",
  "endpoint_project_tag" : "EMPTY",
  "config_plug_tag" : null,
  "config_plug_project_id" : null,
  "config_plug_project_tag" : null,
  "config_java_service_tag" : null,
  "config_java_service_project_id" : null,
  "config_java_service_project_tag" : null,
  "disabled" : false,
  "config" : null,
  "config_b2b_document_type_project_mode_id" : "112c1cb8-4b9e-4d1a-a042-0bd031dc7d05",
  "config_imap_project_mode_id" : "112c1cb8-4b9e-4d1a-a042-0bd031dc7d05",
  "config_java_service_project_mode_id" : "112c1cb8-4b9e-4d1a-a042-0bd031dc7d05",
  "config_plug_project_mode_id" : "112c1cb8-4b9e-4d1a-a042-0bd031dc7d05",
  "config_service_project_mode_id" : "112c1cb8-4b9e-4d1a-a042-0bd031dc7d05",
  "endpoint_project_mode_id" : "112c1cb8-4b9e-4d1a-a042-0bd031dc7d05",
  "service_project_mode_id" : "112c1cb8-4b9e-4d1a-a042-0bd031dc7d05",
  "parent_component_config_service_project_mode_id" : "112c1cb8-4b9e-4d1a-a042-0bd031dc7d05",
  "is_audit" : true,
  "keys_with_order" : null
}