{
  "component_config_id" : "6ec45ec0-17ac-41e8-a337-a3589fbc87fe",
  "endpoint_config_json" : {
    "type" : "jsonb",
    "value" : "{\"crossRef\": [], \"services\": [], \"multistep\": [], \"operations\": []}",
    "null" : false
  },
  "input_config_json" : {
    "type" : "jsonb",
    "value" : "{\"crossRef\": [], \"services\": [], \"multistep\": [], \"operations\": [{\"map\": {\"id\": \"bbfc4981-7a46-4902-8af7-dc275f984f2f\", \"root\": false, \"type\": \"setValue\", \"cached\": false, \"target\": \"/PostMessageInput/body/channel\", \"mapNull\": false, \"disabled\": false, \"extractXml\": false, \"extractJson\": false, \"targetOrder\": 7.0, \"targetValue\": \"orders\", \"mapEmptyString\": false, \"targetJavaType\": \"java.lang.String\", \"variableSubstitution\": false}}, {\"map\": {\"id\": \"9cb840bb-a893-4322-8d33-d8e2fff82741\", \"root\": false, \"type\": \"setValue\", \"cached\": false, \"target\": \"/PostMessageInput/body/atleastOneOf/blocks\", \"mapNull\": false, \"disabled\": false, \"extractXml\": false, \"extractJson\": false, \"targetOrder\": 5.0, \"targetValue\": \"[\\n    {\\n        \\\"type\\\": \\\"section\\\",\\n        \\\"text\\\": {\\n            \\\"type\\\": \\\"mrkdwn\\\",\\n            \\\"text\\\": \\\"*:tada: Order Placed!* \\\\n*Customer:* %{/Order/firstName}% %{/Order/lastName}%\\\"\\n        }\\n    },\\n    {\\n        \\\"type\\\": \\\"divider\\\"\\n    },\\n    {\\n        \\\"type\\\": \\\"section\\\",\\n        \\\"text\\\": {\\n            \\\"type\\\": \\\"mrkdwn\\\",\\n            \\\"text\\\": \\\"*📦 Item(s) ordered:* \\\\n %{/Order/products[]/description}%\\\"\\n        }\\n    },\\n    {\\n        \\\"type\\\": \\\"divider\\\"\\n    },\\n    {\\n        \\\"type\\\": \\\"section\\\",\\n        \\\"text\\\": {\\n            \\\"type\\\": \\\"mrkdwn\\\",\\n            \\\"text\\\": \\\"🔍 *Click below to view the order details:*\\\"\\n        },\\n        \\\"accessory\\\": {\\n            \\\"type\\\": \\\"button\\\",\\n            \\\"text\\\": {\\n                \\\"type\\\": \\\"plain_text\\\",\\n                \\\"text\\\": \\\"📄 View Order\\\"\\n            },\\n            \\\"url\\\": \\\"%{/StoreURL}%%{/Order/orderId}%\\\"\\n        }\\n    }\\n]\\n\", \"mapEmptyString\": false, \"targetJavaType\": \"java.lang.String\", \"variableSubstitution\": true}}]}",
    "null" : false
  },
  "output_config_json" : {
    "type" : "jsonb",
    "value" : "{\"crossRef\": [], \"services\": [], \"multistep\": [], \"operations\": [{\"map\": {\"id\": \"f8b739e4-d73c-4609-8115-64e7dd5d6e41\", \"root\": true, \"type\": \"map\", \"cached\": false, \"source\": \"/PostMessageOutput\", \"target\": \"/PostMessageOutput\", \"mapNull\": false, \"disabled\": false, \"extractXml\": false, \"extractJson\": false, \"targetOrder\": 1.0, \"mapEmptyString\": false}}]}",
    "null" : false
  },
  "component_id" : "c4580ee2-cdc2-4099-a4ac-f5f7018605d6",
  "service_id" : "193e64ea-ab15-49fb-9d79-dfbcccc5d25e",
  "endpoint_id" : "39d9aa38-9e65-4ac5-ae9d-0ce82f0457bb",
  "parent_component_config_id" : null,
  "component_config_order" : 3.75,
  "action_id" : "f06009f5-530b-41cf-ac4c-ef3afe657bb8",
  "name" : "New order alert",
  "description" : "",
  "override_endpoint" : false,
  "input_structure_json" : {
    "type" : "jsonb",
    "value" : "{\"maps\": [{\"/PostMessageInput/body/channel\": [{\"type\": \"setValue\", \"target\": {\"path\": \"/PostMessageInput/body/channel\", \"order\": 7, \"title\": \"channel\", \"dataElementType\": \"string\"}, \"values\": [{\"id\": \"b77294bf-3f81-4a92-ba0f-997a3a726573\", \"key\": \"/PostMessageInput/body/channel\", \"type\": \"string\", \"order\": 7, \"title\": \"channel\", \"isLeaf\": true, \"setValue\": null, \"uiElement\": \"orders\", \"isSetValue\": false, \"childrenSet\": false, \"hasChildren\": false, \"dataElementType\": \"string\", \"encryption_required\": false}], \"mapCondition\": {\"isConditionSet\": false, \"sourceTreeIndex\": [], \"targetTreeIndex\": [], \"mapConditionFormValue\": {}}, \"variableSubstitution\": false, \"overwritePipelineValue\": false}]}, {\"/PostMessageInput/body/atleastOneOf/blocks\": [{\"type\": \"setValue\", \"target\": {\"path\": \"/PostMessageInput/body/atleastOneOf/blocks\", \"order\": 5, \"title\": \"blocks\", \"dataElementType\": \"string\"}, \"values\": [{\"id\": \"7258f134-f361-4190-b4ba-1ad1427f9098\", \"key\": \"/PostMessageInput/body/atleastOneOf/blocks\", \"type\": \"string\", \"order\": 5, \"title\": \"blocks\", \"isLeaf\": true, \"setValue\": null, \"uiElement\": \"[\\n    {\\n        \\\"type\\\": \\\"section\\\",\\n        \\\"text\\\": {\\n            \\\"type\\\": \\\"mrkdwn\\\",\\n            \\\"text\\\": \\\"*:tada: Order Placed!* \\\\n*Customer:* <input _ngcontent-ng-c3455819434=\\\"\\\" class=\\\"chip\\\" title=\\\"/Order/firstName\\\" readonly=\\\"true\\\" disabled=\\\"true\\\" type=\\\"button\\\" value=\\\"firstName\\\"> <input _ngcontent-ng-c3455819434=\\\"\\\" class=\\\"chip\\\" title=\\\"/Order/lastName\\\" readonly=\\\"true\\\" disabled=\\\"true\\\" type=\\\"button\\\" value=\\\"lastName\\\">\\\"\\n        }\\n    },\\n    {\\n        \\\"type\\\": \\\"divider\\\"\\n    },\\n    {\\n        \\\"type\\\": \\\"section\\\",\\n        \\\"text\\\": {\\n            \\\"type\\\": \\\"mrkdwn\\\",\\n            \\\"text\\\": \\\"*📦 Item(s) ordered:* \\\\n <input _ngcontent-ng-c3455819434=\\\"\\\" class=\\\"chip\\\" title=\\\"/Order/products[]/description\\\" readonly=\\\"true\\\" disabled=\\\"true\\\" type=\\\"button\\\" value=\\\"description\\\">\\\"\\n        }\\n    },\\n    {\\n        \\\"type\\\": \\\"divider\\\"\\n    },\\n    {\\n        \\\"type\\\": \\\"section\\\",\\n        \\\"text\\\": {\\n            \\\"type\\\": \\\"mrkdwn\\\",\\n            \\\"text\\\": \\\"🔍 *Click below to view the order details:*\\\"\\n        },\\n        \\\"accessory\\\": {\\n            \\\"type\\\": \\\"button\\\",\\n            \\\"text\\\": {\\n                \\\"type\\\": \\\"plain_text\\\",\\n                \\\"text\\\": \\\"📄 View Order\\\"\\n            },\\n            \\\"url\\\": \\\"<input _ngcontent-ng-c3455819434=\\\"\\\" class=\\\"chip\\\" title=\\\"/StoreURL\\\" readonly=\\\"true\\\" disabled=\\\"true\\\" type=\\\"button\\\" value=\\\"StoreURL\\\"><input _ngcontent-ng-c3455819434=\\\"\\\" class=\\\"chip\\\" title=\\\"/Order/orderId\\\" readonly=\\\"true\\\" disabled=\\\"true\\\" type=\\\"button\\\" value=\\\"orderId\\\">\\\"\\n        }\\n    }\\n]\\n\", \"isSetValue\": false, \"childrenSet\": false, \"hasChildren\": false, \"dataElementType\": \"string\", \"encryption_required\": false}], \"mapCondition\": {\"isConditionSet\": false, \"sourceTreeIndex\": [], \"targetTreeIndex\": [], \"mapConditionFormValue\": {}}, \"variableSubstitution\": true, \"overwritePipelineValue\": false}]}], \"mappedNodes\": [\"/PostMessageOutputactionOut\", \"/PostMessageOutputpipeOut\", \"/PostMessageInput/body/atleastOneOf/blocks actionIn\", \"/PostMessageInput/body/atleastOneOf actionIn\", \"/PostMessageInput/body actionIn\", \"/PostMessageInput actionIn\"], \"addVariables\": []}",
    "null" : false
  },
  "output_structure_json" : {
    "type" : "jsonb",
    "value" : "{\"maps\": [{\"/PostMessageOutput\": [{\"type\": \"map\", \"source\": {\"path\": \"/PostMessageOutput\", \"title\": \"PostMessageOutput\", \"dataElementType\": \"document\"}, \"target\": {\"path\": \"/PostMessageOutput\", \"order\": 1, \"title\": \"PostMessageOutput\", \"dataElementType\": \"document\"}, \"mapCondition\": {\"isConditionSet\": false, \"sourceTreeIndex\": [], \"targetTreeIndex\": [], \"mapConditionFormValue\": {}}}]}], \"tracks\": {}, \"transformer\": []}",
    "null" : false
  },
  "endpoint_structure_json" : {
    "type" : "jsonb",
    "value" : "{\"maps\": []}",
    "null" : false
  },
  "is_error" : false,
  "no_of_errors" : 0,
  "action_input_type" : null,
  "config_service_id" : null,
  "config_imap_id" : null,
  "config_b2b_document_type_id" : null,
  "config_document_id" : null,
  "add_variables" : {
    "type" : "jsonb",
    "value" : "[]",
    "null" : false
  },
  "drop_variables" : {
    "type" : "jsonb",
    "value" : "[]",
    "null" : false
  },
  "plug_input_structure" : null,
  "plug_output_structure" : null,
  "config_plug_id" : null,
  "override_plug" : false,
  "config_java_service_id" : null,
  "service_tag" : "EMPTY",
  "endpoint_tag" : "EMPTY",
  "config_service_tag" : "",
  "config_imap_tag" : "",
  "config_b2b_document_type_tag" : "",
  "active" : true,
  "parent_component_config_service_tag" : "EMPTY",
  "service_project_id" : "5fb86ce7-81de-404e-8114-39e7995ed487",
  "service_project_tag" : "EMPTY",
  "config_service_project_id" : null,
  "config_service_project_tag" : "",
  "config_imap_project_id" : null,
  "config_imap_project_tag" : "",
  "config_b2b_document_type_project_id" : null,
  "config_b2b_document_type_project_tag" : "",
  "endpoint_project_id" : "5fb86ce7-81de-404e-8114-39e7995ed487",
  "endpoint_project_tag" : "EMPTY",
  "config_plug_tag" : null,
  "config_plug_project_id" : null,
  "config_plug_project_tag" : null,
  "config_java_service_tag" : "",
  "config_java_service_project_id" : null,
  "config_java_service_project_tag" : "",
  "disabled" : false,
  "config" : {
    "type" : "json",
    "value" : "{\"objectId\":\"45a4cb60-0cf4-4df1-8fa5-dc365058af51\",\"apiId\":\"5638524f-674c-46e2-bafa-928688cb07f6\",\"objectName\":\"Chat\",\"apiName\":\"PostMessage\",\"resourceUrl\":\"PostMessage (/chat.postMessage)\"}",
    "null" : false
  },
  "config_b2b_document_type_project_mode_id" : "112c1cb8-4b9e-4d1a-a042-0bd031dc7d05",
  "config_imap_project_mode_id" : "112c1cb8-4b9e-4d1a-a042-0bd031dc7d05",
  "config_java_service_project_mode_id" : "112c1cb8-4b9e-4d1a-a042-0bd031dc7d05",
  "config_plug_project_mode_id" : "112c1cb8-4b9e-4d1a-a042-0bd031dc7d05",
  "config_service_project_mode_id" : "112c1cb8-4b9e-4d1a-a042-0bd031dc7d05",
  "endpoint_project_mode_id" : "112c1cb8-4b9e-4d1a-a042-0bd031dc7d05",
  "service_project_mode_id" : "112c1cb8-4b9e-4d1a-a042-0bd031dc7d05",
  "parent_component_config_service_project_mode_id" : "112c1cb8-4b9e-4d1a-a042-0bd031dc7d05",
  "is_audit" : true,
  "keys_with_order" : null
}