{
  "component_config_id" : "15b88b66-7001-4ff9-b15a-9c36b0b6dd14",
  "endpoint_config_json" : {
    "type" : "jsonb",
    "value" : "{\"crossRef\": [], \"services\": [], \"multistep\": [], \"operations\": []}",
    "null" : false
  },
  "input_config_json" : {
    "type" : "jsonb",
    "value" : "{\"crossRef\": [], \"services\": [], \"multistep\": [], \"operations\": []}",
    "null" : false
  },
  "output_config_json" : {
    "type" : "jsonb",
    "value" : "{\"crossRef\": [], \"services\": [], \"multistep\": [], \"operations\": [{\"map\": {\"id\": \"63501a93-db35-4be4-9f29-ea1d216cd7b0\", \"root\": true, \"type\": \"map\", \"cached\": false, \"source\": \"/RabbitMQConsumeOutput/message/payload\", \"target\": \"/Order\", \"mapNull\": false, \"disabled\": false, \"extractXml\": false, \"extractJson\": true, \"targetOrder\": 1.0, \"mapEmptyString\": false, \"sourceJavaType\": \"java.lang.String\"}}, {\"map\": {\"id\": \"a0f633d8-6cea-465a-8b80-c9e1763fb05c\", \"root\": false, \"type\": \"setValue\", \"cached\": false, \"target\": \"/StoreURL\", \"mapNull\": false, \"disabled\": false, \"extractXml\": false, \"extractJson\": false, \"targetOrder\": 1.0, \"targetValue\": \"https://admin.shopify.com/store/maverick-widgets/orders/\", \"mapEmptyString\": false, \"targetJavaType\": \"java.lang.String\", \"variableSubstitution\": false}}]}",
    "null" : false
  },
  "component_id" : "8ac5fe03-27a2-4e6a-a449-6a8893818223",
  "service_id" : "193e64ea-ab15-49fb-9d79-dfbcccc5d25e",
  "endpoint_id" : null,
  "parent_component_config_id" : null,
  "component_config_order" : 1.5,
  "action_id" : "06843b78-eab0-45da-afab-8c8277d7553f",
  "name" : "Parse payload",
  "description" : "",
  "override_endpoint" : false,
  "input_structure_json" : {
    "type" : "jsonb",
    "value" : "{\"maps\": [], \"mappedNodes\": [\"/RabbitMQConsumeOutput/message/payload pipeIn\", \"/OrderpipeOut\"]}",
    "null" : false
  },
  "output_structure_json" : {
    "type" : "jsonb",
    "value" : "{\"maps\": [{\"/StoreURL\": [{\"type\": \"setValue\", \"order\": 1, \"target\": {\"path\": \"/StoreURL\", \"order\": 1, \"title\": \"StoreURL\", \"dataElementType\": \"string\"}, \"values\": [{\"id\": \"009098a3-b40b-49bb-b818-e3207f2f4c3e\", \"key\": \"/StoreURL\", \"type\": \"node\", \"order\": 1, \"title\": \"StoreURL\", \"children\": [], \"setValue\": null, \"editAllow\": true, \"uiElement\": \"https://admin.shopify.com/store/maverick-widgets/orders/\", \"isSetValue\": false, \"dataElementType\": \"string\", \"componentConfigId\": \"15b88b66-7001-4ff9-b15a-9c36b0b6dd14\", \"componentConfigName\": \"Map\"}], \"mapCondition\": {\"isConditionSet\": false, \"sourceTreeIndex\": [], \"targetTreeIndex\": [], \"mapConditionFormValue\": {}}, \"dataElementType\": \"string\", \"variableSubstitution\": false, \"overwritePipelineValue\": false}]}, {\"/Order\": [{\"type\": \"map\", \"source\": {\"path\": \"/RabbitMQConsumeOutput/message/payload\", \"title\": \"payload\", \"dataElementType\": \"string\"}, \"target\": {\"path\": \"/Order\", \"order\": 1, \"title\": \"Order\", \"dataElementType\": \"document\"}, \"extractJson\": true, \"mapCondition\": {\"isConditionSet\": false, \"sourceTreeIndex\": [], \"targetTreeIndex\": [], \"mapConditionFormValue\": {}}}]}], \"tracks\": {}, \"transformer\": []}",
    "null" : false
  },
  "endpoint_structure_json" : {
    "type" : "jsonb",
    "value" : "{\"maps\": []}",
    "null" : false
  },
  "is_error" : false,
  "no_of_errors" : 0,
  "action_input_type" : null,
  "config_service_id" : null,
  "config_imap_id" : null,
  "config_b2b_document_type_id" : null,
  "config_document_id" : null,
  "add_variables" : {
    "type" : "jsonb",
    "value" : "[{\"id\": \"12b6a3d2-eb62-4f14-8334-5d046800b4af\", \"key\": \"/StoreURL\", \"type\": \"node\", \"order\": 1, \"title\": \"StoreURL\", \"value\": {\"type\": \"string\"}, \"children\": [], \"editAllow\": true, \"componentName\": \"Parse payload\", \"dataElementType\": \"string\", \"componentConfigId\": \"15b88b66-7001-4ff9-b15a-9c36b0b6dd14\", \"componentConfigName\": \"Map\"}, {\"id\": \"e5c65275-3b27-481a-a97e-80beae54f4b1\", \"key\": \"/Order\", \"type\": \"node\", \"order\": 1, \"title\": \"Order\", \"value\": {}, \"children\": [{\"id\": \"bb886545-bf99-47f9-9440-ae09b4faf370\", \"key\": \"/Order/firstName\", \"type\": \"node\", \"order\": 1, \"title\": \"firstName\", \"value\": {\"type\": \"string\"}, \"isLeaf\": true, \"editAllow\": true, \"extractXml\": false, \"childrenSet\": false, \"extractJson\": true, \"hasChildren\": false, \"dataElementType\": \"string\", \"componentConfigId\": \"15b88b66-7001-4ff9-b15a-9c36b0b6dd14\", \"encryption_required\": false}, {\"id\": \"41664e62-d946-4924-b4e5-10257da42a37\", \"key\": \"/Order/lastName\", \"type\": \"node\", \"order\": 2, \"title\": \"lastName\", \"value\": {\"type\": \"string\"}, \"isLeaf\": true, \"editAllow\": true, \"extractXml\": false, \"childrenSet\": false, \"extractJson\": true, \"hasChildren\": false, \"dataElementType\": \"string\", \"componentConfigId\": \"15b88b66-7001-4ff9-b15a-9c36b0b6dd14\", \"encryption_required\": false}, {\"id\": \"a591535c-f1cf-4aad-b8ed-44ebdf2ff3d5\", \"key\": \"/Order/products[]\", \"type\": \"node\", \"order\": 3, \"title\": \"products\", \"value\": {\"type\": \"array\"}, \"isLeaf\": false, \"children\": [{\"id\": \"ff5e2b68-23bb-4cbb-af52-ea6ae7cb63d1\", \"key\": \"/Order/products[]/description\", \"type\": \"node\", \"order\": 4, \"title\": \"description\", \"value\": {\"type\": \"string\"}, \"isLeaf\": true, \"editAllow\": true, \"extractXml\": false, \"childrenSet\": false, \"extractJson\": true, \"hasChildren\": false, \"dataElementType\": \"string\", \"componentConfigId\": \"15b88b66-7001-4ff9-b15a-9c36b0b6dd14\", \"encryption_required\": false}], \"editAllow\": true, \"extractXml\": false, \"childrenSet\": false, \"extractJson\": true, \"hasChildren\": false, \"dataElementType\": \"documentArray\", \"componentConfigId\": \"15b88b66-7001-4ff9-b15a-9c36b0b6dd14\", \"encryption_required\": false}, {\"id\": \"18dee54e-3a2e-41ff-8827-505e9ce66f97\", \"key\": \"/Order/address\", \"type\": \"node\", \"order\": 5, \"title\": \"address\", \"value\": {\"type\": \"object\"}, \"isLeaf\": false, \"children\": [{\"id\": \"98974e38-d209-429e-b2c1-ec30f146eaed\", \"key\": \"/Order/address/address1\", \"type\": \"node\", \"order\": 6, \"title\": \"address1\", \"value\": {\"type\": \"string\"}, \"isLeaf\": true, \"editAllow\": true, \"extractXml\": false, \"childrenSet\": false, \"extractJson\": true, \"hasChildren\": false, \"dataElementType\": \"string\", \"componentConfigId\": \"15b88b66-7001-4ff9-b15a-9c36b0b6dd14\", \"encryption_required\": false}, {\"id\": \"e0b6dc40-f4c6-4f9c-959e-5a0aa484d9ec\", \"key\": \"/Order/address/address2\", \"type\": \"node\", \"order\": 7, \"title\": \"address2\", \"value\": {\"type\": \"string\"}, \"isLeaf\": true, \"editAllow\": true, \"extractXml\": false, \"childrenSet\": false, \"extractJson\": true, \"hasChildren\": false, \"dataElementType\": \"string\", \"componentConfigId\": \"15b88b66-7001-4ff9-b15a-9c36b0b6dd14\", \"encryption_required\": false}, {\"id\": \"7e8d259a-9c61-4447-8419-c7046622a685\", \"key\": \"/Order/address/city\", \"type\": \"node\", \"order\": 8, \"title\": \"city\", \"value\": {\"type\": \"string\"}, \"isLeaf\": true, \"editAllow\": true, \"extractXml\": false, \"childrenSet\": false, \"extractJson\": true, \"hasChildren\": false, \"dataElementType\": \"string\", \"componentConfigId\": \"15b88b66-7001-4ff9-b15a-9c36b0b6dd14\", \"encryption_required\": false}, {\"id\": \"3b054c73-d522-4665-bfb6-a6bad5528391\", \"key\": \"/Order/address/province\", \"type\": \"node\", \"order\": 9, \"title\": \"province\", \"value\": {\"type\": \"string\"}, \"isLeaf\": true, \"editAllow\": true, \"extractXml\": false, \"childrenSet\": false, \"extractJson\": true, \"hasChildren\": false, \"dataElementType\": \"string\", \"componentConfigId\": \"15b88b66-7001-4ff9-b15a-9c36b0b6dd14\", \"encryption_required\": false}, {\"id\": \"581c1215-c75f-42e4-9955-8af8996d1b36\", \"key\": \"/Order/address/zip\", \"type\": \"node\", \"order\": 10, \"title\": \"zip\", \"value\": {\"type\": \"string\"}, \"isLeaf\": true, \"editAllow\": true, \"extractXml\": false, \"childrenSet\": false, \"extractJson\": true, \"hasChildren\": false, \"dataElementType\": \"string\", \"componentConfigId\": \"15b88b66-7001-4ff9-b15a-9c36b0b6dd14\", \"encryption_required\": false}], \"editAllow\": true, \"extractXml\": false, \"childrenSet\": false, \"extractJson\": true, \"hasChildren\": false, \"dataElementType\": \"document\", \"componentConfigId\": \"15b88b66-7001-4ff9-b15a-9c36b0b6dd14\", \"encryption_required\": false}, {\"id\": \"82e69ce5-cd06-4c75-aeb3-cfca09aaf711\", \"key\": \"/Order/email\", \"type\": \"node\", \"order\": 11, \"title\": \"email\", \"value\": {\"type\": \"string\"}, \"isLeaf\": true, \"editAllow\": true, \"extractXml\": false, \"childrenSet\": false, \"extractJson\": true, \"hasChildren\": false, \"dataElementType\": \"string\", \"componentConfigId\": \"15b88b66-7001-4ff9-b15a-9c36b0b6dd14\", \"encryption_required\": false}, {\"id\": \"c0a1f18a-a2df-4e6d-b6e2-4ccc38a2a288\", \"key\": \"/Order/orderId\", \"type\": \"node\", \"order\": 12, \"title\": \"orderId\", \"value\": {\"type\": \"string\"}, \"isLeaf\": true, \"editAllow\": true, \"extractXml\": false, \"childrenSet\": false, \"extractJson\": true, \"hasChildren\": false, \"dataElementType\": \"string\", \"componentConfigId\": \"15b88b66-7001-4ff9-b15a-9c36b0b6dd14\", \"encryption_required\": false}], \"editAllow\": true, \"extractXml\": false, \"extractJson\": true, \"componentName\": \"Parse payload\", \"dataElementType\": \"document\", \"componentConfigId\": \"15b88b66-7001-4ff9-b15a-9c36b0b6dd14\", \"componentConfigName\": \"Map\"}]",
    "null" : false
  },
  "drop_variables" : {
    "type" : "jsonb",
    "value" : "[]",
    "null" : false
  },
  "plug_input_structure" : null,
  "plug_output_structure" : null,
  "config_plug_id" : null,
  "override_plug" : false,
  "config_java_service_id" : null,
  "service_tag" : "EMPTY",
  "endpoint_tag" : null,
  "config_service_tag" : "",
  "config_imap_tag" : "",
  "config_b2b_document_type_tag" : "",
  "active" : true,
  "parent_component_config_service_tag" : "EMPTY",
  "service_project_id" : "5fb86ce7-81de-404e-8114-39e7995ed487",
  "service_project_tag" : "EMPTY",
  "config_service_project_id" : null,
  "config_service_project_tag" : "",
  "config_imap_project_id" : null,
  "config_imap_project_tag" : "",
  "config_b2b_document_type_project_id" : null,
  "config_b2b_document_type_project_tag" : "",
  "endpoint_project_id" : null,
  "endpoint_project_tag" : null,
  "config_plug_tag" : null,
  "config_plug_project_id" : null,
  "config_plug_project_tag" : null,
  "config_java_service_tag" : "",
  "config_java_service_project_id" : null,
  "config_java_service_project_tag" : "",
  "disabled" : false,
  "config" : null,
  "config_b2b_document_type_project_mode_id" : "112c1cb8-4b9e-4d1a-a042-0bd031dc7d05",
  "config_imap_project_mode_id" : "112c1cb8-4b9e-4d1a-a042-0bd031dc7d05",
  "config_java_service_project_mode_id" : "112c1cb8-4b9e-4d1a-a042-0bd031dc7d05",
  "config_plug_project_mode_id" : "112c1cb8-4b9e-4d1a-a042-0bd031dc7d05",
  "config_service_project_mode_id" : "112c1cb8-4b9e-4d1a-a042-0bd031dc7d05",
  "endpoint_project_mode_id" : "112c1cb8-4b9e-4d1a-a042-0bd031dc7d05",
  "service_project_mode_id" : "112c1cb8-4b9e-4d1a-a042-0bd031dc7d05",
  "parent_component_config_service_project_mode_id" : "112c1cb8-4b9e-4d1a-a042-0bd031dc7d05",
  "is_audit" : true,
  "keys_with_order" : null
}