{
  "component_config_id" : "a2829491-5507-4db0-a1c2-e73b2121dff9",
  "endpoint_config_json" : {
    "type" : "jsonb",
    "value" : "{\"crossRef\": [], \"services\": [], \"multistep\": [], \"operations\": []}",
    "null" : false
  },
  "input_config_json" : {
    "type" : "jsonb",
    "value" : "{\"crossRef\": [], \"services\": [], \"multistep\": [], \"operations\": [{\"map\": {\"id\": \"f03eacb2-4b87-441d-8f41-2c3fdc44588a\", \"root\": false, \"type\": \"map\", \"cached\": false, \"source\": \"/Order\", \"target\": \"/RabbitMQPublishInput/message/payload\", \"mapNull\": false, \"disabled\": false, \"extractXml\": false, \"extractJson\": false, \"targetOrder\": 6.0, \"mapEmptyString\": false, \"targetJavaType\": \"java.lang.String\"}}, {\"map\": {\"id\": \"a59b5d74-d02d-4c3f-9f8f-5afc28fcc976\", \"root\": false, \"type\": \"setValue\", \"cached\": false, \"target\": \"/RabbitMQPublishInput/exchange\", \"mapNull\": false, \"disabled\": false, \"extractXml\": false, \"extractJson\": false, \"targetOrder\": 2.0, \"targetValue\": \"mav.orders\", \"mapEmptyString\": false, \"targetJavaType\": \"java.lang.String\", \"variableSubstitution\": false}}, {\"map\": {\"id\": \"87b74079-8d5c-4451-990c-fa5685b89cad\", \"root\": false, \"type\": \"setValue\", \"cached\": false, \"target\": \"/RabbitMQPublishInput/routingKey\", \"mapNull\": false, \"disabled\": false, \"extractXml\": false, \"extractJson\": false, \"targetOrder\": 3.0, \"targetValue\": \"mav.orders.key\", \"mapEmptyString\": false, \"targetJavaType\": \"java.lang.String\", \"variableSubstitution\": false}}]}",
    "null" : false
  },
  "output_config_json" : {
    "type" : "jsonb",
    "value" : "{\"crossRef\": [], \"services\": [], \"multistep\": [], \"operations\": [{\"map\": {\"id\": \"74b7d8d9-9233-4f1d-8784-30c57b443af5\", \"root\": true, \"type\": \"map\", \"cached\": false, \"source\": \"/RabbitMQPublishOutput\", \"target\": \"/RabbitMQPublishOutput\", \"mapNull\": false, \"disabled\": false, \"extractXml\": false, \"extractJson\": false, \"mapEmptyString\": false}}]}",
    "null" : false
  },
  "component_id" : "c6c3ef67-4aae-4877-83b5-b6d56e24f25a",
  "service_id" : "da756261-7ec8-4360-9a19-4723ca41e6c9",
  "endpoint_id" : "c1e63a76-51e8-48d0-aaec-3252971afd8b",
  "parent_component_config_id" : null,
  "component_config_order" : 4.0,
  "action_id" : "7b37f6c8-e9bf-46f0-9d74-2c1cccffaf7b",
  "name" : "Publish Order",
  "description" : "",
  "override_endpoint" : false,
  "input_structure_json" : {
    "type" : "jsonb",
    "value" : "{\"maps\": [{\"/RabbitMQPublishInput/exchange\": [{\"type\": \"setValue\", \"target\": {\"path\": \"/RabbitMQPublishInput/exchange\", \"order\": 2, \"title\": \"exchange\", \"dataElementType\": \"string\"}, \"values\": [{\"id\": \"b4788be1-3e92-4d0e-9384-ac8590a56868\", \"key\": \"/RabbitMQPublishInput/exchange\", \"type\": \"string\", \"order\": 2, \"title\": \"exchange\", \"isLeaf\": true, \"setValue\": null, \"uiElement\": \"mav.orders\", \"isSetValue\": false, \"childrenSet\": false, \"hasChildren\": false, \"dataElementType\": \"string\", \"allRequiredNodes\": [\"/RabbitMQPublishInput/exchange\"], \"encryption_required\": false}], \"mapCondition\": {\"isConditionSet\": false, \"sourceTreeIndex\": [], \"targetTreeIndex\": [], \"mapConditionFormValue\": {}}, \"variableSubstitution\": false, \"overwritePipelineValue\": false}]}, {\"/RabbitMQPublishInput/routingKey\": [{\"type\": \"setValue\", \"target\": {\"path\": \"/RabbitMQPublishInput/routingKey\", \"order\": 3, \"title\": \"routingKey\", \"dataElementType\": \"string\"}, \"values\": [{\"id\": \"5941400f-b6a8-4e44-8cf7-d392202b3854\", \"key\": \"/RabbitMQPublishInput/routingKey\", \"type\": \"string\", \"order\": 3, \"title\": \"routingKey\", \"isLeaf\": true, \"setValue\": null, \"uiElement\": \"mav.orders.key\", \"isSetValue\": false, \"childrenSet\": false, \"hasChildren\": false, \"dataElementType\": \"string\", \"allRequiredNodes\": [\"/RabbitMQPublishInput/routingKey\"], \"encryption_required\": false}], \"mapCondition\": {\"isConditionSet\": false, \"sourceTreeIndex\": [], \"targetTreeIndex\": [], \"mapConditionFormValue\": {}}, \"variableSubstitution\": false, \"overwritePipelineValue\": false}]}, {\"/RabbitMQPublishInput/message/payload\": [{\"type\": \"map\", \"source\": {\"path\": \"/Order\", \"title\": \"Order\", \"dataElementType\": \"document\"}, \"target\": {\"path\": \"/RabbitMQPublishInput/message/payload\", \"order\": 6, \"title\": \"payload\", \"dataElementType\": \"string\"}, \"mapCondition\": {\"isConditionSet\": false, \"sourceTreeIndex\": [], \"targetTreeIndex\": [], \"mapConditionFormValue\": {}}}]}], \"mappedNodes\": [\"/RabbitMQPublishOutput\", \"/RabbitMQPublishOutputpipeOut\", \"/RabbitMQPublishInput/exchange actionIn\", \"/RabbitMQPublishInput/routingKey actionIn\", \"/RabbitMQPublishInput/exchange actionIn\", \"/RabbitMQPublishInput/routingKey actionIn\", \"/RabbitMQPublishInput/exchange actionIn\", \"/RabbitMQPublishInput/routingKey actionIn\", \"/Order pipeIn\", \"/RabbitMQPublishInput/message/payload actionIn\"]}",
    "null" : false
  },
  "output_structure_json" : {
    "type" : "jsonb",
    "value" : "{\"maps\": [{\"/RabbitMQPublishOutput\": [{\"type\": \"map\", \"source\": {\"path\": \"/RabbitMQPublishOutput\", \"title\": \"RabbitMQPublishOutput\", \"dataElementType\": \"document\"}, \"target\": {\"path\": \"/RabbitMQPublishOutput\", \"alias\": null, \"order\": null, \"title\": \"RabbitMQPublishOutput\", \"dataElementType\": \"document\"}, \"mapCondition\": {\"mapNull\": null, \"defaultValue\": null, \"isConditionSet\": false, \"mapEmptyString\": null, \"sourceTreeIndex\": [], \"targetTreeIndex\": [], \"mapConditionFormValue\": {\"fields\": null}}}]}], \"tracks\": {}, \"transformer\": []}",
    "null" : false
  },
  "endpoint_structure_json" : {
    "type" : "jsonb",
    "value" : "{\"maps\": []}",
    "null" : false
  },
  "is_error" : false,
  "no_of_errors" : 0,
  "action_input_type" : null,
  "config_service_id" : null,
  "config_imap_id" : null,
  "config_b2b_document_type_id" : null,
  "config_document_id" : null,
  "add_variables" : {
    "type" : "jsonb",
    "value" : "[]",
    "null" : false
  },
  "drop_variables" : {
    "type" : "jsonb",
    "value" : "[]",
    "null" : false
  },
  "plug_input_structure" : null,
  "plug_output_structure" : null,
  "config_plug_id" : null,
  "override_plug" : false,
  "config_java_service_id" : null,
  "service_tag" : "EMPTY",
  "endpoint_tag" : "EMPTY",
  "config_service_tag" : "",
  "config_imap_tag" : "",
  "config_b2b_document_type_tag" : "",
  "active" : true,
  "parent_component_config_service_tag" : "EMPTY",
  "service_project_id" : "5fb86ce7-81de-404e-8114-39e7995ed487",
  "service_project_tag" : "EMPTY",
  "config_service_project_id" : null,
  "config_service_project_tag" : "",
  "config_imap_project_id" : null,
  "config_imap_project_tag" : "",
  "config_b2b_document_type_project_id" : null,
  "config_b2b_document_type_project_tag" : "",
  "endpoint_project_id" : "5fb86ce7-81de-404e-8114-39e7995ed487",
  "endpoint_project_tag" : "EMPTY",
  "config_plug_tag" : null,
  "config_plug_project_id" : null,
  "config_plug_project_tag" : null,
  "config_java_service_tag" : "",
  "config_java_service_project_id" : null,
  "config_java_service_project_tag" : "",
  "disabled" : false,
  "config" : null,
  "config_b2b_document_type_project_mode_id" : "112c1cb8-4b9e-4d1a-a042-0bd031dc7d05",
  "config_imap_project_mode_id" : "112c1cb8-4b9e-4d1a-a042-0bd031dc7d05",
  "config_java_service_project_mode_id" : "112c1cb8-4b9e-4d1a-a042-0bd031dc7d05",
  "config_plug_project_mode_id" : "112c1cb8-4b9e-4d1a-a042-0bd031dc7d05",
  "config_service_project_mode_id" : "112c1cb8-4b9e-4d1a-a042-0bd031dc7d05",
  "endpoint_project_mode_id" : "112c1cb8-4b9e-4d1a-a042-0bd031dc7d05",
  "service_project_mode_id" : "112c1cb8-4b9e-4d1a-a042-0bd031dc7d05",
  "parent_component_config_service_project_mode_id" : "112c1cb8-4b9e-4d1a-a042-0bd031dc7d05",
  "is_audit" : true,
  "keys_with_order" : null
}