{
  "component_config_id" : "0aa81858-f68b-4e48-bd30-fb25297c972d",
  "endpoint_config_json" : {
    "type" : "jsonb",
    "value" : "{\"crossRef\": [], \"services\": [], \"multistep\": [], \"operations\": []}",
    "null" : false
  },
  "input_config_json" : {
    "type" : "jsonb",
    "value" : "{\"crossRef\": [], \"services\": [], \"multistep\": [], \"operations\": [{\"map\": {\"id\": \"b05876b0-1f8c-4aae-8199-657da9ec78c0\", \"root\": false, \"type\": \"list\", \"cached\": false, \"source\": \"/Mavericks SFDC Get Contact by IDOutput/response/records[]/Email\", \"target\": \"/Mavericks Hubspot Create ContactInput/create/email\", \"mapNull\": false, \"disabled\": false, \"extractXml\": false, \"extractJson\": false, \"targetOrder\": 3.0, \"mapEmptyString\": false, \"sourceJavaType\": \"java.lang.String\", \"targetJavaType\": \"java.lang.String\"}}, {\"map\": {\"id\": \"b3c38bd2-d26a-4292-b8ba-e5f6e6252919\", \"root\": false, \"type\": \"list\", \"cached\": false, \"source\": \"/Mavericks SFDC Get Contact by IDOutput/response/records[]/FirstName\", \"target\": \"/Mavericks Hubspot Create ContactInput/create/firstname\", \"mapNull\": false, \"disabled\": false, \"extractXml\": false, \"extractJson\": false, \"targetOrder\": 4.0, \"mapEmptyString\": false, \"sourceJavaType\": \"java.lang.String\", \"targetJavaType\": \"java.lang.String\"}}, {\"map\": {\"id\": \"52729721-0917-49df-ad25-474f5e640c57\", \"root\": false, \"type\": \"list\", \"cached\": false, \"source\": \"/Mavericks SFDC Get Contact by IDOutput/response/records[]/LastName\", \"target\": \"/Mavericks Hubspot Create ContactInput/create/lastname\", \"mapNull\": false, \"disabled\": false, \"extractXml\": false, \"extractJson\": false, \"targetOrder\": 5.0, \"mapEmptyString\": false, \"sourceJavaType\": \"java.lang.String\", \"targetJavaType\": \"java.lang.String\"}}]}",
    "null" : false
  },
  "output_config_json" : {
    "type" : "jsonb",
    "value" : "{\"crossRef\": [], \"services\": [], \"multistep\": [], \"operations\": [{\"map\": {\"id\": \"dd27b67c-d27f-4bc0-9c91-9faea5fd2a70\", \"root\": true, \"type\": \"map\", \"cached\": false, \"source\": \"/Mavericks Hubspot Create ContactOutput\", \"target\": \"/Mavericks Hubspot Create ContactOutput\", \"mapNull\": false, \"disabled\": false, \"extractXml\": false, \"extractJson\": false, \"targetOrder\": 1.0, \"mapEmptyString\": false}}]}",
    "null" : false
  },
  "component_id" : "9bc27209-9930-43c7-8012-d3aca4b70226",
  "service_id" : "028a0ca8-b06d-4750-9508-053cd756475c",
  "endpoint_id" : "2cb2e480-ee80-49ea-b82c-aa6fc8c581a6",
  "parent_component_config_id" : "c7e4559f-df40-43a9-bf58-efcae3489ca6",
  "component_config_order" : 1.0,
  "action_id" : "cd07cc9c-885e-4a85-acf3-b3df1689587b",
  "name" : "Sync Hubspot Contact",
  "description" : "",
  "override_endpoint" : false,
  "input_structure_json" : {
    "type" : "jsonb",
    "value" : "{\"maps\": [{\"/Mavericks Hubspot Create ContactInput/create/email\": [{\"type\": \"list\", \"source\": {\"path\": \"/Mavericks SFDC Get Contact by IDOutput/response/records[]/Email\", \"title\": \"Email\", \"dataElementType\": \"string\"}, \"target\": {\"path\": \"/Mavericks Hubspot Create ContactInput/create/email\", \"order\": 3, \"title\": \"email\", \"dataElementType\": \"string\"}, \"mapCondition\": {\"isConditionSet\": false, \"sourceTreeIndex\": [{\"key\": 1, \"title\": \"Mavericks SFDC Get Contact by IDOutput\", \"isLeaf\": false, \"isArray\": false, \"children\": [{\"key\": 2, \"title\": \"response\", \"isLeaf\": false, \"isArray\": false, \"children\": [{\"key\": 3, \"title\": \"records\", \"isLeaf\": false, \"isArray\": true, \"children\": [{\"key\": 4, \"title\": \"Email\", \"isLeaf\": false, \"isArray\": false, \"parentKey\": 3}], \"parentKey\": 2, \"arrayIndex\": null}], \"parentKey\": 1}], \"parentKey\": 0}], \"targetTreeIndex\": [{\"key\": 1, \"title\": \"Mavericks Hubspot Create ContactInput\", \"isLeaf\": false, \"isArray\": false, \"children\": [{\"key\": 2, \"title\": \"create\", \"isLeaf\": false, \"isArray\": false, \"children\": [{\"key\": 3, \"title\": \"email\", \"isLeaf\": false, \"isArray\": false, \"parentKey\": 2}], \"parentKey\": 1}], \"parentKey\": 0}], \"mapConditionFormValue\": {}}}]}, {\"/Mavericks Hubspot Create ContactInput/create/firstname\": [{\"type\": \"list\", \"source\": {\"path\": \"/Mavericks SFDC Get Contact by IDOutput/response/records[]/FirstName\", \"title\": \"FirstName\", \"dataElementType\": \"string\"}, \"target\": {\"path\": \"/Mavericks Hubspot Create ContactInput/create/firstname\", \"order\": 4, \"title\": \"firstname\", \"dataElementType\": \"string\"}, \"mapCondition\": {\"isConditionSet\": false, \"sourceTreeIndex\": [{\"key\": 1, \"title\": \"Mavericks SFDC Get Contact by IDOutput\", \"isLeaf\": false, \"isArray\": false, \"children\": [{\"key\": 2, \"title\": \"response\", \"isLeaf\": false, \"isArray\": false, \"children\": [{\"key\": 3, \"title\": \"records\", \"isLeaf\": false, \"isArray\": true, \"children\": [{\"key\": 4, \"title\": \"FirstName\", \"isLeaf\": false, \"isArray\": false, \"parentKey\": 3}], \"parentKey\": 2, \"arrayIndex\": null}], \"parentKey\": 1}], \"parentKey\": 0}], \"targetTreeIndex\": [{\"key\": 1, \"title\": \"Mavericks Hubspot Create ContactInput\", \"isLeaf\": false, \"isArray\": false, \"children\": [{\"key\": 2, \"title\": \"create\", \"isLeaf\": false, \"isArray\": false, \"children\": [{\"key\": 3, \"title\": \"firstname\", \"isLeaf\": false, \"isArray\": false, \"parentKey\": 2}], \"parentKey\": 1}], \"parentKey\": 0}], \"mapConditionFormValue\": {}}}]}, {\"/Mavericks Hubspot Create ContactInput/create/lastname\": [{\"type\": \"list\", \"source\": {\"path\": \"/Mavericks SFDC Get Contact by IDOutput/response/records[]/LastName\", \"title\": \"LastName\", \"dataElementType\": \"string\"}, \"target\": {\"path\": \"/Mavericks Hubspot Create ContactInput/create/lastname\", \"order\": 5, \"title\": \"lastname\", \"dataElementType\": \"string\"}, \"mapCondition\": {\"isConditionSet\": false, \"sourceTreeIndex\": [{\"key\": 1, \"title\": \"Mavericks SFDC Get Contact by IDOutput\", \"isLeaf\": false, \"isArray\": false, \"children\": [{\"key\": 2, \"title\": \"response\", \"isLeaf\": false, \"isArray\": false, \"children\": [{\"key\": 3, \"title\": \"records\", \"isLeaf\": false, \"isArray\": true, \"children\": [{\"key\": 4, \"title\": \"LastName\", \"isLeaf\": false, \"isArray\": false, \"parentKey\": 3}], \"parentKey\": 2, \"arrayIndex\": null}], \"parentKey\": 1}], \"parentKey\": 0}], \"targetTreeIndex\": [{\"key\": 1, \"title\": \"Mavericks Hubspot Create ContactInput\", \"isLeaf\": false, \"isArray\": false, \"children\": [{\"key\": 2, \"title\": \"create\", \"isLeaf\": false, \"isArray\": false, \"children\": [{\"key\": 3, \"title\": \"lastname\", \"isLeaf\": false, \"isArray\": false, \"parentKey\": 2}], \"parentKey\": 1}], \"parentKey\": 0}], \"mapConditionFormValue\": {}}}]}], \"mappedNodes\": [\"/Mavericks Hubspot Create ContactOutputactionOut\", \"/Mavericks Hubspot Create ContactOutputpipeOut\", \"/Mavericks SFDC Get Contact by IDOutput/response/records[]/Email pipeIn\", \"/Mavericks Hubspot Create ContactInput/create/email actionIn\", \"/Mavericks SFDC Get Contact by IDOutput/response/records[]/FirstName pipeIn\", \"/Mavericks Hubspot Create ContactInput/create/firstname actionIn\", \"/Mavericks SFDC Get Contact by IDOutput/response/records[]/LastName pipeIn\", \"/Mavericks Hubspot Create ContactInput/create/lastname actionIn\"]}",
    "null" : false
  },
  "output_structure_json" : {
    "type" : "jsonb",
    "value" : "{\"maps\": [{\"/Mavericks Hubspot Create ContactOutput\": [{\"type\": \"map\", \"source\": {\"path\": \"/Mavericks Hubspot Create ContactOutput\", \"title\": \"Mavericks Hubspot Create ContactOutput\", \"dataElementType\": \"document\"}, \"target\": {\"path\": \"/Mavericks Hubspot Create ContactOutput\", \"order\": 1, \"title\": \"Mavericks Hubspot Create ContactOutput\", \"dataElementType\": \"document\"}, \"mapCondition\": {\"isConditionSet\": false, \"sourceTreeIndex\": [], \"targetTreeIndex\": [], \"mapConditionFormValue\": {}}}]}], \"tracks\": {}, \"transformer\": []}",
    "null" : false
  },
  "endpoint_structure_json" : {
    "type" : "jsonb",
    "value" : "{\"maps\": []}",
    "null" : false
  },
  "is_error" : false,
  "no_of_errors" : 0,
  "action_input_type" : null,
  "config_service_id" : null,
  "config_imap_id" : null,
  "config_b2b_document_type_id" : null,
  "config_document_id" : null,
  "add_variables" : {
    "type" : "jsonb",
    "value" : "[]",
    "null" : false
  },
  "drop_variables" : {
    "type" : "jsonb",
    "value" : "[]",
    "null" : false
  },
  "plug_input_structure" : null,
  "plug_output_structure" : null,
  "config_plug_id" : "cb7a0647-dc43-4f32-b25e-1044accdb7cc",
  "override_plug" : false,
  "config_java_service_id" : null,
  "service_tag" : "EMPTY",
  "endpoint_tag" : "EMPTY",
  "config_service_tag" : "",
  "config_imap_tag" : "",
  "config_b2b_document_type_tag" : "",
  "active" : true,
  "parent_component_config_service_tag" : "EMPTY",
  "service_project_id" : "5fb86ce7-81de-404e-8114-39e7995ed487",
  "service_project_tag" : "EMPTY",
  "config_service_project_id" : null,
  "config_service_project_tag" : "",
  "config_imap_project_id" : null,
  "config_imap_project_tag" : "",
  "config_b2b_document_type_project_id" : null,
  "config_b2b_document_type_project_tag" : "",
  "endpoint_project_id" : "5fb86ce7-81de-404e-8114-39e7995ed487",
  "endpoint_project_tag" : "EMPTY",
  "config_plug_tag" : "EMPTY",
  "config_plug_project_id" : "5fb86ce7-81de-404e-8114-39e7995ed487",
  "config_plug_project_tag" : "EMPTY",
  "config_java_service_tag" : "",
  "config_java_service_project_id" : null,
  "config_java_service_project_tag" : "",
  "disabled" : false,
  "config" : {
    "type" : "json",
    "value" : "{\"objectId\":null,\"version\":null,\"objectApiId\":null}",
    "null" : false
  },
  "config_b2b_document_type_project_mode_id" : "112c1cb8-4b9e-4d1a-a042-0bd031dc7d05",
  "config_imap_project_mode_id" : "112c1cb8-4b9e-4d1a-a042-0bd031dc7d05",
  "config_java_service_project_mode_id" : "112c1cb8-4b9e-4d1a-a042-0bd031dc7d05",
  "config_plug_project_mode_id" : "112c1cb8-4b9e-4d1a-a042-0bd031dc7d05",
  "config_service_project_mode_id" : "112c1cb8-4b9e-4d1a-a042-0bd031dc7d05",
  "endpoint_project_mode_id" : "112c1cb8-4b9e-4d1a-a042-0bd031dc7d05",
  "service_project_mode_id" : "112c1cb8-4b9e-4d1a-a042-0bd031dc7d05",
  "parent_component_config_service_project_mode_id" : "112c1cb8-4b9e-4d1a-a042-0bd031dc7d05",
  "is_audit" : true,
  "keys_with_order" : null
}